ISO-10303-21;
HEADER;
FILE_DESCRIPTION(('FreeCAD Model'),'2;1');
FILE_NAME('Open CASCADE Shape Model','2026-09-09T12:54:22',('Author'),(
    ''),'Open CASCADE STEP processor 7.8','FreeCAD','Unknown');
FILE_SCHEMA(('AUTOMOTIVE_DESIGN { 1 0 10303 214 1 1 1 1 }'));
ENDSEC;
DATA;
#1 = APPLICATION_PROTOCOL_DEFINITION('international standard',
  'automotive_design',2000,#2);
#2 = APPLICATION_CONTEXT(
  'core data for automotive mechanical design processes');
#3 = SHAPE_DEFINITION_REPRESENTATION(#4,#10);
#4 = PRODUCT_DEFINITION_SHAPE('','',#5);
#5 = PRODUCT_DEFINITION('design','',#6,#9);
#6 = PRODUCT_DEFINITION_FORMATION('','',#7);
#7 = PRODUCT('Battery grip body','Battery grip body','',(#8));
#8 = PRODUCT_CONTEXT('',#2,'mechanical');
#9 = PRODUCT_DEFINITION_CONTEXT('part definition',#2,'design');
#10 = ADVANCED_BREP_SHAPE_REPRESENTATION('',(#11,#15),#2771);
#11 = AXIS2_PLACEMENT_3D('',#12,#13,#14);
#12 = CARTESIAN_POINT('',(0.,0.,0.));
#13 = DIRECTION('',(0.,0.,1.));
#14 = DIRECTION('',(1.,0.,-0.));
#15 = MANIFOLD_SOLID_BREP('',#16);
#16 = CLOSED_SHELL('',(#17,#59,#90,#121,#154,#187,#218,#249,#273,#880,
    #905,#930,#1169,#1200,#1233,#1361,#1378,#1395,#1412,#1429,#1446,
    #1463,#1475,#1499,#1520,#1556,#1592,#1617,#1642,#1667,#1702,#1737,
    #1772,#1807,#1862,#1917,#1972,#2027,#2072,#2117,#2162,#2207,#2252,
    #2297,#2342,#2387,#2432,#2477,#2522,#2567,#2686,#2743,#2757));
#17 = ADVANCED_FACE('',(#18),#54,.T.);
#18 = FACE_BOUND('',#19,.T.);
#19 = EDGE_LOOP('',(#20,#31,#39,#48));
#20 = ORIENTED_EDGE('',*,*,#21,.F.);
#21 = EDGE_CURVE('',#22,#24,#26,.T.);
#22 = VERTEX_POINT('',#23);
#23 = CARTESIAN_POINT('',(-64.,-35.,-5.5));
#24 = VERTEX_POINT('',#25);
#25 = CARTESIAN_POINT('',(-60.,-39.,-5.5));
#26 = CIRCLE('',#27,4.);
#27 = AXIS2_PLACEMENT_3D('',#28,#29,#30);
#28 = CARTESIAN_POINT('',(-60.,-35.,-5.5));
#29 = DIRECTION('',(0.,0.,1.));
#30 = DIRECTION('',(1.,0.,-0.));
#31 = ORIENTED_EDGE('',*,*,#32,.F.);
#32 = EDGE_CURVE('',#33,#22,#35,.T.);
#33 = VERTEX_POINT('',#34);
#34 = CARTESIAN_POINT('',(-64.,-35.,-11.5));
#35 = LINE('',#36,#37);
#36 = CARTESIAN_POINT('',(-64.,-35.,-11.5));
#37 = VECTOR('',#38,1.);
#38 = DIRECTION('',(0.,0.,1.));
#39 = ORIENTED_EDGE('',*,*,#40,.T.);
#40 = EDGE_CURVE('',#33,#41,#43,.T.);
#41 = VERTEX_POINT('',#42);
#42 = CARTESIAN_POINT('',(-60.,-39.,-11.5));
#43 = CIRCLE('',#44,4.);
#44 = AXIS2_PLACEMENT_3D('',#45,#46,#47);
#45 = CARTESIAN_POINT('',(-60.,-35.,-11.5));
#46 = DIRECTION('',(0.,0.,1.));
#47 = DIRECTION('',(1.,0.,-0.));
#48 = ORIENTED_EDGE('',*,*,#49,.T.);
#49 = EDGE_CURVE('',#41,#24,#50,.T.);
#50 = LINE('',#51,#52);
#51 = CARTESIAN_POINT('',(-60.,-39.,-11.5));
#52 = VECTOR('',#53,1.);
#53 = DIRECTION('',(0.,0.,1.));
#54 = CYLINDRICAL_SURFACE('',#55,4.);
#55 = AXIS2_PLACEMENT_3D('',#56,#57,#58);
#56 = CARTESIAN_POINT('',(-60.,-35.,-11.5));
#57 = DIRECTION('',(0.,0.,1.));
#58 = DIRECTION('',(1.,0.,-0.));
#59 = ADVANCED_FACE('',(#60),#85,.F.);
#60 = FACE_BOUND('',#61,.F.);
#61 = EDGE_LOOP('',(#62,#70,#71,#79));
#62 = ORIENTED_EDGE('',*,*,#63,.F.);
#63 = EDGE_CURVE('',#41,#64,#66,.T.);
#64 = VERTEX_POINT('',#65);
#65 = CARTESIAN_POINT('',(60.,-39.,-11.5));
#66 = LINE('',#67,#68);
#67 = CARTESIAN_POINT('',(-60.,-39.,-11.5));
#68 = VECTOR('',#69,1.);
#69 = DIRECTION('',(1.,0.,-0.));
#70 = ORIENTED_EDGE('',*,*,#49,.T.);
#71 = ORIENTED_EDGE('',*,*,#72,.T.);
#72 = EDGE_CURVE('',#24,#73,#75,.T.);
#73 = VERTEX_POINT('',#74);
#74 = CARTESIAN_POINT('',(60.,-39.,-5.5));
#75 = LINE('',#76,#77);
#76 = CARTESIAN_POINT('',(-60.,-39.,-5.5));
#77 = VECTOR('',#78,1.);
#78 = DIRECTION('',(1.,0.,-0.));
#79 = ORIENTED_EDGE('',*,*,#80,.F.);
#80 = EDGE_CURVE('',#64,#73,#81,.T.);
#81 = LINE('',#82,#83);
#82 = CARTESIAN_POINT('',(60.,-39.,-11.5));
#83 = VECTOR('',#84,1.);
#84 = DIRECTION('',(0.,0.,1.));
#85 = PLANE('',#86);
#86 = AXIS2_PLACEMENT_3D('',#87,#88,#89);
#87 = CARTESIAN_POINT('',(-60.,-39.,-11.5));
#88 = DIRECTION('',(-0.,1.,0.));
#89 = DIRECTION('',(0.,0.,1.));
#90 = ADVANCED_FACE('',(#91),#116,.F.);
#91 = FACE_BOUND('',#92,.F.);
#92 = EDGE_LOOP('',(#93,#94,#102,#110));
#93 = ORIENTED_EDGE('',*,*,#32,.F.);
#94 = ORIENTED_EDGE('',*,*,#95,.T.);
#95 = EDGE_CURVE('',#33,#96,#98,.T.);
#96 = VERTEX_POINT('',#97);
#97 = CARTESIAN_POINT('',(-64.,35.,-11.5));
#98 = LINE('',#99,#100);
#99 = CARTESIAN_POINT('',(-64.,-35.,-11.5));
#100 = VECTOR('',#101,1.);
#101 = DIRECTION('',(-0.,1.,0.));
#102 = ORIENTED_EDGE('',*,*,#103,.T.);
#103 = EDGE_CURVE('',#96,#104,#106,.T.);
#104 = VERTEX_POINT('',#105);
#105 = CARTESIAN_POINT('',(-64.,35.,-5.5));
#106 = LINE('',#107,#108);
#107 = CARTESIAN_POINT('',(-64.,35.,-11.5));
#108 = VECTOR('',#109,1.);
#109 = DIRECTION('',(0.,0.,1.));
#110 = ORIENTED_EDGE('',*,*,#111,.F.);
#111 = EDGE_CURVE('',#22,#104,#112,.T.);
#112 = LINE('',#113,#114);
#113 = CARTESIAN_POINT('',(-64.,-35.,-5.5));
#114 = VECTOR('',#115,1.);
#115 = DIRECTION('',(-0.,1.,0.));
#116 = PLANE('',#117);
#117 = AXIS2_PLACEMENT_3D('',#118,#119,#120);
#118 = CARTESIAN_POINT('',(-64.,-35.,-11.5));
#119 = DIRECTION('',(1.,0.,-0.));
#120 = DIRECTION('',(0.,0.,1.));
#121 = ADVANCED_FACE('',(#122),#149,.T.);
#122 = FACE_BOUND('',#123,.T.);
#123 = EDGE_LOOP('',(#124,#133,#134,#143));
#124 = ORIENTED_EDGE('',*,*,#125,.F.);
#125 = EDGE_CURVE('',#73,#126,#128,.T.);
#126 = VERTEX_POINT('',#127);
#127 = CARTESIAN_POINT('',(64.,-35.,-5.5));
#128 = CIRCLE('',#129,4.);
#129 = AXIS2_PLACEMENT_3D('',#130,#131,#132);
#130 = CARTESIAN_POINT('',(60.,-35.,-5.5));
#131 = DIRECTION('',(0.,0.,1.));
#132 = DIRECTION('',(1.,0.,-0.));
#133 = ORIENTED_EDGE('',*,*,#80,.F.);
#134 = ORIENTED_EDGE('',*,*,#135,.T.);
#135 = EDGE_CURVE('',#64,#136,#138,.T.);
#136 = VERTEX_POINT('',#137);
#137 = CARTESIAN_POINT('',(64.,-35.,-11.5));
#138 = CIRCLE('',#139,4.);
#139 = AXIS2_PLACEMENT_3D('',#140,#141,#142);
#140 = CARTESIAN_POINT('',(60.,-35.,-11.5));
#141 = DIRECTION('',(0.,0.,1.));
#142 = DIRECTION('',(1.,0.,-0.));
#143 = ORIENTED_EDGE('',*,*,#144,.T.);
#144 = EDGE_CURVE('',#136,#126,#145,.T.);
#145 = LINE('',#146,#147);
#146 = CARTESIAN_POINT('',(64.,-35.,-11.5));
#147 = VECTOR('',#148,1.);
#148 = DIRECTION('',(0.,0.,1.));
#149 = CYLINDRICAL_SURFACE('',#150,4.);
#150 = AXIS2_PLACEMENT_3D('',#151,#152,#153);
#151 = CARTESIAN_POINT('',(60.,-35.,-11.5));
#152 = DIRECTION('',(0.,0.,1.));
#153 = DIRECTION('',(1.,0.,-0.));
#154 = ADVANCED_FACE('',(#155),#182,.T.);
#155 = FACE_BOUND('',#156,.T.);
#156 = EDGE_LOOP('',(#157,#166,#174,#181));
#157 = ORIENTED_EDGE('',*,*,#158,.F.);
#158 = EDGE_CURVE('',#159,#104,#161,.T.);
#159 = VERTEX_POINT('',#160);
#160 = CARTESIAN_POINT('',(-60.,39.,-5.5));
#161 = CIRCLE('',#162,4.);
#162 = AXIS2_PLACEMENT_3D('',#163,#164,#165);
#163 = CARTESIAN_POINT('',(-60.,35.,-5.5));
#164 = DIRECTION('',(0.,0.,1.));
#165 = DIRECTION('',(1.,0.,-0.));
#166 = ORIENTED_EDGE('',*,*,#167,.F.);
#167 = EDGE_CURVE('',#168,#159,#170,.T.);
#168 = VERTEX_POINT('',#169);
#169 = CARTESIAN_POINT('',(-60.,39.,-11.5));
#170 = LINE('',#171,#172);
#171 = CARTESIAN_POINT('',(-60.,39.,-11.5));
#172 = VECTOR('',#173,1.);
#173 = DIRECTION('',(0.,0.,1.));
#174 = ORIENTED_EDGE('',*,*,#175,.T.);
#175 = EDGE_CURVE('',#168,#96,#176,.T.);
#176 = CIRCLE('',#177,4.);
#177 = AXIS2_PLACEMENT_3D('',#178,#179,#180);
#178 = CARTESIAN_POINT('',(-60.,35.,-11.5));
#179 = DIRECTION('',(0.,0.,1.));
#180 = DIRECTION('',(1.,0.,-0.));
#181 = ORIENTED_EDGE('',*,*,#103,.T.);
#182 = CYLINDRICAL_SURFACE('',#183,4.);
#183 = AXIS2_PLACEMENT_3D('',#184,#185,#186);
#184 = CARTESIAN_POINT('',(-60.,35.,-11.5));
#185 = DIRECTION('',(0.,0.,1.));
#186 = DIRECTION('',(1.,0.,-0.));
#187 = ADVANCED_FACE('',(#188),#213,.T.);
#188 = FACE_BOUND('',#189,.T.);
#189 = EDGE_LOOP('',(#190,#198,#199,#207));
#190 = ORIENTED_EDGE('',*,*,#191,.F.);
#191 = EDGE_CURVE('',#168,#192,#194,.T.);
#192 = VERTEX_POINT('',#193);
#193 = CARTESIAN_POINT('',(60.,39.,-11.5));
#194 = LINE('',#195,#196);
#195 = CARTESIAN_POINT('',(-60.,39.,-11.5));
#196 = VECTOR('',#197,1.);
#197 = DIRECTION('',(1.,0.,-0.));
#198 = ORIENTED_EDGE('',*,*,#167,.T.);
#199 = ORIENTED_EDGE('',*,*,#200,.T.);
#200 = EDGE_CURVE('',#159,#201,#203,.T.);
#201 = VERTEX_POINT('',#202);
#202 = CARTESIAN_POINT('',(60.,39.,-5.5));
#203 = LINE('',#204,#205);
#204 = CARTESIAN_POINT('',(-60.,39.,-5.5));
#205 = VECTOR('',#206,1.);
#206 = DIRECTION('',(1.,0.,-0.));
#207 = ORIENTED_EDGE('',*,*,#208,.F.);
#208 = EDGE_CURVE('',#192,#201,#209,.T.);
#209 = LINE('',#210,#211);
#210 = CARTESIAN_POINT('',(60.,39.,-11.5));
#211 = VECTOR('',#212,1.);
#212 = DIRECTION('',(0.,0.,1.));
#213 = PLANE('',#214);
#214 = AXIS2_PLACEMENT_3D('',#215,#216,#217);
#215 = CARTESIAN_POINT('',(-60.,39.,-11.5));
#216 = DIRECTION('',(-0.,1.,0.));
#217 = DIRECTION('',(0.,0.,1.));
#218 = ADVANCED_FACE('',(#219),#244,.T.);
#219 = FACE_BOUND('',#220,.T.);
#220 = EDGE_LOOP('',(#221,#222,#230,#238));
#221 = ORIENTED_EDGE('',*,*,#144,.F.);
#222 = ORIENTED_EDGE('',*,*,#223,.T.);
#223 = EDGE_CURVE('',#136,#224,#226,.T.);
#224 = VERTEX_POINT('',#225);
#225 = CARTESIAN_POINT('',(64.,35.,-11.5));
#226 = LINE('',#227,#228);
#227 = CARTESIAN_POINT('',(64.,-35.,-11.5));
#228 = VECTOR('',#229,1.);
#229 = DIRECTION('',(-0.,1.,0.));
#230 = ORIENTED_EDGE('',*,*,#231,.T.);
#231 = EDGE_CURVE('',#224,#232,#234,.T.);
#232 = VERTEX_POINT('',#233);
#233 = CARTESIAN_POINT('',(64.,35.,-5.5));
#234 = LINE('',#235,#236);
#235 = CARTESIAN_POINT('',(64.,35.,-11.5));
#236 = VECTOR('',#237,1.);
#237 = DIRECTION('',(0.,0.,1.));
#238 = ORIENTED_EDGE('',*,*,#239,.F.);
#239 = EDGE_CURVE('',#126,#232,#240,.T.);
#240 = LINE('',#241,#242);
#241 = CARTESIAN_POINT('',(64.,-35.,-5.5));
#242 = VECTOR('',#243,1.);
#243 = DIRECTION('',(-0.,1.,0.));
#244 = PLANE('',#245);
#245 = AXIS2_PLACEMENT_3D('',#246,#247,#248);
#246 = CARTESIAN_POINT('',(64.,-35.,-11.5));
#247 = DIRECTION('',(1.,0.,-0.));
#248 = DIRECTION('',(0.,0.,1.));
#249 = ADVANCED_FACE('',(#250),#268,.T.);
#250 = FACE_BOUND('',#251,.T.);
#251 = EDGE_LOOP('',(#252,#259,#260,#267));
#252 = ORIENTED_EDGE('',*,*,#253,.F.);
#253 = EDGE_CURVE('',#232,#201,#254,.T.);
#254 = CIRCLE('',#255,4.);
#255 = AXIS2_PLACEMENT_3D('',#256,#257,#258);
#256 = CARTESIAN_POINT('',(60.,35.,-5.5));
#257 = DIRECTION('',(0.,0.,1.));
#258 = DIRECTION('',(1.,0.,-0.));
#259 = ORIENTED_EDGE('',*,*,#231,.F.);
#260 = ORIENTED_EDGE('',*,*,#261,.T.);
#261 = EDGE_CURVE('',#224,#192,#262,.T.);
#262 = CIRCLE('',#263,4.);
#263 = AXIS2_PLACEMENT_3D('',#264,#265,#266);
#264 = CARTESIAN_POINT('',(60.,35.,-11.5));
#265 = DIRECTION('',(0.,0.,1.));
#266 = DIRECTION('',(1.,0.,-0.));
#267 = ORIENTED_EDGE('',*,*,#208,.T.);
#268 = CYLINDRICAL_SURFACE('',#269,4.);
#269 = AXIS2_PLACEMENT_3D('',#270,#271,#272);
#270 = CARTESIAN_POINT('',(60.,35.,-11.5));
#271 = DIRECTION('',(0.,0.,1.));
#272 = DIRECTION('',(1.,0.,-0.));
#273 = ADVANCED_FACE('',(#274,#284,#295,#315,#335,#355,#375,#413,#451,
    #489,#527,#556,#585,#614,#643,#672,#701,#730,#759,#788,#817,#846),
  #875,.T.);
#274 = FACE_BOUND('',#275,.T.);
#275 = EDGE_LOOP('',(#276,#277,#278,#279,#280,#281,#282,#283));
#276 = ORIENTED_EDGE('',*,*,#21,.T.);
#277 = ORIENTED_EDGE('',*,*,#72,.T.);
#278 = ORIENTED_EDGE('',*,*,#125,.T.);
#279 = ORIENTED_EDGE('',*,*,#239,.T.);
#280 = ORIENTED_EDGE('',*,*,#253,.T.);
#281 = ORIENTED_EDGE('',*,*,#200,.F.);
#282 = ORIENTED_EDGE('',*,*,#158,.T.);
#283 = ORIENTED_EDGE('',*,*,#111,.F.);
#284 = FACE_BOUND('',#285,.T.);
#285 = EDGE_LOOP('',(#286));
#286 = ORIENTED_EDGE('',*,*,#287,.F.);
#287 = EDGE_CURVE('',#288,#288,#290,.T.);
#288 = VERTEX_POINT('',#289);
#289 = CARTESIAN_POINT('',(27.,-6.613092715396E-15,-5.5));
#290 = CIRCLE('',#291,27.);
#291 = AXIS2_PLACEMENT_3D('',#292,#293,#294);
#292 = CARTESIAN_POINT('',(0.,0.,-5.5));
#293 = DIRECTION('',(0.,0.,1.));
#294 = DIRECTION('',(1.,0.,-0.));
#295 = FACE_BOUND('',#296,.T.);
#296 = EDGE_LOOP('',(#297,#308));
#297 = ORIENTED_EDGE('',*,*,#298,.F.);
#298 = EDGE_CURVE('',#299,#301,#303,.T.);
#299 = VERTEX_POINT('',#300);
#300 = CARTESIAN_POINT('',(-46.75,-35.,-5.5));
#301 = VERTEX_POINT('',#302);
#302 = CARTESIAN_POINT('',(-53.25,-35.,-5.5));
#303 = CIRCLE('',#304,3.25);
#304 = AXIS2_PLACEMENT_3D('',#305,#306,#307);
#305 = CARTESIAN_POINT('',(-50.,-35.,-5.5));
#306 = DIRECTION('',(0.,0.,1.));
#307 = DIRECTION('',(1.,0.,-0.));
#308 = ORIENTED_EDGE('',*,*,#309,.F.);
#309 = EDGE_CURVE('',#301,#299,#310,.T.);
#310 = CIRCLE('',#311,3.25);
#311 = AXIS2_PLACEMENT_3D('',#312,#313,#314);
#312 = CARTESIAN_POINT('',(-50.,-35.,-5.5));
#313 = DIRECTION('',(0.,0.,1.));
#314 = DIRECTION('',(1.,0.,-0.));
#315 = FACE_BOUND('',#316,.T.);
#316 = EDGE_LOOP('',(#317,#328));
#317 = ORIENTED_EDGE('',*,*,#318,.F.);
#318 = EDGE_CURVE('',#319,#321,#323,.T.);
#319 = VERTEX_POINT('',#320);
#320 = CARTESIAN_POINT('',(53.25,-35.,-5.5));
#321 = VERTEX_POINT('',#322);
#322 = CARTESIAN_POINT('',(46.75,-35.,-5.5));
#323 = CIRCLE('',#324,3.25);
#324 = AXIS2_PLACEMENT_3D('',#325,#326,#327);
#325 = CARTESIAN_POINT('',(50.,-35.,-5.5));
#326 = DIRECTION('',(0.,0.,1.));
#327 = DIRECTION('',(1.,0.,-0.));
#328 = ORIENTED_EDGE('',*,*,#329,.F.);
#329 = EDGE_CURVE('',#321,#319,#330,.T.);
#330 = CIRCLE('',#331,3.25);
#331 = AXIS2_PLACEMENT_3D('',#332,#333,#334);
#332 = CARTESIAN_POINT('',(50.,-35.,-5.5));
#333 = DIRECTION('',(0.,0.,1.));
#334 = DIRECTION('',(1.,0.,-0.));
#335 = FACE_BOUND('',#336,.T.);
#336 = EDGE_LOOP('',(#337,#348));
#337 = ORIENTED_EDGE('',*,*,#338,.F.);
#338 = EDGE_CURVE('',#339,#341,#343,.T.);
#339 = VERTEX_POINT('',#340);
#340 = CARTESIAN_POINT('',(-53.25,35.,-5.5));
#341 = VERTEX_POINT('',#342);
#342 = CARTESIAN_POINT('',(-46.75,35.,-5.5));
#343 = CIRCLE('',#344,3.25);
#344 = AXIS2_PLACEMENT_3D('',#345,#346,#347);
#345 = CARTESIAN_POINT('',(-50.,35.,-5.5));
#346 = DIRECTION('',(0.,0.,1.));
#347 = DIRECTION('',(1.,0.,-0.));
#348 = ORIENTED_EDGE('',*,*,#349,.F.);
#349 = EDGE_CURVE('',#341,#339,#350,.T.);
#350 = CIRCLE('',#351,3.25);
#351 = AXIS2_PLACEMENT_3D('',#352,#353,#354);
#352 = CARTESIAN_POINT('',(-50.,35.,-5.5));
#353 = DIRECTION('',(0.,0.,1.));
#354 = DIRECTION('',(1.,0.,-0.));
#355 = FACE_BOUND('',#356,.T.);
#356 = EDGE_LOOP('',(#357,#368));
#357 = ORIENTED_EDGE('',*,*,#358,.F.);
#358 = EDGE_CURVE('',#359,#361,#363,.T.);
#359 = VERTEX_POINT('',#360);
#360 = CARTESIAN_POINT('',(46.75,35.,-5.5));
#361 = VERTEX_POINT('',#362);
#362 = CARTESIAN_POINT('',(53.25,35.,-5.5));
#363 = CIRCLE('',#364,3.25);
#364 = AXIS2_PLACEMENT_3D('',#365,#366,#367);
#365 = CARTESIAN_POINT('',(50.,35.,-5.5));
#366 = DIRECTION('',(0.,0.,1.));
#367 = DIRECTION('',(1.,0.,-0.));
#368 = ORIENTED_EDGE('',*,*,#369,.F.);
#369 = EDGE_CURVE('',#361,#359,#370,.T.);
#370 = CIRCLE('',#371,3.25);
#371 = AXIS2_PLACEMENT_3D('',#372,#373,#374);
#372 = CARTESIAN_POINT('',(50.,35.,-5.5));
#373 = DIRECTION('',(0.,0.,1.));
#374 = DIRECTION('',(1.,0.,-0.));
#375 = FACE_BOUND('',#376,.T.);
#376 = EDGE_LOOP('',(#377,#388,#397,#406));
#377 = ORIENTED_EDGE('',*,*,#378,.T.);
#378 = EDGE_CURVE('',#379,#381,#383,.T.);
#379 = VERTEX_POINT('',#380);
#380 = CARTESIAN_POINT('',(60.,-33.62522729151,-5.5));
#381 = VERTEX_POINT('',#382);
#382 = CARTESIAN_POINT('',(60.7,-35.,-5.5));
#383 = CIRCLE('',#384,1.7);
#384 = AXIS2_PLACEMENT_3D('',#385,#386,#387);
#385 = CARTESIAN_POINT('',(59.,-35.,-5.5));
#386 = DIRECTION('',(0.,0.,-1.));
#387 = DIRECTION('',(-1.,0.,-0.));
#388 = ORIENTED_EDGE('',*,*,#389,.T.);
#389 = EDGE_CURVE('',#381,#390,#392,.T.);
#390 = VERTEX_POINT('',#391);
#391 = CARTESIAN_POINT('',(60.,-36.37477270848,-5.5));
#392 = CIRCLE('',#393,1.7);
#393 = AXIS2_PLACEMENT_3D('',#394,#395,#396);
#394 = CARTESIAN_POINT('',(59.,-35.,-5.5));
#395 = DIRECTION('',(0.,0.,-1.));
#396 = DIRECTION('',(-1.,0.,-0.));
#397 = ORIENTED_EDGE('',*,*,#398,.T.);
#398 = EDGE_CURVE('',#390,#399,#401,.T.);
#399 = VERTEX_POINT('',#400);
#400 = CARTESIAN_POINT('',(57.3,-35.,-5.5));
#401 = CIRCLE('',#402,1.7);
#402 = AXIS2_PLACEMENT_3D('',#403,#404,#405);
#403 = CARTESIAN_POINT('',(59.,-35.,-5.5));
#404 = DIRECTION('',(0.,0.,-1.));
#405 = DIRECTION('',(-1.,0.,-0.));
#406 = ORIENTED_EDGE('',*,*,#407,.T.);
#407 = EDGE_CURVE('',#399,#379,#408,.T.);
#408 = CIRCLE('',#409,1.7);
#409 = AXIS2_PLACEMENT_3D('',#410,#411,#412);
#410 = CARTESIAN_POINT('',(59.,-35.,-5.5));
#411 = DIRECTION('',(0.,0.,-1.));
#412 = DIRECTION('',(-1.,0.,-0.));
#413 = FACE_BOUND('',#414,.T.);
#414 = EDGE_LOOP('',(#415,#426,#435,#444));
#415 = ORIENTED_EDGE('',*,*,#416,.T.);
#416 = EDGE_CURVE('',#417,#419,#421,.T.);
#417 = VERTEX_POINT('',#418);
#418 = CARTESIAN_POINT('',(-57.3,-35.,-5.5));
#419 = VERTEX_POINT('',#420);
#420 = CARTESIAN_POINT('',(-60.,-36.37477270848,-5.5));
#421 = CIRCLE('',#422,1.7);
#422 = AXIS2_PLACEMENT_3D('',#423,#424,#425);
#423 = CARTESIAN_POINT('',(-59.,-35.,-5.5));
#424 = DIRECTION('',(0.,0.,-1.));
#425 = DIRECTION('',(-1.,0.,-0.));
#426 = ORIENTED_EDGE('',*,*,#427,.T.);
#427 = EDGE_CURVE('',#419,#428,#430,.T.);
#428 = VERTEX_POINT('',#429);
#429 = CARTESIAN_POINT('',(-60.7,-35.,-5.5));
#430 = CIRCLE('',#431,1.7);
#431 = AXIS2_PLACEMENT_3D('',#432,#433,#434);
#432 = CARTESIAN_POINT('',(-59.,-35.,-5.5));
#433 = DIRECTION('',(0.,0.,-1.));
#434 = DIRECTION('',(-1.,0.,-0.));
#435 = ORIENTED_EDGE('',*,*,#436,.T.);
#436 = EDGE_CURVE('',#428,#437,#439,.T.);
#437 = VERTEX_POINT('',#438);
#438 = CARTESIAN_POINT('',(-60.,-33.62522729151,-5.5));
#439 = CIRCLE('',#440,1.7);
#440 = AXIS2_PLACEMENT_3D('',#441,#442,#443);
#441 = CARTESIAN_POINT('',(-59.,-35.,-5.5));
#442 = DIRECTION('',(0.,0.,-1.));
#443 = DIRECTION('',(-1.,0.,-0.));
#444 = ORIENTED_EDGE('',*,*,#445,.T.);
#445 = EDGE_CURVE('',#437,#417,#446,.T.);
#446 = CIRCLE('',#447,1.7);
#447 = AXIS2_PLACEMENT_3D('',#448,#449,#450);
#448 = CARTESIAN_POINT('',(-59.,-35.,-5.5));
#449 = DIRECTION('',(0.,0.,-1.));
#450 = DIRECTION('',(-1.,0.,-0.));
#451 = FACE_BOUND('',#452,.T.);
#452 = EDGE_LOOP('',(#453,#464,#473,#482));
#453 = ORIENTED_EDGE('',*,*,#454,.T.);
#454 = EDGE_CURVE('',#455,#457,#459,.T.);
#455 = VERTEX_POINT('',#456);
#456 = CARTESIAN_POINT('',(57.3,35.,-5.5));
#457 = VERTEX_POINT('',#458);
#458 = CARTESIAN_POINT('',(60.,36.374772708487,-5.5));
#459 = CIRCLE('',#460,1.7);
#460 = AXIS2_PLACEMENT_3D('',#461,#462,#463);
#461 = CARTESIAN_POINT('',(59.,35.,-5.5));
#462 = DIRECTION('',(0.,0.,-1.));
#463 = DIRECTION('',(-1.,0.,-0.));
#464 = ORIENTED_EDGE('',*,*,#465,.T.);
#465 = EDGE_CURVE('',#457,#466,#468,.T.);
#466 = VERTEX_POINT('',#467);
#467 = CARTESIAN_POINT('',(60.7,35.,-5.5));
#468 = CIRCLE('',#469,1.7);
#469 = AXIS2_PLACEMENT_3D('',#470,#471,#472);
#470 = CARTESIAN_POINT('',(59.,35.,-5.5));
#471 = DIRECTION('',(0.,0.,-1.));
#472 = DIRECTION('',(-1.,0.,-0.));
#473 = ORIENTED_EDGE('',*,*,#474,.T.);
#474 = EDGE_CURVE('',#466,#475,#477,.T.);
#475 = VERTEX_POINT('',#476);
#476 = CARTESIAN_POINT('',(60.,33.625227291513,-5.5));
#477 = CIRCLE('',#478,1.7);
#478 = AXIS2_PLACEMENT_3D('',#479,#480,#481);
#479 = CARTESIAN_POINT('',(59.,35.,-5.5));
#480 = DIRECTION('',(0.,0.,-1.));
#481 = DIRECTION('',(-1.,0.,-0.));
#482 = ORIENTED_EDGE('',*,*,#483,.T.);
#483 = EDGE_CURVE('',#475,#455,#484,.T.);
#484 = CIRCLE('',#485,1.7);
#485 = AXIS2_PLACEMENT_3D('',#486,#487,#488);
#486 = CARTESIAN_POINT('',(59.,35.,-5.5));
#487 = DIRECTION('',(0.,0.,-1.));
#488 = DIRECTION('',(-1.,0.,-0.));
#489 = FACE_BOUND('',#490,.T.);
#490 = EDGE_LOOP('',(#491,#502,#511,#520));
#491 = ORIENTED_EDGE('',*,*,#492,.T.);
#492 = EDGE_CURVE('',#493,#495,#497,.T.);
#493 = VERTEX_POINT('',#494);
#494 = CARTESIAN_POINT('',(-60.,33.625227291513,-5.5));
#495 = VERTEX_POINT('',#496);
#496 = CARTESIAN_POINT('',(-60.7,35.,-5.5));
#497 = CIRCLE('',#498,1.7);
#498 = AXIS2_PLACEMENT_3D('',#499,#500,#501);
#499 = CARTESIAN_POINT('',(-59.,35.,-5.5));
#500 = DIRECTION('',(0.,0.,-1.));
#501 = DIRECTION('',(-1.,0.,-0.));
#502 = ORIENTED_EDGE('',*,*,#503,.T.);
#503 = EDGE_CURVE('',#495,#504,#506,.T.);
#504 = VERTEX_POINT('',#505);
#505 = CARTESIAN_POINT('',(-60.,36.374772708487,-5.5));
#506 = CIRCLE('',#507,1.7);
#507 = AXIS2_PLACEMENT_3D('',#508,#509,#510);
#508 = CARTESIAN_POINT('',(-59.,35.,-5.5));
#509 = DIRECTION('',(0.,0.,-1.));
#510 = DIRECTION('',(-1.,0.,-0.));
#511 = ORIENTED_EDGE('',*,*,#512,.T.);
#512 = EDGE_CURVE('',#504,#513,#515,.T.);
#513 = VERTEX_POINT('',#514);
#514 = CARTESIAN_POINT('',(-57.3,35.,-5.5));
#515 = CIRCLE('',#516,1.7);
#516 = AXIS2_PLACEMENT_3D('',#517,#518,#519);
#517 = CARTESIAN_POINT('',(-59.,35.,-5.5));
#518 = DIRECTION('',(0.,0.,-1.));
#519 = DIRECTION('',(-1.,0.,-0.));
#520 = ORIENTED_EDGE('',*,*,#521,.T.);
#521 = EDGE_CURVE('',#513,#493,#522,.T.);
#522 = CIRCLE('',#523,1.7);
#523 = AXIS2_PLACEMENT_3D('',#524,#525,#526);
#524 = CARTESIAN_POINT('',(-59.,35.,-5.5));
#525 = DIRECTION('',(0.,0.,-1.));
#526 = DIRECTION('',(-1.,0.,-0.));
#527 = FACE_BOUND('',#528,.T.);
#528 = EDGE_LOOP('',(#529,#540,#549));
#529 = ORIENTED_EDGE('',*,*,#530,.T.);
#530 = EDGE_CURVE('',#531,#533,#535,.T.);
#531 = VERTEX_POINT('',#532);
#532 = CARTESIAN_POINT('',(57.3,5.,-5.5));
#533 = VERTEX_POINT('',#534);
#534 = CARTESIAN_POINT('',(60.,6.374772708487,-5.5));
#535 = CIRCLE('',#536,1.7);
#536 = AXIS2_PLACEMENT_3D('',#537,#538,#539);
#537 = CARTESIAN_POINT('',(59.,5.,-5.5));
#538 = DIRECTION('',(0.,0.,-1.));
#539 = DIRECTION('',(-1.,0.,-0.));
#540 = ORIENTED_EDGE('',*,*,#541,.T.);
#541 = EDGE_CURVE('',#533,#542,#544,.T.);
#542 = VERTEX_POINT('',#543);
#543 = CARTESIAN_POINT('',(60.,3.625227291513,-5.5));
#544 = CIRCLE('',#545,1.7);
#545 = AXIS2_PLACEMENT_3D('',#546,#547,#548);
#546 = CARTESIAN_POINT('',(59.,5.,-5.5));
#547 = DIRECTION('',(0.,0.,-1.));
#548 = DIRECTION('',(-1.,0.,-0.));
#549 = ORIENTED_EDGE('',*,*,#550,.T.);
#550 = EDGE_CURVE('',#542,#531,#551,.T.);
#551 = CIRCLE('',#552,1.7);
#552 = AXIS2_PLACEMENT_3D('',#553,#554,#555);
#553 = CARTESIAN_POINT('',(59.,5.,-5.5));
#554 = DIRECTION('',(0.,0.,-1.));
#555 = DIRECTION('',(-1.,0.,-0.));
#556 = FACE_BOUND('',#557,.T.);
#557 = EDGE_LOOP('',(#558,#569,#578));
#558 = ORIENTED_EDGE('',*,*,#559,.T.);
#559 = EDGE_CURVE('',#560,#562,#564,.T.);
#560 = VERTEX_POINT('',#561);
#561 = CARTESIAN_POINT('',(57.3,-5.,-5.5));
#562 = VERTEX_POINT('',#563);
#563 = CARTESIAN_POINT('',(60.,-3.625227291513,-5.5));
#564 = CIRCLE('',#565,1.7);
#565 = AXIS2_PLACEMENT_3D('',#566,#567,#568);
#566 = CARTESIAN_POINT('',(59.,-5.,-5.5));
#567 = DIRECTION('',(0.,0.,-1.));
#568 = DIRECTION('',(-1.,0.,-0.));
#569 = ORIENTED_EDGE('',*,*,#570,.T.);
#570 = EDGE_CURVE('',#562,#571,#573,.T.);
#571 = VERTEX_POINT('',#572);
#572 = CARTESIAN_POINT('',(60.,-6.374772708487,-5.5));
#573 = CIRCLE('',#574,1.7);
#574 = AXIS2_PLACEMENT_3D('',#575,#576,#577);
#575 = CARTESIAN_POINT('',(59.,-5.,-5.5));
#576 = DIRECTION('',(0.,0.,-1.));
#577 = DIRECTION('',(-1.,0.,-0.));
#578 = ORIENTED_EDGE('',*,*,#579,.T.);
#579 = EDGE_CURVE('',#571,#560,#580,.T.);
#580 = CIRCLE('',#581,1.7);
#581 = AXIS2_PLACEMENT_3D('',#582,#583,#584);
#582 = CARTESIAN_POINT('',(59.,-5.,-5.5));
#583 = DIRECTION('',(0.,0.,-1.));
#584 = DIRECTION('',(-1.,0.,-0.));
#585 = FACE_BOUND('',#586,.T.);
#586 = EDGE_LOOP('',(#587,#598,#607));
#587 = ORIENTED_EDGE('',*,*,#588,.T.);
#588 = EDGE_CURVE('',#589,#591,#593,.T.);
#589 = VERTEX_POINT('',#590);
#590 = CARTESIAN_POINT('',(-60.,6.374772708487,-5.5));
#591 = VERTEX_POINT('',#592);
#592 = CARTESIAN_POINT('',(-60.,3.625227291513,-5.5));
#593 = CIRCLE('',#594,1.7);
#594 = AXIS2_PLACEMENT_3D('',#595,#596,#597);
#595 = CARTESIAN_POINT('',(-59.,5.,-5.5));
#596 = DIRECTION('',(0.,0.,-1.));
#597 = DIRECTION('',(-1.,0.,-0.));
#598 = ORIENTED_EDGE('',*,*,#599,.T.);
#599 = EDGE_CURVE('',#591,#600,#602,.T.);
#600 = VERTEX_POINT('',#601);
#601 = CARTESIAN_POINT('',(-60.7,5.,-5.5));
#602 = CIRCLE('',#603,1.7);
#603 = AXIS2_PLACEMENT_3D('',#604,#605,#606);
#604 = CARTESIAN_POINT('',(-59.,5.,-5.5));
#605 = DIRECTION('',(0.,0.,-1.));
#606 = DIRECTION('',(-1.,0.,-0.));
#607 = ORIENTED_EDGE('',*,*,#608,.T.);
#608 = EDGE_CURVE('',#600,#589,#609,.T.);
#609 = CIRCLE('',#610,1.7);
#610 = AXIS2_PLACEMENT_3D('',#611,#612,#613);
#611 = CARTESIAN_POINT('',(-59.,5.,-5.5));
#612 = DIRECTION('',(0.,0.,-1.));
#613 = DIRECTION('',(-1.,0.,-0.));
#614 = FACE_BOUND('',#615,.T.);
#615 = EDGE_LOOP('',(#616,#627,#636));
#616 = ORIENTED_EDGE('',*,*,#617,.T.);
#617 = EDGE_CURVE('',#618,#620,#622,.T.);
#618 = VERTEX_POINT('',#619);
#619 = CARTESIAN_POINT('',(-60.,-3.625227291513,-5.5));
#620 = VERTEX_POINT('',#621);
#621 = CARTESIAN_POINT('',(-60.,-6.374772708487,-5.5));
#622 = CIRCLE('',#623,1.7);
#623 = AXIS2_PLACEMENT_3D('',#624,#625,#626);
#624 = CARTESIAN_POINT('',(-59.,-5.,-5.5));
#625 = DIRECTION('',(0.,0.,-1.));
#626 = DIRECTION('',(-1.,0.,-0.));
#627 = ORIENTED_EDGE('',*,*,#628,.T.);
#628 = EDGE_CURVE('',#620,#629,#631,.T.);
#629 = VERTEX_POINT('',#630);
#630 = CARTESIAN_POINT('',(-60.7,-5.,-5.5));
#631 = CIRCLE('',#632,1.7);
#632 = AXIS2_PLACEMENT_3D('',#633,#634,#635);
#633 = CARTESIAN_POINT('',(-59.,-5.,-5.5));
#634 = DIRECTION('',(0.,0.,-1.));
#635 = DIRECTION('',(-1.,0.,-0.));
#636 = ORIENTED_EDGE('',*,*,#637,.T.);
#637 = EDGE_CURVE('',#629,#618,#638,.T.);
#638 = CIRCLE('',#639,1.7);
#639 = AXIS2_PLACEMENT_3D('',#640,#641,#642);
#640 = CARTESIAN_POINT('',(-59.,-5.,-5.5));
#641 = DIRECTION('',(0.,0.,-1.));
#642 = DIRECTION('',(-1.,0.,-0.));
#643 = FACE_BOUND('',#644,.T.);
#644 = EDGE_LOOP('',(#645,#656,#665));
#645 = ORIENTED_EDGE('',*,*,#646,.T.);
#646 = EDGE_CURVE('',#647,#649,#651,.T.);
#647 = VERTEX_POINT('',#648);
#648 = CARTESIAN_POINT('',(57.3,25.,-5.5));
#649 = VERTEX_POINT('',#650);
#650 = CARTESIAN_POINT('',(60.,26.374772708487,-5.5));
#651 = CIRCLE('',#652,1.7);
#652 = AXIS2_PLACEMENT_3D('',#653,#654,#655);
#653 = CARTESIAN_POINT('',(59.,25.,-5.5));
#654 = DIRECTION('',(0.,0.,-1.));
#655 = DIRECTION('',(-1.,0.,-0.));
#656 = ORIENTED_EDGE('',*,*,#657,.T.);
#657 = EDGE_CURVE('',#649,#658,#660,.T.);
#658 = VERTEX_POINT('',#659);
#659 = CARTESIAN_POINT('',(60.,23.625227291513,-5.5));
#660 = CIRCLE('',#661,1.7);
#661 = AXIS2_PLACEMENT_3D('',#662,#663,#664);
#662 = CARTESIAN_POINT('',(59.,25.,-5.5));
#663 = DIRECTION('',(0.,0.,-1.));
#664 = DIRECTION('',(-1.,0.,-0.));
#665 = ORIENTED_EDGE('',*,*,#666,.T.);
#666 = EDGE_CURVE('',#658,#647,#667,.T.);
#667 = CIRCLE('',#668,1.7);
#668 = AXIS2_PLACEMENT_3D('',#669,#670,#671);
#669 = CARTESIAN_POINT('',(59.,25.,-5.5));
#670 = DIRECTION('',(0.,0.,-1.));
#671 = DIRECTION('',(-1.,0.,-0.));
#672 = FACE_BOUND('',#673,.T.);
#673 = EDGE_LOOP('',(#674,#685,#694));
#674 = ORIENTED_EDGE('',*,*,#675,.T.);
#675 = EDGE_CURVE('',#676,#678,#680,.T.);
#676 = VERTEX_POINT('',#677);
#677 = CARTESIAN_POINT('',(57.3,15.,-5.5));
#678 = VERTEX_POINT('',#679);
#679 = CARTESIAN_POINT('',(60.,16.374772708487,-5.5));
#680 = CIRCLE('',#681,1.7);
#681 = AXIS2_PLACEMENT_3D('',#682,#683,#684);
#682 = CARTESIAN_POINT('',(59.,15.,-5.5));
#683 = DIRECTION('',(0.,0.,-1.));
#684 = DIRECTION('',(-1.,0.,-0.));
#685 = ORIENTED_EDGE('',*,*,#686,.T.);
#686 = EDGE_CURVE('',#678,#687,#689,.T.);
#687 = VERTEX_POINT('',#688);
#688 = CARTESIAN_POINT('',(60.,13.625227291513,-5.5));
#689 = CIRCLE('',#690,1.7);
#690 = AXIS2_PLACEMENT_3D('',#691,#692,#693);
#691 = CARTESIAN_POINT('',(59.,15.,-5.5));
#692 = DIRECTION('',(0.,0.,-1.));
#693 = DIRECTION('',(-1.,0.,-0.));
#694 = ORIENTED_EDGE('',*,*,#695,.T.);
#695 = EDGE_CURVE('',#687,#676,#696,.T.);
#696 = CIRCLE('',#697,1.7);
#697 = AXIS2_PLACEMENT_3D('',#698,#699,#700);
#698 = CARTESIAN_POINT('',(59.,15.,-5.5));
#699 = DIRECTION('',(0.,0.,-1.));
#700 = DIRECTION('',(-1.,0.,-0.));
#701 = FACE_BOUND('',#702,.T.);
#702 = EDGE_LOOP('',(#703,#714,#723));
#703 = ORIENTED_EDGE('',*,*,#704,.T.);
#704 = EDGE_CURVE('',#705,#707,#709,.T.);
#705 = VERTEX_POINT('',#706);
#706 = CARTESIAN_POINT('',(57.3,-15.,-5.5));
#707 = VERTEX_POINT('',#708);
#708 = CARTESIAN_POINT('',(60.,-13.62522729151,-5.5));
#709 = CIRCLE('',#710,1.7);
#710 = AXIS2_PLACEMENT_3D('',#711,#712,#713);
#711 = CARTESIAN_POINT('',(59.,-15.,-5.5));
#712 = DIRECTION('',(0.,0.,-1.));
#713 = DIRECTION('',(-1.,0.,-0.));
#714 = ORIENTED_EDGE('',*,*,#715,.T.);
#715 = EDGE_CURVE('',#707,#716,#718,.T.);
#716 = VERTEX_POINT('',#717);
#717 = CARTESIAN_POINT('',(60.,-16.37477270848,-5.5));
#718 = CIRCLE('',#719,1.7);
#719 = AXIS2_PLACEMENT_3D('',#720,#721,#722);
#720 = CARTESIAN_POINT('',(59.,-15.,-5.5));
#721 = DIRECTION('',(0.,0.,-1.));
#722 = DIRECTION('',(-1.,0.,-0.));
#723 = ORIENTED_EDGE('',*,*,#724,.T.);
#724 = EDGE_CURVE('',#716,#705,#725,.T.);
#725 = CIRCLE('',#726,1.7);
#726 = AXIS2_PLACEMENT_3D('',#727,#728,#729);
#727 = CARTESIAN_POINT('',(59.,-15.,-5.5));
#728 = DIRECTION('',(0.,0.,-1.));
#729 = DIRECTION('',(-1.,0.,-0.));
#730 = FACE_BOUND('',#731,.T.);
#731 = EDGE_LOOP('',(#732,#743,#752));
#732 = ORIENTED_EDGE('',*,*,#733,.T.);
#733 = EDGE_CURVE('',#734,#736,#738,.T.);
#734 = VERTEX_POINT('',#735);
#735 = CARTESIAN_POINT('',(57.3,-25.,-5.5));
#736 = VERTEX_POINT('',#737);
#737 = CARTESIAN_POINT('',(60.,-23.62522729151,-5.5));
#738 = CIRCLE('',#739,1.7);
#739 = AXIS2_PLACEMENT_3D('',#740,#741,#742);
#740 = CARTESIAN_POINT('',(59.,-25.,-5.5));
#741 = DIRECTION('',(0.,0.,-1.));
#742 = DIRECTION('',(-1.,0.,-0.));
#743 = ORIENTED_EDGE('',*,*,#744,.T.);
#744 = EDGE_CURVE('',#736,#745,#747,.T.);
#745 = VERTEX_POINT('',#746);
#746 = CARTESIAN_POINT('',(60.,-26.37477270848,-5.5));
#747 = CIRCLE('',#748,1.7);
#748 = AXIS2_PLACEMENT_3D('',#749,#750,#751);
#749 = CARTESIAN_POINT('',(59.,-25.,-5.5));
#750 = DIRECTION('',(0.,0.,-1.));
#751 = DIRECTION('',(-1.,0.,-0.));
#752 = ORIENTED_EDGE('',*,*,#753,.T.);
#753 = EDGE_CURVE('',#745,#734,#754,.T.);
#754 = CIRCLE('',#755,1.7);
#755 = AXIS2_PLACEMENT_3D('',#756,#757,#758);
#756 = CARTESIAN_POINT('',(59.,-25.,-5.5));
#757 = DIRECTION('',(0.,0.,-1.));
#758 = DIRECTION('',(-1.,0.,-0.));
#759 = FACE_BOUND('',#760,.T.);
#760 = EDGE_LOOP('',(#761,#772,#781));
#761 = ORIENTED_EDGE('',*,*,#762,.T.);
#762 = EDGE_CURVE('',#763,#765,#767,.T.);
#763 = VERTEX_POINT('',#764);
#764 = CARTESIAN_POINT('',(-60.,26.374772708487,-5.5));
#765 = VERTEX_POINT('',#766);
#766 = CARTESIAN_POINT('',(-60.,23.625227291513,-5.5));
#767 = CIRCLE('',#768,1.7);
#768 = AXIS2_PLACEMENT_3D('',#769,#770,#771);
#769 = CARTESIAN_POINT('',(-59.,25.,-5.5));
#770 = DIRECTION('',(0.,0.,-1.));
#771 = DIRECTION('',(-1.,0.,-0.));
#772 = ORIENTED_EDGE('',*,*,#773,.T.);
#773 = EDGE_CURVE('',#765,#774,#776,.T.);
#774 = VERTEX_POINT('',#775);
#775 = CARTESIAN_POINT('',(-60.7,25.,-5.5));
#776 = CIRCLE('',#777,1.7);
#777 = AXIS2_PLACEMENT_3D('',#778,#779,#780);
#778 = CARTESIAN_POINT('',(-59.,25.,-5.5));
#779 = DIRECTION('',(0.,0.,-1.));
#780 = DIRECTION('',(-1.,0.,-0.));
#781 = ORIENTED_EDGE('',*,*,#782,.T.);
#782 = EDGE_CURVE('',#774,#763,#783,.T.);
#783 = CIRCLE('',#784,1.7);
#784 = AXIS2_PLACEMENT_3D('',#785,#786,#787);
#785 = CARTESIAN_POINT('',(-59.,25.,-5.5));
#786 = DIRECTION('',(0.,0.,-1.));
#787 = DIRECTION('',(-1.,0.,-0.));
#788 = FACE_BOUND('',#789,.T.);
#789 = EDGE_LOOP('',(#790,#801,#810));
#790 = ORIENTED_EDGE('',*,*,#791,.T.);
#791 = EDGE_CURVE('',#792,#794,#796,.T.);
#792 = VERTEX_POINT('',#793);
#793 = CARTESIAN_POINT('',(-60.,16.374772708487,-5.5));
#794 = VERTEX_POINT('',#795);
#795 = CARTESIAN_POINT('',(-60.,13.625227291513,-5.5));
#796 = CIRCLE('',#797,1.7);
#797 = AXIS2_PLACEMENT_3D('',#798,#799,#800);
#798 = CARTESIAN_POINT('',(-59.,15.,-5.5));
#799 = DIRECTION('',(0.,0.,-1.));
#800 = DIRECTION('',(-1.,0.,-0.));
#801 = ORIENTED_EDGE('',*,*,#802,.T.);
#802 = EDGE_CURVE('',#794,#803,#805,.T.);
#803 = VERTEX_POINT('',#804);
#804 = CARTESIAN_POINT('',(-60.7,15.,-5.5));
#805 = CIRCLE('',#806,1.7);
#806 = AXIS2_PLACEMENT_3D('',#807,#808,#809);
#807 = CARTESIAN_POINT('',(-59.,15.,-5.5));
#808 = DIRECTION('',(0.,0.,-1.));
#809 = DIRECTION('',(-1.,0.,-0.));
#810 = ORIENTED_EDGE('',*,*,#811,.T.);
#811 = EDGE_CURVE('',#803,#792,#812,.T.);
#812 = CIRCLE('',#813,1.7);
#813 = AXIS2_PLACEMENT_3D('',#814,#815,#816);
#814 = CARTESIAN_POINT('',(-59.,15.,-5.5));
#815 = DIRECTION('',(0.,0.,-1.));
#816 = DIRECTION('',(-1.,0.,-0.));
#817 = FACE_BOUND('',#818,.T.);
#818 = EDGE_LOOP('',(#819,#830,#839));
#819 = ORIENTED_EDGE('',*,*,#820,.T.);
#820 = EDGE_CURVE('',#821,#823,#825,.T.);
#821 = VERTEX_POINT('',#822);
#822 = CARTESIAN_POINT('',(-60.,-13.62522729151,-5.5));
#823 = VERTEX_POINT('',#824);
#824 = CARTESIAN_POINT('',(-60.,-16.37477270848,-5.5));
#825 = CIRCLE('',#826,1.7);
#826 = AXIS2_PLACEMENT_3D('',#827,#828,#829);
#827 = CARTESIAN_POINT('',(-59.,-15.,-5.5));
#828 = DIRECTION('',(0.,0.,-1.));
#829 = DIRECTION('',(-1.,0.,-0.));
#830 = ORIENTED_EDGE('',*,*,#831,.T.);
#831 = EDGE_CURVE('',#823,#832,#834,.T.);
#832 = VERTEX_POINT('',#833);
#833 = CARTESIAN_POINT('',(-60.7,-15.,-5.5));
#834 = CIRCLE('',#835,1.7);
#835 = AXIS2_PLACEMENT_3D('',#836,#837,#838);
#836 = CARTESIAN_POINT('',(-59.,-15.,-5.5));
#837 = DIRECTION('',(0.,0.,-1.));
#838 = DIRECTION('',(-1.,0.,-0.));
#839 = ORIENTED_EDGE('',*,*,#840,.T.);
#840 = EDGE_CURVE('',#832,#821,#841,.T.);
#841 = CIRCLE('',#842,1.7);
#842 = AXIS2_PLACEMENT_3D('',#843,#844,#845);
#843 = CARTESIAN_POINT('',(-59.,-15.,-5.5));
#844 = DIRECTION('',(0.,0.,-1.));
#845 = DIRECTION('',(-1.,0.,-0.));
#846 = FACE_BOUND('',#847,.T.);
#847 = EDGE_LOOP('',(#848,#859,#868));
#848 = ORIENTED_EDGE('',*,*,#849,.T.);
#849 = EDGE_CURVE('',#850,#852,#854,.T.);
#850 = VERTEX_POINT('',#851);
#851 = CARTESIAN_POINT('',(-60.,-23.62522729151,-5.5));
#852 = VERTEX_POINT('',#853);
#853 = CARTESIAN_POINT('',(-60.,-26.37477270848,-5.5));
#854 = CIRCLE('',#855,1.7);
#855 = AXIS2_PLACEMENT_3D('',#856,#857,#858);
#856 = CARTESIAN_POINT('',(-59.,-25.,-5.5));
#857 = DIRECTION('',(0.,0.,-1.));
#858 = DIRECTION('',(-1.,0.,-0.));
#859 = ORIENTED_EDGE('',*,*,#860,.T.);
#860 = EDGE_CURVE('',#852,#861,#863,.T.);
#861 = VERTEX_POINT('',#862);
#862 = CARTESIAN_POINT('',(-60.7,-25.,-5.5));
#863 = CIRCLE('',#864,1.7);
#864 = AXIS2_PLACEMENT_3D('',#865,#866,#867);
#865 = CARTESIAN_POINT('',(-59.,-25.,-5.5));
#866 = DIRECTION('',(0.,0.,-1.));
#867 = DIRECTION('',(-1.,0.,-0.));
#868 = ORIENTED_EDGE('',*,*,#869,.T.);
#869 = EDGE_CURVE('',#861,#850,#870,.T.);
#870 = CIRCLE('',#871,1.7);
#871 = AXIS2_PLACEMENT_3D('',#872,#873,#874);
#872 = CARTESIAN_POINT('',(-59.,-25.,-5.5));
#873 = DIRECTION('',(0.,0.,-1.));
#874 = DIRECTION('',(-1.,0.,-0.));
#875 = PLANE('',#876);
#876 = AXIS2_PLACEMENT_3D('',#877,#878,#879);
#877 = CARTESIAN_POINT('',(0.,-5.616291690047E-16,-5.5));
#878 = DIRECTION('',(0.,0.,1.));
#879 = DIRECTION('',(1.,0.,-0.));
#880 = ADVANCED_FACE('',(#881),#900,.F.);
#881 = FACE_BOUND('',#882,.F.);
#882 = EDGE_LOOP('',(#883,#884,#892,#899));
#883 = ORIENTED_EDGE('',*,*,#287,.F.);
#884 = ORIENTED_EDGE('',*,*,#885,.F.);
#885 = EDGE_CURVE('',#886,#288,#888,.T.);
#886 = VERTEX_POINT('',#887);
#887 = CARTESIAN_POINT('',(27.,-6.613092715396E-15,-11.5));
#888 = LINE('',#889,#890);
#889 = CARTESIAN_POINT('',(27.,-6.613092715396E-15,-11.5));
#890 = VECTOR('',#891,1.);
#891 = DIRECTION('',(0.,0.,1.));
#892 = ORIENTED_EDGE('',*,*,#893,.T.);
#893 = EDGE_CURVE('',#886,#886,#894,.T.);
#894 = CIRCLE('',#895,27.);
#895 = AXIS2_PLACEMENT_3D('',#896,#897,#898);
#896 = CARTESIAN_POINT('',(0.,0.,-11.5));
#897 = DIRECTION('',(0.,0.,1.));
#898 = DIRECTION('',(1.,0.,-0.));
#899 = ORIENTED_EDGE('',*,*,#885,.T.);
#900 = CYLINDRICAL_SURFACE('',#901,27.);
#901 = AXIS2_PLACEMENT_3D('',#902,#903,#904);
#902 = CARTESIAN_POINT('',(0.,0.,-11.5));
#903 = DIRECTION('',(0.,0.,1.));
#904 = DIRECTION('',(1.,0.,-0.));
#905 = ADVANCED_FACE('',(#906),#925,.F.);
#906 = FACE_BOUND('',#907,.F.);
#907 = EDGE_LOOP('',(#908,#909,#917,#924));
#908 = ORIENTED_EDGE('',*,*,#893,.F.);
#909 = ORIENTED_EDGE('',*,*,#910,.F.);
#910 = EDGE_CURVE('',#911,#886,#913,.T.);
#911 = VERTEX_POINT('',#912);
#912 = CARTESIAN_POINT('',(22.,-5.388445916248E-15,-25.5));
#913 = LINE('',#914,#915);
#914 = CARTESIAN_POINT('',(22.,-5.388445916248E-15,-25.5));
#915 = VECTOR('',#916,1.);
#916 = DIRECTION('',(0.336336396998,-8.237865840411E-17,0.941741911595)
  );
#917 = ORIENTED_EDGE('',*,*,#918,.T.);
#918 = EDGE_CURVE('',#911,#911,#919,.T.);
#919 = CIRCLE('',#920,22.);
#920 = AXIS2_PLACEMENT_3D('',#921,#922,#923);
#921 = CARTESIAN_POINT('',(0.,0.,-25.5));
#922 = DIRECTION('',(0.,0.,1.));
#923 = DIRECTION('',(1.,0.,-0.));
#924 = ORIENTED_EDGE('',*,*,#910,.T.);
#925 = CONICAL_SURFACE('',#926,22.,0.343023940421);
#926 = AXIS2_PLACEMENT_3D('',#927,#928,#929);
#927 = CARTESIAN_POINT('',(0.,0.,-25.5));
#928 = DIRECTION('',(0.,0.,1.));
#929 = DIRECTION('',(1.,0.,-0.));
#930 = ADVANCED_FACE('',(#931,#1052),#1164,.F.);
#931 = FACE_BOUND('',#932,.F.);
#932 = EDGE_LOOP('',(#933,#943,#952,#960,#969,#977,#986,#994,#1003,#1011
    ,#1020,#1026,#1027,#1028,#1037,#1045));
#933 = ORIENTED_EDGE('',*,*,#934,.F.);
#934 = EDGE_CURVE('',#935,#937,#939,.T.);
#935 = VERTEX_POINT('',#936);
#936 = CARTESIAN_POINT('',(17.569596888901,13.240440519919,-124.5));
#937 = VERTEX_POINT('',#938);
#938 = CARTESIAN_POINT('',(17.569596888901,13.240440519919,-119.5));
#939 = LINE('',#940,#941);
#940 = CARTESIAN_POINT('',(17.569596888901,13.240440519919,-124.6));
#941 = VECTOR('',#942,1.);
#942 = DIRECTION('',(0.,0.,1.));
#943 = ORIENTED_EDGE('',*,*,#944,.T.);
#944 = EDGE_CURVE('',#935,#945,#947,.T.);
#945 = VERTEX_POINT('',#946);
#946 = CARTESIAN_POINT('',(-17.5695968889,13.240440519919,-124.5));
#947 = CIRCLE('',#948,22.);
#948 = AXIS2_PLACEMENT_3D('',#949,#950,#951);
#949 = CARTESIAN_POINT('',(0.,0.,-124.5));
#950 = DIRECTION('',(0.,0.,1.));
#951 = DIRECTION('',(1.,0.,-0.));
#952 = ORIENTED_EDGE('',*,*,#953,.T.);
#953 = EDGE_CURVE('',#945,#954,#956,.T.);
#954 = VERTEX_POINT('',#955);
#955 = CARTESIAN_POINT('',(-17.5695968889,13.240440519919,-119.5));
#956 = LINE('',#957,#958);
#957 = CARTESIAN_POINT('',(-17.5695968889,13.240440519919,-124.6));
#958 = VECTOR('',#959,1.);
#959 = DIRECTION('',(0.,0.,1.));
#960 = ORIENTED_EDGE('',*,*,#961,.T.);
#961 = EDGE_CURVE('',#954,#962,#964,.T.);
#962 = VERTEX_POINT('',#963);
#963 = CARTESIAN_POINT('',(-20.25135629199,8.595496980081,-119.5));
#964 = CIRCLE('',#965,22.);
#965 = AXIS2_PLACEMENT_3D('',#966,#967,#968);
#966 = CARTESIAN_POINT('',(0.,0.,-119.5));
#967 = DIRECTION('',(0.,0.,1.));
#968 = DIRECTION('',(1.,0.,-0.));
#969 = ORIENTED_EDGE('',*,*,#970,.F.);
#970 = EDGE_CURVE('',#971,#962,#973,.T.);
#971 = VERTEX_POINT('',#972);
#972 = CARTESIAN_POINT('',(-20.25135629199,8.595496980081,-124.5));
#973 = LINE('',#974,#975);
#974 = CARTESIAN_POINT('',(-20.25135629199,8.595496980081,-124.6));
#975 = VECTOR('',#976,1.);
#976 = DIRECTION('',(0.,0.,1.));
#977 = ORIENTED_EDGE('',*,*,#978,.T.);
#978 = EDGE_CURVE('',#971,#979,#981,.T.);
#979 = VERTEX_POINT('',#980);
#980 = CARTESIAN_POINT('',(-2.681759403096,-21.8359375,-124.5));
#981 = CIRCLE('',#982,22.);
#982 = AXIS2_PLACEMENT_3D('',#983,#984,#985);
#983 = CARTESIAN_POINT('',(0.,0.,-124.5));
#984 = DIRECTION('',(0.,0.,1.));
#985 = DIRECTION('',(1.,0.,-0.));
#986 = ORIENTED_EDGE('',*,*,#987,.T.);
#987 = EDGE_CURVE('',#979,#988,#990,.T.);
#988 = VERTEX_POINT('',#989);
#989 = CARTESIAN_POINT('',(-2.681759403096,-21.8359375,-119.5));
#990 = LINE('',#991,#992);
#991 = CARTESIAN_POINT('',(-2.681759403096,-21.8359375,-124.6));
#992 = VECTOR('',#993,1.);
#993 = DIRECTION('',(0.,0.,1.));
#994 = ORIENTED_EDGE('',*,*,#995,.T.);
#995 = EDGE_CURVE('',#988,#996,#998,.T.);
#996 = VERTEX_POINT('',#997);
#997 = CARTESIAN_POINT('',(2.681759403096,-21.8359375,-119.5));
#998 = CIRCLE('',#999,22.);
#999 = AXIS2_PLACEMENT_3D('',#1000,#1001,#1002);
#1000 = CARTESIAN_POINT('',(0.,0.,-119.5));
#1001 = DIRECTION('',(0.,0.,1.));
#1002 = DIRECTION('',(1.,0.,-0.));
#1003 = ORIENTED_EDGE('',*,*,#1004,.F.);
#1004 = EDGE_CURVE('',#1005,#996,#1007,.T.);
#1005 = VERTEX_POINT('',#1006);
#1006 = CARTESIAN_POINT('',(2.681759403096,-21.8359375,-124.5));
#1007 = LINE('',#1008,#1009);
#1008 = CARTESIAN_POINT('',(2.681759403096,-21.8359375,-124.6));
#1009 = VECTOR('',#1010,1.);
#1010 = DIRECTION('',(0.,0.,1.));
#1011 = ORIENTED_EDGE('',*,*,#1012,.T.);
#1012 = EDGE_CURVE('',#1005,#1013,#1015,.T.);
#1013 = VERTEX_POINT('',#1014);
#1014 = CARTESIAN_POINT('',(22.,-5.388445916248E-15,-124.5));
#1015 = CIRCLE('',#1016,22.);
#1016 = AXIS2_PLACEMENT_3D('',#1017,#1018,#1019);
#1017 = CARTESIAN_POINT('',(0.,0.,-124.5));
#1018 = DIRECTION('',(0.,0.,1.));
#1019 = DIRECTION('',(1.,0.,-0.));
#1020 = ORIENTED_EDGE('',*,*,#1021,.T.);
#1021 = EDGE_CURVE('',#1013,#911,#1022,.T.);
#1022 = LINE('',#1023,#1024);
#1023 = CARTESIAN_POINT('',(22.,-5.388445916248E-15,-124.6));
#1024 = VECTOR('',#1025,1.);
#1025 = DIRECTION('',(0.,0.,1.));
#1026 = ORIENTED_EDGE('',*,*,#918,.F.);
#1027 = ORIENTED_EDGE('',*,*,#1021,.F.);
#1028 = ORIENTED_EDGE('',*,*,#1029,.T.);
#1029 = EDGE_CURVE('',#1013,#1030,#1032,.T.);
#1030 = VERTEX_POINT('',#1031);
#1031 = CARTESIAN_POINT('',(20.251356291997,8.59549698008,-124.5));
#1032 = CIRCLE('',#1033,22.);
#1033 = AXIS2_PLACEMENT_3D('',#1034,#1035,#1036);
#1034 = CARTESIAN_POINT('',(0.,0.,-124.5));
#1035 = DIRECTION('',(0.,0.,1.));
#1036 = DIRECTION('',(1.,0.,-0.));
#1037 = ORIENTED_EDGE('',*,*,#1038,.T.);
#1038 = EDGE_CURVE('',#1030,#1039,#1041,.T.);
#1039 = VERTEX_POINT('',#1040);
#1040 = CARTESIAN_POINT('',(20.251356291997,8.595496980081,-119.5));
#1041 = LINE('',#1042,#1043);
#1042 = CARTESIAN_POINT('',(20.251356291997,8.595496980081,-124.6));
#1043 = VECTOR('',#1044,1.);
#1044 = DIRECTION('',(0.,0.,1.));
#1045 = ORIENTED_EDGE('',*,*,#1046,.T.);
#1046 = EDGE_CURVE('',#1039,#937,#1047,.T.);
#1047 = CIRCLE('',#1048,22.);
#1048 = AXIS2_PLACEMENT_3D('',#1049,#1050,#1051);
#1049 = CARTESIAN_POINT('',(0.,0.,-119.5));
#1050 = DIRECTION('',(0.,0.,1.));
#1051 = DIRECTION('',(1.,0.,-0.));
#1052 = FACE_BOUND('',#1053,.F.);
#1053 = EDGE_LOOP('',(#1054,#1064,#1083,#1092,#1111,#1119,#1138,#1147));
#1054 = ORIENTED_EDGE('',*,*,#1055,.T.);
#1055 = EDGE_CURVE('',#1056,#1058,#1060,.T.);
#1056 = VERTEX_POINT('',#1057);
#1057 = CARTESIAN_POINT('',(-9.,-20.07485989988,-43.));
#1058 = VERTEX_POINT('',#1059);
#1059 = CARTESIAN_POINT('',(-9.,-20.07485989988,-30.));
#1060 = LINE('',#1061,#1062);
#1061 = CARTESIAN_POINT('',(-9.,-20.07485989988,-124.6));
#1062 = VECTOR('',#1063,1.);
#1063 = DIRECTION('',(0.,0.,1.));
#1064 = ORIENTED_EDGE('',*,*,#1065,.T.);
#1065 = EDGE_CURVE('',#1058,#1066,#1068,.T.);
#1066 = VERTEX_POINT('',#1067);
#1067 = CARTESIAN_POINT('',(-7.,-20.85665361461,-28.));
#1068 = B_SPLINE_CURVE_WITH_KNOTS('',7,(#1069,#1070,#1071,#1072,#1073,
    #1074,#1075,#1076,#1077,#1078,#1079,#1080,#1081,#1082),
  .UNSPECIFIED.,.F.,.F.,(8,6,8),(0.,0.492846746306,1.),.UNSPECIFIED.);
#1069 = CARTESIAN_POINT('',(-9.,-20.07485989988,-30.));
#1070 = CARTESIAN_POINT('',(-9.,-20.07485989988,-29.79815271182));
#1071 = CARTESIAN_POINT('',(-8.976233813507,-20.08551479259,
    -29.59631612745));
#1072 = CARTESIAN_POINT('',(-8.92870473628,-20.10682317371,
    -29.39691550087));
#1073 = CARTESIAN_POINT('',(-8.857355819514,-20.13859742601,
    -29.20244057765));
#1074 = CARTESIAN_POINT('',(-8.762126075504,-20.1804399279,
    -29.01557339761));
#1075 = CARTESIAN_POINT('',(-8.643015478591,-20.23171400124,
    -28.83934351977));
#1076 = CARTESIAN_POINT('',(-8.353283750828,-20.35308404803,
    -28.51070738361));
#1077 = CARTESIAN_POINT('',(-8.179307143713,-20.42450442559,
    -28.35691719664));
#1078 = CARTESIAN_POINT('',(-7.979380751411,-20.50438845655,
    -28.22304379707));
#1079 = CARTESIAN_POINT('',(-7.756458406436,-20.5903768382,
    -28.11544244074));
#1080 = CARTESIAN_POINT('',(-7.514961584564,-20.67959451029,
    -28.03960248951));
#1081 = CARTESIAN_POINT('',(-7.260558250573,-20.76920393128,-28.));
#1082 = CARTESIAN_POINT('',(-7.,-20.85665361461,-28.));
#1083 = ORIENTED_EDGE('',*,*,#1084,.T.);
#1084 = EDGE_CURVE('',#1066,#1085,#1087,.T.);
#1085 = VERTEX_POINT('',#1086);
#1086 = CARTESIAN_POINT('',(7.,-20.85665361461,-28.));
#1087 = CIRCLE('',#1088,22.);
#1088 = AXIS2_PLACEMENT_3D('',#1089,#1090,#1091);
#1089 = CARTESIAN_POINT('',(0.,0.,-28.));
#1090 = DIRECTION('',(0.,0.,1.));
#1091 = DIRECTION('',(1.,0.,-0.));
#1092 = ORIENTED_EDGE('',*,*,#1093,.T.);
#1093 = EDGE_CURVE('',#1085,#1094,#1096,.T.);
#1094 = VERTEX_POINT('',#1095);
#1095 = CARTESIAN_POINT('',(9.,-20.07485989988,-30.));
#1096 = B_SPLINE_CURVE_WITH_KNOTS('',7,(#1097,#1098,#1099,#1100,#1101,
    #1102,#1103,#1104,#1105,#1106,#1107,#1108,#1109,#1110),
  .UNSPECIFIED.,.F.,.F.,(8,6,8),(0.,0.466803958037,1.),.UNSPECIFIED.);
#1097 = CARTESIAN_POINT('',(7.,-20.85665361461,-28.));
#1098 = CARTESIAN_POINT('',(7.239414531264,-20.7763002775,-28.));
#1099 = CARTESIAN_POINT('',(7.474051358547,-20.69398293543,
    -28.03343607199));
#1100 = CARTESIAN_POINT('',(7.698461992256,-20.61172922698,
    -28.09790760472));
#1101 = CARTESIAN_POINT('',(7.907917550509,-20.53180765578,
    -28.19003491982));
#1102 = CARTESIAN_POINT('',(8.098598322877,-20.45654944261,
    -28.30554271588));
#1103 = CARTESIAN_POINT('',(8.267794479641,-20.38795444201,
    -28.43936735489));
#1104 = CARTESIAN_POINT('',(8.581457378618,-20.25811818244,
    -28.75303025387));
#1105 = CARTESIAN_POINT('',(8.721108638906,-20.19843111808,
    -28.93882991518));
#1106 = CARTESIAN_POINT('',(8.83277794667,-20.14953651273,
    -29.13831195287));
#1107 = CARTESIAN_POINT('',(8.916430702823,-20.1123259465,
    -29.34750472066));
#1108 = CARTESIAN_POINT('',(8.972143450949,-20.08734857929,
    -29.56294904509));
#1109 = CARTESIAN_POINT('',(9.,-20.07485989988,-29.78147170413));
#1110 = CARTESIAN_POINT('',(9.,-20.07485989988,-30.));
#1111 = ORIENTED_EDGE('',*,*,#1112,.F.);
#1112 = EDGE_CURVE('',#1113,#1094,#1115,.T.);
#1113 = VERTEX_POINT('',#1114);
#1114 = CARTESIAN_POINT('',(9.,-20.07485989988,-43.));
#1115 = LINE('',#1116,#1117);
#1116 = CARTESIAN_POINT('',(9.,-20.07485989988,-124.6));
#1117 = VECTOR('',#1118,1.);
#1118 = DIRECTION('',(0.,0.,1.));
#1119 = ORIENTED_EDGE('',*,*,#1120,.T.);
#1120 = EDGE_CURVE('',#1113,#1121,#1123,.T.);
#1121 = VERTEX_POINT('',#1122);
#1122 = CARTESIAN_POINT('',(7.,-20.85665361461,-45.));
#1123 = B_SPLINE_CURVE_WITH_KNOTS('',7,(#1124,#1125,#1126,#1127,#1128,
    #1129,#1130,#1131,#1132,#1133,#1134,#1135,#1136,#1137),
  .UNSPECIFIED.,.F.,.F.,(8,6,8),(0.,0.492846742308,1.),.UNSPECIFIED.);
#1124 = CARTESIAN_POINT('',(9.,-20.07485989988,-43.));
#1125 = CARTESIAN_POINT('',(9.,-20.07485989988,-43.20184729119));
#1126 = CARTESIAN_POINT('',(8.976233812782,-20.08551479288,
    -43.40368386516));
#1127 = CARTESIAN_POINT('',(8.928704739748,-20.10682317227,
    -43.60308450453));
#1128 = CARTESIAN_POINT('',(8.857355812994,-20.13859742874,
    -43.79755942474));
#1129 = CARTESIAN_POINT('',(8.762126081333,-20.18043992545,
    -43.98442659679));
#1130 = CARTESIAN_POINT('',(8.643015476388,-20.23171400216,
    -44.16065648271));
#1131 = CARTESIAN_POINT('',(8.353283750744,-20.35308404806,
    -44.48929261647));
#1132 = CARTESIAN_POINT('',(8.179307143719,-20.42450442559,
    -44.6430828033));
#1133 = CARTESIAN_POINT('',(7.979380751502,-20.50438845651,
    -44.77695620287));
#1134 = CARTESIAN_POINT('',(7.75645840648,-20.59037683819,
    -44.88455755927));
#1135 = CARTESIAN_POINT('',(7.514961584513,-20.67959451031,
    -44.9603975105));
#1136 = CARTESIAN_POINT('',(7.260558250524,-20.76920393129,-45.));
#1137 = CARTESIAN_POINT('',(7.,-20.85665361461,-45.));
#1138 = ORIENTED_EDGE('',*,*,#1139,.F.);
#1139 = EDGE_CURVE('',#1140,#1121,#1142,.T.);
#1140 = VERTEX_POINT('',#1141);
#1141 = CARTESIAN_POINT('',(-7.,-20.85665361461,-45.));
#1142 = CIRCLE('',#1143,22.);
#1143 = AXIS2_PLACEMENT_3D('',#1144,#1145,#1146);
#1144 = CARTESIAN_POINT('',(0.,0.,-45.));
#1145 = DIRECTION('',(0.,0.,1.));
#1146 = DIRECTION('',(1.,0.,-0.));
#1147 = ORIENTED_EDGE('',*,*,#1148,.T.);
#1148 = EDGE_CURVE('',#1140,#1056,#1149,.T.);
#1149 = B_SPLINE_CURVE_WITH_KNOTS('',7,(#1150,#1151,#1152,#1153,#1154,
    #1155,#1156,#1157,#1158,#1159,#1160,#1161,#1162,#1163),
  .UNSPECIFIED.,.F.,.F.,(8,6,8),(0.,0.466803964063,1.),.UNSPECIFIED.);
#1150 = CARTESIAN_POINT('',(-7.,-20.85665361461,-45.));
#1151 = CARTESIAN_POINT('',(-7.239414531264,-20.7763002775,-45.));
#1152 = CARTESIAN_POINT('',(-7.474051358547,-20.69398293543,
    -44.96656392801));
#1153 = CARTESIAN_POINT('',(-7.698461992256,-20.61172922698,
    -44.90209239527));
#1154 = CARTESIAN_POINT('',(-7.907917550509,-20.53180765578,
    -44.80996508017));
#1155 = CARTESIAN_POINT('',(-8.098598322877,-20.45654944261,
    -44.69445728411));
#1156 = CARTESIAN_POINT('',(-8.267794479641,-20.38795444201,
    -44.5606326451));
#1157 = CARTESIAN_POINT('',(-8.581457374569,-20.25811818412,
    -44.24696975017));
#1158 = CARTESIAN_POINT('',(-8.721108649618,-20.19843111363,
    -44.06117007583));
#1159 = CARTESIAN_POINT('',(-8.832777934693,-20.1495365177,
    -43.86168805058));
#1160 = CARTESIAN_POINT('',(-8.91643070919,-20.1123259439,
    -43.65249528889));
#1161 = CARTESIAN_POINT('',(-8.972143449617,-20.08734857982,
    -43.43705094228));
#1162 = CARTESIAN_POINT('',(-9.,-20.07485989988,-43.21852830098));
#1163 = CARTESIAN_POINT('',(-9.,-20.07485989988,-43.));
#1164 = CYLINDRICAL_SURFACE('',#1165,22.);
#1165 = AXIS2_PLACEMENT_3D('',#1166,#1167,#1168);
#1166 = CARTESIAN_POINT('',(0.,0.,-124.6));
#1167 = DIRECTION('',(0.,0.,1.));
#1168 = DIRECTION('',(1.,0.,-0.));
#1169 = ADVANCED_FACE('',(#1170),#1195,.T.);
#1170 = FACE_BOUND('',#1171,.T.);
#1171 = EDGE_LOOP('',(#1172,#1180,#1188,#1194));
#1172 = ORIENTED_EDGE('',*,*,#1173,.F.);
#1173 = EDGE_CURVE('',#1174,#1058,#1176,.T.);
#1174 = VERTEX_POINT('',#1175);
#1175 = CARTESIAN_POINT('',(-9.,-23.32380757938,-30.));
#1176 = LINE('',#1177,#1178);
#1177 = CARTESIAN_POINT('',(-9.,-25.5,-30.));
#1178 = VECTOR('',#1179,1.);
#1179 = DIRECTION('',(0.,1.,-2.22044604925E-16));
#1180 = ORIENTED_EDGE('',*,*,#1181,.F.);
#1181 = EDGE_CURVE('',#1182,#1174,#1184,.T.);
#1182 = VERTEX_POINT('',#1183);
#1183 = CARTESIAN_POINT('',(-9.,-23.32380757938,-43.));
#1184 = LINE('',#1185,#1186);
#1185 = CARTESIAN_POINT('',(-9.,-23.32380757938,-124.5));
#1186 = VECTOR('',#1187,1.);
#1187 = DIRECTION('',(0.,0.,1.));
#1188 = ORIENTED_EDGE('',*,*,#1189,.T.);
#1189 = EDGE_CURVE('',#1182,#1056,#1190,.T.);
#1190 = LINE('',#1191,#1192);
#1191 = CARTESIAN_POINT('',(-9.,-25.5,-43.));
#1192 = VECTOR('',#1193,1.);
#1193 = DIRECTION('',(0.,1.,-2.22044604925E-16));
#1194 = ORIENTED_EDGE('',*,*,#1055,.T.);
#1195 = PLANE('',#1196);
#1196 = AXIS2_PLACEMENT_3D('',#1197,#1198,#1199);
#1197 = CARTESIAN_POINT('',(-9.,-25.5,-30.));
#1198 = DIRECTION('',(1.,0.,0.));
#1199 = DIRECTION('',(0.,1.,-2.22044604925E-16));
#1200 = ADVANCED_FACE('',(#1201),#1228,.T.);
#1201 = FACE_BOUND('',#1202,.T.);
#1202 = EDGE_LOOP('',(#1203,#1212,#1220,#1227));
#1203 = ORIENTED_EDGE('',*,*,#1204,.F.);
#1204 = EDGE_CURVE('',#1205,#1205,#1207,.T.);
#1205 = VERTEX_POINT('',#1206);
#1206 = CARTESIAN_POINT('',(30.,-7.347880794884E-15,-11.5));
#1207 = CIRCLE('',#1208,30.);
#1208 = AXIS2_PLACEMENT_3D('',#1209,#1210,#1211);
#1209 = CARTESIAN_POINT('',(0.,0.,-11.5));
#1210 = DIRECTION('',(0.,0.,1.));
#1211 = DIRECTION('',(1.,0.,-0.));
#1212 = ORIENTED_EDGE('',*,*,#1213,.F.);
#1213 = EDGE_CURVE('',#1214,#1205,#1216,.T.);
#1214 = VERTEX_POINT('',#1215);
#1215 = CARTESIAN_POINT('',(25.,-6.123233995737E-15,-25.5));
#1216 = LINE('',#1217,#1218);
#1217 = CARTESIAN_POINT('',(25.,-6.123233995737E-15,-25.5));
#1218 = VECTOR('',#1219,1.);
#1219 = DIRECTION('',(0.336336396998,-8.237865840411E-17,0.941741911595)
  );
#1220 = ORIENTED_EDGE('',*,*,#1221,.T.);
#1221 = EDGE_CURVE('',#1214,#1214,#1222,.T.);
#1222 = CIRCLE('',#1223,25.);
#1223 = AXIS2_PLACEMENT_3D('',#1224,#1225,#1226);
#1224 = CARTESIAN_POINT('',(0.,0.,-25.5));
#1225 = DIRECTION('',(0.,0.,1.));
#1226 = DIRECTION('',(1.,0.,-0.));
#1227 = ORIENTED_EDGE('',*,*,#1213,.T.);
#1228 = CONICAL_SURFACE('',#1229,25.,0.343023940421);
#1229 = AXIS2_PLACEMENT_3D('',#1230,#1231,#1232);
#1230 = CARTESIAN_POINT('',(0.,0.,-25.5));
#1231 = DIRECTION('',(0.,0.,1.));
#1232 = DIRECTION('',(1.,0.,-0.));
#1233 = ADVANCED_FACE('',(#1234,#1253),#1356,.T.);
#1234 = FACE_BOUND('',#1235,.T.);
#1235 = EDGE_LOOP('',(#1236,#1244,#1245,#1246));
#1236 = ORIENTED_EDGE('',*,*,#1237,.T.);
#1237 = EDGE_CURVE('',#1238,#1214,#1240,.T.);
#1238 = VERTEX_POINT('',#1239);
#1239 = CARTESIAN_POINT('',(25.,-6.123233995737E-15,-124.5));
#1240 = LINE('',#1241,#1242);
#1241 = CARTESIAN_POINT('',(25.,-6.123233995737E-15,-124.5));
#1242 = VECTOR('',#1243,1.);
#1243 = DIRECTION('',(0.,0.,1.));
#1244 = ORIENTED_EDGE('',*,*,#1221,.F.);
#1245 = ORIENTED_EDGE('',*,*,#1237,.F.);
#1246 = ORIENTED_EDGE('',*,*,#1247,.T.);
#1247 = EDGE_CURVE('',#1238,#1238,#1248,.T.);
#1248 = CIRCLE('',#1249,25.);
#1249 = AXIS2_PLACEMENT_3D('',#1250,#1251,#1252);
#1250 = CARTESIAN_POINT('',(0.,0.,-124.5));
#1251 = DIRECTION('',(0.,0.,1.));
#1252 = DIRECTION('',(1.,0.,-0.));
#1253 = FACE_BOUND('',#1254,.T.);
#1254 = EDGE_LOOP('',(#1255,#1256,#1275,#1284,#1303,#1311,#1330,#1339));
#1255 = ORIENTED_EDGE('',*,*,#1181,.T.);
#1256 = ORIENTED_EDGE('',*,*,#1257,.T.);
#1257 = EDGE_CURVE('',#1174,#1258,#1260,.T.);
#1258 = VERTEX_POINT('',#1259);
#1259 = CARTESIAN_POINT('',(-7.,-24.,-28.));
#1260 = B_SPLINE_CURVE_WITH_KNOTS('',7,(#1261,#1262,#1263,#1264,#1265,
    #1266,#1267,#1268,#1269,#1270,#1271,#1272,#1273,#1274),
  .UNSPECIFIED.,.F.,.F.,(8,6,8),(0.,0.496558859615,1.),.UNSPECIFIED.);
#1261 = CARTESIAN_POINT('',(-9.,-23.32380757938,-30.));
#1262 = CARTESIAN_POINT('',(-9.,-23.32380757938,-29.79888474678));
#1263 = CARTESIAN_POINT('',(-8.976405953274,-23.33291184444,
    -29.59776426183));
#1264 = CARTESIAN_POINT('',(-8.929213928794,-23.35112198384,
    -29.39888433833));
#1265 = CARTESIAN_POINT('',(-8.858255057596,-23.37833007629,
    -29.20457754888));
#1266 = CARTESIAN_POINT('',(-8.763267372156,-23.41429234264,
    -29.01741985747));
#1267 = CARTESIAN_POINT('',(-8.643970649189,-23.45858342174,
    -28.84042694815));
#1268 = CARTESIAN_POINT('',(-8.354481282229,-23.56324806559,
    -28.51206571636));
#1269 = CARTESIAN_POINT('',(-8.181353123628,-23.62465057368,
    -28.35853091179));
#1270 = CARTESIAN_POINT('',(-7.981760706086,-23.69363464214,
    -28.22431617059));
#1271 = CARTESIAN_POINT('',(-7.758655486376,-23.76817363367,
    -28.11616784076));
#1272 = CARTESIAN_POINT('',(-7.516577902839,-23.84572784384,
    -28.03985196379));
#1273 = CARTESIAN_POINT('',(-7.261377590416,-23.92376486946,-28.));
#1274 = CARTESIAN_POINT('',(-7.,-24.,-28.));
#1275 = ORIENTED_EDGE('',*,*,#1276,.T.);
#1276 = EDGE_CURVE('',#1258,#1277,#1279,.T.);
#1277 = VERTEX_POINT('',#1278);
#1278 = CARTESIAN_POINT('',(7.,-24.,-28.));
#1279 = CIRCLE('',#1280,25.);
#1280 = AXIS2_PLACEMENT_3D('',#1281,#1282,#1283);
#1281 = CARTESIAN_POINT('',(0.,0.,-28.));
#1282 = DIRECTION('',(0.,0.,1.));
#1283 = DIRECTION('',(1.,0.,-0.));
#1284 = ORIENTED_EDGE('',*,*,#1285,.T.);
#1285 = EDGE_CURVE('',#1277,#1286,#1288,.T.);
#1286 = VERTEX_POINT('',#1287);
#1287 = CARTESIAN_POINT('',(9.,-23.32380757938,-30.));
#1288 = B_SPLINE_CURVE_WITH_KNOTS('',7,(#1289,#1290,#1291,#1292,#1293,
    #1294,#1295,#1296,#1297,#1298,#1299,#1300,#1301,#1302),
  .UNSPECIFIED.,.F.,.F.,(8,6,8),(0.,0.463155499203,1.),.UNSPECIFIED.);
#1289 = CARTESIAN_POINT('',(7.,-24.,-28.));
#1290 = CARTESIAN_POINT('',(7.239980579925,-23.93000566418,-28.));
#1291 = CARTESIAN_POINT('',(7.4752367971,-23.85835151805,-28.03359437263
    ));
#1292 = CARTESIAN_POINT('',(7.700149440259,-23.78685492933,
    -28.09840363248));
#1293 = CARTESIAN_POINT('',(7.909816882409,-23.71754608938,
    -28.19094740846));
#1294 = CARTESIAN_POINT('',(8.100291596523,-23.65249512512,
    -28.3067390633));
#1295 = CARTESIAN_POINT('',(8.268826524395,-23.59343861319,
    -28.44039939964));
#1296 = CARTESIAN_POINT('',(8.582731979968,-23.48124226079,
    -28.75430485522));
#1297 = CARTESIAN_POINT('',(8.722640726096,-23.4296487641,
    -28.94106789229));
#1298 = CARTESIAN_POINT('',(8.833990506314,-23.3876288885,
    -29.14094484316));
#1299 = CARTESIAN_POINT('',(8.917120022138,-23.35578875087,
    -29.34995459339));
#1300 = CARTESIAN_POINT('',(8.972377245151,-23.33446639329,
    -29.56476150758));
#1301 = CARTESIAN_POINT('',(9.,-23.32380757938,-29.78239018873));
#1302 = CARTESIAN_POINT('',(9.,-23.32380757938,-30.));
#1303 = ORIENTED_EDGE('',*,*,#1304,.F.);
#1304 = EDGE_CURVE('',#1305,#1286,#1307,.T.);
#1305 = VERTEX_POINT('',#1306);
#1306 = CARTESIAN_POINT('',(9.,-23.32380757938,-43.));
#1307 = LINE('',#1308,#1309);
#1308 = CARTESIAN_POINT('',(9.,-23.32380757938,-124.5));
#1309 = VECTOR('',#1310,1.);
#1310 = DIRECTION('',(0.,0.,1.));
#1311 = ORIENTED_EDGE('',*,*,#1312,.T.);
#1312 = EDGE_CURVE('',#1305,#1313,#1315,.T.);
#1313 = VERTEX_POINT('',#1314);
#1314 = CARTESIAN_POINT('',(7.,-24.,-45.));
#1315 = B_SPLINE_CURVE_WITH_KNOTS('',7,(#1316,#1317,#1318,#1319,#1320,
    #1321,#1322,#1323,#1324,#1325,#1326,#1327,#1328,#1329),
  .UNSPECIFIED.,.F.,.F.,(8,6,8),(0.,0.49655886502,1.),.UNSPECIFIED.);
#1316 = CARTESIAN_POINT('',(9.,-23.32380757938,-43.));
#1317 = CARTESIAN_POINT('',(9.,-23.32380757938,-43.20111524905));
#1318 = CARTESIAN_POINT('',(8.976405954287,-23.33291184408,
    -43.40223574833));
#1319 = CARTESIAN_POINT('',(8.929213923963,-23.35112198557,
    -43.60111565423));
#1320 = CARTESIAN_POINT('',(8.858255066679,-23.37833007301,
    -43.79542244771));
#1321 = CARTESIAN_POINT('',(8.763267364027,-23.41429234558,
    -43.98258015033));
#1322 = CARTESIAN_POINT('',(8.643970652266,-23.45858342063,
    -44.15957304835));
#1323 = CARTESIAN_POINT('',(8.354481282261,-23.56324806557,
    -44.4879342836));
#1324 = CARTESIAN_POINT('',(8.1813531236,-23.62465057369,-44.64146908825
    ));
#1325 = CARTESIAN_POINT('',(7.981760706046,-23.69363464215,
    -44.7756838294));
#1326 = CARTESIAN_POINT('',(7.758655486408,-23.76817363366,
    -44.8838321592));
#1327 = CARTESIAN_POINT('',(7.516577902887,-23.84572784383,
    -44.96014803622));
#1328 = CARTESIAN_POINT('',(7.261377590368,-23.92376486947,-45.));
#1329 = CARTESIAN_POINT('',(7.,-24.,-45.));
#1330 = ORIENTED_EDGE('',*,*,#1331,.F.);
#1331 = EDGE_CURVE('',#1332,#1313,#1334,.T.);
#1332 = VERTEX_POINT('',#1333);
#1333 = CARTESIAN_POINT('',(-7.,-24.,-45.));
#1334 = CIRCLE('',#1335,25.);
#1335 = AXIS2_PLACEMENT_3D('',#1336,#1337,#1338);
#1336 = CARTESIAN_POINT('',(0.,0.,-45.));
#1337 = DIRECTION('',(0.,0.,1.));
#1338 = DIRECTION('',(1.,0.,-0.));
#1339 = ORIENTED_EDGE('',*,*,#1340,.T.);
#1340 = EDGE_CURVE('',#1332,#1182,#1341,.T.);
#1341 = B_SPLINE_CURVE_WITH_KNOTS('',7,(#1342,#1343,#1344,#1345,#1346,
    #1347,#1348,#1349,#1350,#1351,#1352,#1353,#1354,#1355),
  .UNSPECIFIED.,.F.,.F.,(8,6,8),(0.,0.463155496444,1.),.UNSPECIFIED.);
#1342 = CARTESIAN_POINT('',(-7.,-24.,-45.));
#1343 = CARTESIAN_POINT('',(-7.239980582626,-23.9300056634,-45.));
#1344 = CARTESIAN_POINT('',(-7.475236790608,-23.85835151991,
    -44.96640562681));
#1345 = CARTESIAN_POINT('',(-7.700149445409,-23.78685492801,
    -44.90159637019));
#1346 = CARTESIAN_POINT('',(-7.909816883208,-23.71754608881,
    -44.80905258654));
#1347 = CARTESIAN_POINT('',(-8.10029159305,-23.65249512643,
    -44.69326094106));
#1348 = CARTESIAN_POINT('',(-8.268826526008,-23.59343861262,
    -44.55960059873));
#1349 = CARTESIAN_POINT('',(-8.582731979967,-23.48124226079,
    -44.24569514477));
#1350 = CARTESIAN_POINT('',(-8.722640726096,-23.4296487641,
    -44.0589321077));
#1351 = CARTESIAN_POINT('',(-8.833990506313,-23.3876288885,
    -43.85905515684));
#1352 = CARTESIAN_POINT('',(-8.917120022138,-23.35578875087,
    -43.6500454066));
#1353 = CARTESIAN_POINT('',(-8.972377245151,-23.33446639329,
    -43.43523849241));
#1354 = CARTESIAN_POINT('',(-9.,-23.32380757938,-43.21760981126));
#1355 = CARTESIAN_POINT('',(-9.,-23.32380757938,-43.));
#1356 = CYLINDRICAL_SURFACE('',#1357,25.);
#1357 = AXIS2_PLACEMENT_3D('',#1358,#1359,#1360);
#1358 = CARTESIAN_POINT('',(0.,0.,-124.5));
#1359 = DIRECTION('',(0.,0.,1.));
#1360 = DIRECTION('',(1.,0.,-0.));
#1361 = ADVANCED_FACE('',(#1362),#1373,.F.);
#1362 = FACE_BOUND('',#1363,.F.);
#1363 = EDGE_LOOP('',(#1364,#1365,#1371,#1372));
#1364 = ORIENTED_EDGE('',*,*,#1148,.F.);
#1365 = ORIENTED_EDGE('',*,*,#1366,.F.);
#1366 = EDGE_CURVE('',#1332,#1140,#1367,.T.);
#1367 = LINE('',#1368,#1369);
#1368 = CARTESIAN_POINT('',(-7.,-25.5,-45.));
#1369 = VECTOR('',#1370,1.);
#1370 = DIRECTION('',(0.,1.,-2.22044604925E-16));
#1371 = ORIENTED_EDGE('',*,*,#1340,.T.);
#1372 = ORIENTED_EDGE('',*,*,#1189,.T.);
#1373 = CYLINDRICAL_SURFACE('',#1374,2.);
#1374 = AXIS2_PLACEMENT_3D('',#1375,#1376,#1377);
#1375 = CARTESIAN_POINT('',(-7.,-25.5,-43.));
#1376 = DIRECTION('',(0.,1.,-2.22044604925E-16));
#1377 = DIRECTION('',(1.,0.,0.));
#1378 = ADVANCED_FACE('',(#1379),#1390,.F.);
#1379 = FACE_BOUND('',#1380,.F.);
#1380 = EDGE_LOOP('',(#1381,#1382,#1383,#1384));
#1381 = ORIENTED_EDGE('',*,*,#1331,.F.);
#1382 = ORIENTED_EDGE('',*,*,#1366,.T.);
#1383 = ORIENTED_EDGE('',*,*,#1139,.T.);
#1384 = ORIENTED_EDGE('',*,*,#1385,.F.);
#1385 = EDGE_CURVE('',#1313,#1121,#1386,.T.);
#1386 = LINE('',#1387,#1388);
#1387 = CARTESIAN_POINT('',(7.,-25.5,-45.));
#1388 = VECTOR('',#1389,1.);
#1389 = DIRECTION('',(0.,1.,-2.22044604925E-16));
#1390 = PLANE('',#1391);
#1391 = AXIS2_PLACEMENT_3D('',#1392,#1393,#1394);
#1392 = CARTESIAN_POINT('',(-7.,-25.5,-45.));
#1393 = DIRECTION('',(0.,-2.22044604925E-16,-1.));
#1394 = DIRECTION('',(0.,1.,-2.22044604925E-16));
#1395 = ADVANCED_FACE('',(#1396),#1407,.F.);
#1396 = FACE_BOUND('',#1397,.F.);
#1397 = EDGE_LOOP('',(#1398,#1399,#1405,#1406));
#1398 = ORIENTED_EDGE('',*,*,#1120,.F.);
#1399 = ORIENTED_EDGE('',*,*,#1400,.F.);
#1400 = EDGE_CURVE('',#1305,#1113,#1401,.T.);
#1401 = LINE('',#1402,#1403);
#1402 = CARTESIAN_POINT('',(9.,-25.5,-43.));
#1403 = VECTOR('',#1404,1.);
#1404 = DIRECTION('',(0.,1.,-2.22044604925E-16));
#1405 = ORIENTED_EDGE('',*,*,#1312,.T.);
#1406 = ORIENTED_EDGE('',*,*,#1385,.T.);
#1407 = CYLINDRICAL_SURFACE('',#1408,2.);
#1408 = AXIS2_PLACEMENT_3D('',#1409,#1410,#1411);
#1409 = CARTESIAN_POINT('',(7.,-25.5,-43.));
#1410 = DIRECTION('',(0.,1.,-2.22044604925E-16));
#1411 = DIRECTION('',(1.,0.,0.));
#1412 = ADVANCED_FACE('',(#1413),#1424,.F.);
#1413 = FACE_BOUND('',#1414,.F.);
#1414 = EDGE_LOOP('',(#1415,#1421,#1422,#1423));
#1415 = ORIENTED_EDGE('',*,*,#1416,.F.);
#1416 = EDGE_CURVE('',#1286,#1094,#1417,.T.);
#1417 = LINE('',#1418,#1419);
#1418 = CARTESIAN_POINT('',(9.,-25.5,-30.));
#1419 = VECTOR('',#1420,1.);
#1420 = DIRECTION('',(0.,1.,-2.22044604925E-16));
#1421 = ORIENTED_EDGE('',*,*,#1304,.F.);
#1422 = ORIENTED_EDGE('',*,*,#1400,.T.);
#1423 = ORIENTED_EDGE('',*,*,#1112,.T.);
#1424 = PLANE('',#1425);
#1425 = AXIS2_PLACEMENT_3D('',#1426,#1427,#1428);
#1426 = CARTESIAN_POINT('',(9.,-25.5,-30.));
#1427 = DIRECTION('',(1.,0.,0.));
#1428 = DIRECTION('',(0.,1.,-2.22044604925E-16));
#1429 = ADVANCED_FACE('',(#1430),#1441,.F.);
#1430 = FACE_BOUND('',#1431,.F.);
#1431 = EDGE_LOOP('',(#1432,#1433,#1439,#1440));
#1432 = ORIENTED_EDGE('',*,*,#1093,.F.);
#1433 = ORIENTED_EDGE('',*,*,#1434,.F.);
#1434 = EDGE_CURVE('',#1277,#1085,#1435,.T.);
#1435 = LINE('',#1436,#1437);
#1436 = CARTESIAN_POINT('',(7.,-25.5,-28.));
#1437 = VECTOR('',#1438,1.);
#1438 = DIRECTION('',(0.,1.,-2.22044604925E-16));
#1439 = ORIENTED_EDGE('',*,*,#1285,.T.);
#1440 = ORIENTED_EDGE('',*,*,#1416,.T.);
#1441 = CYLINDRICAL_SURFACE('',#1442,2.);
#1442 = AXIS2_PLACEMENT_3D('',#1443,#1444,#1445);
#1443 = CARTESIAN_POINT('',(7.,-25.5,-30.));
#1444 = DIRECTION('',(0.,1.,-2.22044604925E-16));
#1445 = DIRECTION('',(1.,0.,0.));
#1446 = ADVANCED_FACE('',(#1447),#1458,.T.);
#1447 = FACE_BOUND('',#1448,.T.);
#1448 = EDGE_LOOP('',(#1449,#1450,#1456,#1457));
#1449 = ORIENTED_EDGE('',*,*,#1276,.F.);
#1450 = ORIENTED_EDGE('',*,*,#1451,.T.);
#1451 = EDGE_CURVE('',#1258,#1066,#1452,.T.);
#1452 = LINE('',#1453,#1454);
#1453 = CARTESIAN_POINT('',(-7.,-25.5,-28.));
#1454 = VECTOR('',#1455,1.);
#1455 = DIRECTION('',(0.,1.,-2.22044604925E-16));
#1456 = ORIENTED_EDGE('',*,*,#1084,.T.);
#1457 = ORIENTED_EDGE('',*,*,#1434,.F.);
#1458 = PLANE('',#1459);
#1459 = AXIS2_PLACEMENT_3D('',#1460,#1461,#1462);
#1460 = CARTESIAN_POINT('',(-7.,-25.5,-28.));
#1461 = DIRECTION('',(0.,-2.22044604925E-16,-1.));
#1462 = DIRECTION('',(0.,1.,-2.22044604925E-16));
#1463 = ADVANCED_FACE('',(#1464),#1470,.F.);
#1464 = FACE_BOUND('',#1465,.F.);
#1465 = EDGE_LOOP('',(#1466,#1467,#1468,#1469));
#1466 = ORIENTED_EDGE('',*,*,#1065,.F.);
#1467 = ORIENTED_EDGE('',*,*,#1173,.F.);
#1468 = ORIENTED_EDGE('',*,*,#1257,.T.);
#1469 = ORIENTED_EDGE('',*,*,#1451,.T.);
#1470 = CYLINDRICAL_SURFACE('',#1471,2.);
#1471 = AXIS2_PLACEMENT_3D('',#1472,#1473,#1474);
#1472 = CARTESIAN_POINT('',(-7.,-25.5,-30.));
#1473 = DIRECTION('',(0.,1.,-2.22044604925E-16));
#1474 = DIRECTION('',(1.,0.,0.));
#1475 = ADVANCED_FACE('',(#1476),#1494,.T.);
#1476 = FACE_BOUND('',#1477,.T.);
#1477 = EDGE_LOOP('',(#1478,#1485,#1486,#1493));
#1478 = ORIENTED_EDGE('',*,*,#1479,.F.);
#1479 = EDGE_CURVE('',#937,#1039,#1480,.T.);
#1480 = CIRCLE('',#1481,3.25);
#1481 = AXIS2_PLACEMENT_3D('',#1482,#1483,#1484);
#1482 = CARTESIAN_POINT('',(17.320508075689,10.,-119.5));
#1483 = DIRECTION('',(0.,0.,1.));
#1484 = DIRECTION('',(1.,0.,-0.));
#1485 = ORIENTED_EDGE('',*,*,#934,.F.);
#1486 = ORIENTED_EDGE('',*,*,#1487,.T.);
#1487 = EDGE_CURVE('',#935,#1030,#1488,.T.);
#1488 = CIRCLE('',#1489,3.25);
#1489 = AXIS2_PLACEMENT_3D('',#1490,#1491,#1492);
#1490 = CARTESIAN_POINT('',(17.320508075689,10.,-124.5));
#1491 = DIRECTION('',(0.,0.,1.));
#1492 = DIRECTION('',(1.,0.,-0.));
#1493 = ORIENTED_EDGE('',*,*,#1038,.T.);
#1494 = CYLINDRICAL_SURFACE('',#1495,3.25);
#1495 = AXIS2_PLACEMENT_3D('',#1496,#1497,#1498);
#1496 = CARTESIAN_POINT('',(17.320508075689,10.,-124.5));
#1497 = DIRECTION('',(0.,0.,1.));
#1498 = DIRECTION('',(1.,0.,-0.));
#1499 = ADVANCED_FACE('',(#1500,#1504),#1515,.T.);
#1500 = FACE_BOUND('',#1501,.T.);
#1501 = EDGE_LOOP('',(#1502,#1503));
#1502 = ORIENTED_EDGE('',*,*,#1046,.T.);
#1503 = ORIENTED_EDGE('',*,*,#1479,.T.);
#1504 = FACE_BOUND('',#1505,.T.);
#1505 = EDGE_LOOP('',(#1506));
#1506 = ORIENTED_EDGE('',*,*,#1507,.F.);
#1507 = EDGE_CURVE('',#1508,#1508,#1510,.T.);
#1508 = VERTEX_POINT('',#1509);
#1509 = CARTESIAN_POINT('',(18.770508075689,10.,-119.5));
#1510 = CIRCLE('',#1511,1.45);
#1511 = AXIS2_PLACEMENT_3D('',#1512,#1513,#1514);
#1512 = CARTESIAN_POINT('',(17.320508075689,10.,-119.5));
#1513 = DIRECTION('',(0.,0.,1.));
#1514 = DIRECTION('',(1.,0.,-0.));
#1515 = PLANE('',#1516);
#1516 = AXIS2_PLACEMENT_3D('',#1517,#1518,#1519);
#1517 = CARTESIAN_POINT('',(17.320508075689,10.,-119.5));
#1518 = DIRECTION('',(0.,0.,1.));
#1519 = DIRECTION('',(1.,0.,-0.));
#1520 = ADVANCED_FACE('',(#1521,#1540),#1551,.T.);
#1521 = FACE_BOUND('',#1522,.T.);
#1522 = EDGE_LOOP('',(#1523,#1532,#1539));
#1523 = ORIENTED_EDGE('',*,*,#1524,.T.);
#1524 = EDGE_CURVE('',#996,#1525,#1527,.T.);
#1525 = VERTEX_POINT('',#1526);
#1526 = CARTESIAN_POINT('',(3.25,-20.,-119.5));
#1527 = CIRCLE('',#1528,3.25);
#1528 = AXIS2_PLACEMENT_3D('',#1529,#1530,#1531);
#1529 = CARTESIAN_POINT('',(-3.673940397442E-15,-20.,-119.5));
#1530 = DIRECTION('',(0.,0.,1.));
#1531 = DIRECTION('',(1.,0.,-0.));
#1532 = ORIENTED_EDGE('',*,*,#1533,.T.);
#1533 = EDGE_CURVE('',#1525,#988,#1534,.T.);
#1534 = CIRCLE('',#1535,3.25);
#1535 = AXIS2_PLACEMENT_3D('',#1536,#1537,#1538);
#1536 = CARTESIAN_POINT('',(-3.673940397442E-15,-20.,-119.5));
#1537 = DIRECTION('',(0.,0.,1.));
#1538 = DIRECTION('',(1.,0.,-0.));
#1539 = ORIENTED_EDGE('',*,*,#995,.T.);
#1540 = FACE_BOUND('',#1541,.T.);
#1541 = EDGE_LOOP('',(#1542));
#1542 = ORIENTED_EDGE('',*,*,#1543,.F.);
#1543 = EDGE_CURVE('',#1544,#1544,#1546,.T.);
#1544 = VERTEX_POINT('',#1545);
#1545 = CARTESIAN_POINT('',(1.45,-20.,-119.5));
#1546 = CIRCLE('',#1547,1.45);
#1547 = AXIS2_PLACEMENT_3D('',#1548,#1549,#1550);
#1548 = CARTESIAN_POINT('',(-3.673940397442E-15,-20.,-119.5));
#1549 = DIRECTION('',(0.,0.,1.));
#1550 = DIRECTION('',(1.,0.,-0.));
#1551 = PLANE('',#1552);
#1552 = AXIS2_PLACEMENT_3D('',#1553,#1554,#1555);
#1553 = CARTESIAN_POINT('',(-3.673940397442E-15,-20.,-119.5));
#1554 = DIRECTION('',(0.,0.,1.));
#1555 = DIRECTION('',(1.,0.,-0.));
#1556 = ADVANCED_FACE('',(#1557,#1576),#1587,.T.);
#1557 = FACE_BOUND('',#1558,.T.);
#1558 = EDGE_LOOP('',(#1559,#1568,#1575));
#1559 = ORIENTED_EDGE('',*,*,#1560,.T.);
#1560 = EDGE_CURVE('',#962,#1561,#1563,.T.);
#1561 = VERTEX_POINT('',#1562);
#1562 = CARTESIAN_POINT('',(-14.07050807568,10.,-119.5));
#1563 = CIRCLE('',#1564,3.25);
#1564 = AXIS2_PLACEMENT_3D('',#1565,#1566,#1567);
#1565 = CARTESIAN_POINT('',(-17.32050807568,10.,-119.5));
#1566 = DIRECTION('',(0.,0.,1.));
#1567 = DIRECTION('',(1.,0.,-0.));
#1568 = ORIENTED_EDGE('',*,*,#1569,.T.);
#1569 = EDGE_CURVE('',#1561,#954,#1570,.T.);
#1570 = CIRCLE('',#1571,3.25);
#1571 = AXIS2_PLACEMENT_3D('',#1572,#1573,#1574);
#1572 = CARTESIAN_POINT('',(-17.32050807568,10.,-119.5));
#1573 = DIRECTION('',(0.,0.,1.));
#1574 = DIRECTION('',(1.,0.,-0.));
#1575 = ORIENTED_EDGE('',*,*,#961,.T.);
#1576 = FACE_BOUND('',#1577,.T.);
#1577 = EDGE_LOOP('',(#1578));
#1578 = ORIENTED_EDGE('',*,*,#1579,.F.);
#1579 = EDGE_CURVE('',#1580,#1580,#1582,.T.);
#1580 = VERTEX_POINT('',#1581);
#1581 = CARTESIAN_POINT('',(-15.87050807568,10.,-119.5));
#1582 = CIRCLE('',#1583,1.45);
#1583 = AXIS2_PLACEMENT_3D('',#1584,#1585,#1586);
#1584 = CARTESIAN_POINT('',(-17.32050807568,10.,-119.5));
#1585 = DIRECTION('',(0.,0.,1.));
#1586 = DIRECTION('',(1.,0.,-0.));
#1587 = PLANE('',#1588);
#1588 = AXIS2_PLACEMENT_3D('',#1589,#1590,#1591);
#1589 = CARTESIAN_POINT('',(-17.32050807568,10.,-119.5));
#1590 = DIRECTION('',(0.,0.,1.));
#1591 = DIRECTION('',(1.,0.,-0.));
#1592 = ADVANCED_FACE('',(#1593),#1612,.F.);
#1593 = FACE_BOUND('',#1594,.F.);
#1594 = EDGE_LOOP('',(#1595,#1603,#1604,#1605));
#1595 = ORIENTED_EDGE('',*,*,#1596,.T.);
#1596 = EDGE_CURVE('',#1597,#1508,#1599,.T.);
#1597 = VERTEX_POINT('',#1598);
#1598 = CARTESIAN_POINT('',(18.770508075689,10.,-124.5));
#1599 = LINE('',#1600,#1601);
#1600 = CARTESIAN_POINT('',(18.770508075689,10.,-124.6));
#1601 = VECTOR('',#1602,1.);
#1602 = DIRECTION('',(0.,0.,1.));
#1603 = ORIENTED_EDGE('',*,*,#1507,.F.);
#1604 = ORIENTED_EDGE('',*,*,#1596,.F.);
#1605 = ORIENTED_EDGE('',*,*,#1606,.T.);
#1606 = EDGE_CURVE('',#1597,#1597,#1607,.T.);
#1607 = CIRCLE('',#1608,1.45);
#1608 = AXIS2_PLACEMENT_3D('',#1609,#1610,#1611);
#1609 = CARTESIAN_POINT('',(17.320508075689,10.,-124.5));
#1610 = DIRECTION('',(0.,0.,1.));
#1611 = DIRECTION('',(1.,0.,-0.));
#1612 = CYLINDRICAL_SURFACE('',#1613,1.45);
#1613 = AXIS2_PLACEMENT_3D('',#1614,#1615,#1616);
#1614 = CARTESIAN_POINT('',(17.320508075689,10.,-124.6));
#1615 = DIRECTION('',(0.,0.,1.));
#1616 = DIRECTION('',(1.,0.,-0.));
#1617 = ADVANCED_FACE('',(#1618),#1637,.F.);
#1618 = FACE_BOUND('',#1619,.F.);
#1619 = EDGE_LOOP('',(#1620,#1628,#1629,#1630));
#1620 = ORIENTED_EDGE('',*,*,#1621,.T.);
#1621 = EDGE_CURVE('',#1622,#1544,#1624,.T.);
#1622 = VERTEX_POINT('',#1623);
#1623 = CARTESIAN_POINT('',(1.45,-20.,-124.5));
#1624 = LINE('',#1625,#1626);
#1625 = CARTESIAN_POINT('',(1.45,-20.,-124.6));
#1626 = VECTOR('',#1627,1.);
#1627 = DIRECTION('',(0.,0.,1.));
#1628 = ORIENTED_EDGE('',*,*,#1543,.F.);
#1629 = ORIENTED_EDGE('',*,*,#1621,.F.);
#1630 = ORIENTED_EDGE('',*,*,#1631,.T.);
#1631 = EDGE_CURVE('',#1622,#1622,#1632,.T.);
#1632 = CIRCLE('',#1633,1.45);
#1633 = AXIS2_PLACEMENT_3D('',#1634,#1635,#1636);
#1634 = CARTESIAN_POINT('',(-3.673940397442E-15,-20.,-124.5));
#1635 = DIRECTION('',(0.,0.,1.));
#1636 = DIRECTION('',(1.,0.,-0.));
#1637 = CYLINDRICAL_SURFACE('',#1638,1.45);
#1638 = AXIS2_PLACEMENT_3D('',#1639,#1640,#1641);
#1639 = CARTESIAN_POINT('',(-3.673940397442E-15,-20.,-124.6));
#1640 = DIRECTION('',(0.,0.,1.));
#1641 = DIRECTION('',(1.,0.,-0.));
#1642 = ADVANCED_FACE('',(#1643),#1662,.F.);
#1643 = FACE_BOUND('',#1644,.F.);
#1644 = EDGE_LOOP('',(#1645,#1653,#1654,#1655));
#1645 = ORIENTED_EDGE('',*,*,#1646,.T.);
#1646 = EDGE_CURVE('',#1647,#1580,#1649,.T.);
#1647 = VERTEX_POINT('',#1648);
#1648 = CARTESIAN_POINT('',(-15.87050807568,10.,-124.5));
#1649 = LINE('',#1650,#1651);
#1650 = CARTESIAN_POINT('',(-15.87050807568,10.,-124.6));
#1651 = VECTOR('',#1652,1.);
#1652 = DIRECTION('',(0.,0.,1.));
#1653 = ORIENTED_EDGE('',*,*,#1579,.F.);
#1654 = ORIENTED_EDGE('',*,*,#1646,.F.);
#1655 = ORIENTED_EDGE('',*,*,#1656,.T.);
#1656 = EDGE_CURVE('',#1647,#1647,#1657,.T.);
#1657 = CIRCLE('',#1658,1.45);
#1658 = AXIS2_PLACEMENT_3D('',#1659,#1660,#1661);
#1659 = CARTESIAN_POINT('',(-17.32050807568,10.,-124.5));
#1660 = DIRECTION('',(0.,0.,1.));
#1661 = DIRECTION('',(1.,0.,-0.));
#1662 = CYLINDRICAL_SURFACE('',#1663,1.45);
#1663 = AXIS2_PLACEMENT_3D('',#1664,#1665,#1666);
#1664 = CARTESIAN_POINT('',(-17.32050807568,10.,-124.6));
#1665 = DIRECTION('',(0.,0.,1.));
#1666 = DIRECTION('',(1.,0.,-0.));
#1667 = ADVANCED_FACE('',(#1668),#1697,.F.);
#1668 = FACE_BOUND('',#1669,.F.);
#1669 = EDGE_LOOP('',(#1670,#1671,#1679,#1688,#1695,#1696));
#1670 = ORIENTED_EDGE('',*,*,#298,.F.);
#1671 = ORIENTED_EDGE('',*,*,#1672,.F.);
#1672 = EDGE_CURVE('',#1673,#299,#1675,.T.);
#1673 = VERTEX_POINT('',#1674);
#1674 = CARTESIAN_POINT('',(-46.75,-35.,-11.5));
#1675 = LINE('',#1676,#1677);
#1676 = CARTESIAN_POINT('',(-46.75,-35.,-11.6));
#1677 = VECTOR('',#1678,1.);
#1678 = DIRECTION('',(0.,0.,1.));
#1679 = ORIENTED_EDGE('',*,*,#1680,.T.);
#1680 = EDGE_CURVE('',#1673,#1681,#1683,.T.);
#1681 = VERTEX_POINT('',#1682);
#1682 = CARTESIAN_POINT('',(-53.25,-35.,-11.5));
#1683 = CIRCLE('',#1684,3.25);
#1684 = AXIS2_PLACEMENT_3D('',#1685,#1686,#1687);
#1685 = CARTESIAN_POINT('',(-50.,-35.,-11.5));
#1686 = DIRECTION('',(0.,0.,1.));
#1687 = DIRECTION('',(1.,0.,-0.));
#1688 = ORIENTED_EDGE('',*,*,#1689,.T.);
#1689 = EDGE_CURVE('',#1681,#1673,#1690,.T.);
#1690 = CIRCLE('',#1691,3.25);
#1691 = AXIS2_PLACEMENT_3D('',#1692,#1693,#1694);
#1692 = CARTESIAN_POINT('',(-50.,-35.,-11.5));
#1693 = DIRECTION('',(0.,0.,1.));
#1694 = DIRECTION('',(1.,0.,-0.));
#1695 = ORIENTED_EDGE('',*,*,#1672,.T.);
#1696 = ORIENTED_EDGE('',*,*,#309,.F.);
#1697 = CYLINDRICAL_SURFACE('',#1698,3.25);
#1698 = AXIS2_PLACEMENT_3D('',#1699,#1700,#1701);
#1699 = CARTESIAN_POINT('',(-50.,-35.,-11.6));
#1700 = DIRECTION('',(0.,0.,1.));
#1701 = DIRECTION('',(1.,0.,-0.));
#1702 = ADVANCED_FACE('',(#1703),#1732,.F.);
#1703 = FACE_BOUND('',#1704,.F.);
#1704 = EDGE_LOOP('',(#1705,#1706,#1714,#1723,#1730,#1731));
#1705 = ORIENTED_EDGE('',*,*,#318,.F.);
#1706 = ORIENTED_EDGE('',*,*,#1707,.F.);
#1707 = EDGE_CURVE('',#1708,#319,#1710,.T.);
#1708 = VERTEX_POINT('',#1709);
#1709 = CARTESIAN_POINT('',(53.25,-35.,-11.5));
#1710 = LINE('',#1711,#1712);
#1711 = CARTESIAN_POINT('',(53.25,-35.,-11.6));
#1712 = VECTOR('',#1713,1.);
#1713 = DIRECTION('',(0.,0.,1.));
#1714 = ORIENTED_EDGE('',*,*,#1715,.T.);
#1715 = EDGE_CURVE('',#1708,#1716,#1718,.T.);
#1716 = VERTEX_POINT('',#1717);
#1717 = CARTESIAN_POINT('',(46.75,-35.,-11.5));
#1718 = CIRCLE('',#1719,3.25);
#1719 = AXIS2_PLACEMENT_3D('',#1720,#1721,#1722);
#1720 = CARTESIAN_POINT('',(50.,-35.,-11.5));
#1721 = DIRECTION('',(0.,0.,1.));
#1722 = DIRECTION('',(1.,0.,-0.));
#1723 = ORIENTED_EDGE('',*,*,#1724,.T.);
#1724 = EDGE_CURVE('',#1716,#1708,#1725,.T.);
#1725 = CIRCLE('',#1726,3.25);
#1726 = AXIS2_PLACEMENT_3D('',#1727,#1728,#1729);
#1727 = CARTESIAN_POINT('',(50.,-35.,-11.5));
#1728 = DIRECTION('',(0.,0.,1.));
#1729 = DIRECTION('',(1.,0.,-0.));
#1730 = ORIENTED_EDGE('',*,*,#1707,.T.);
#1731 = ORIENTED_EDGE('',*,*,#329,.F.);
#1732 = CYLINDRICAL_SURFACE('',#1733,3.25);
#1733 = AXIS2_PLACEMENT_3D('',#1734,#1735,#1736);
#1734 = CARTESIAN_POINT('',(50.,-35.,-11.6));
#1735 = DIRECTION('',(0.,0.,1.));
#1736 = DIRECTION('',(1.,0.,-0.));
#1737 = ADVANCED_FACE('',(#1738),#1767,.F.);
#1738 = FACE_BOUND('',#1739,.F.);
#1739 = EDGE_LOOP('',(#1740,#1741,#1749,#1758,#1765,#1766));
#1740 = ORIENTED_EDGE('',*,*,#349,.F.);
#1741 = ORIENTED_EDGE('',*,*,#1742,.F.);
#1742 = EDGE_CURVE('',#1743,#341,#1745,.T.);
#1743 = VERTEX_POINT('',#1744);
#1744 = CARTESIAN_POINT('',(-46.75,35.,-11.5));
#1745 = LINE('',#1746,#1747);
#1746 = CARTESIAN_POINT('',(-46.75,35.,-11.6));
#1747 = VECTOR('',#1748,1.);
#1748 = DIRECTION('',(0.,0.,1.));
#1749 = ORIENTED_EDGE('',*,*,#1750,.T.);
#1750 = EDGE_CURVE('',#1743,#1751,#1753,.T.);
#1751 = VERTEX_POINT('',#1752);
#1752 = CARTESIAN_POINT('',(-53.25,35.,-11.5));
#1753 = CIRCLE('',#1754,3.25);
#1754 = AXIS2_PLACEMENT_3D('',#1755,#1756,#1757);
#1755 = CARTESIAN_POINT('',(-50.,35.,-11.5));
#1756 = DIRECTION('',(0.,0.,1.));
#1757 = DIRECTION('',(1.,0.,-0.));
#1758 = ORIENTED_EDGE('',*,*,#1759,.T.);
#1759 = EDGE_CURVE('',#1751,#1743,#1760,.T.);
#1760 = CIRCLE('',#1761,3.25);
#1761 = AXIS2_PLACEMENT_3D('',#1762,#1763,#1764);
#1762 = CARTESIAN_POINT('',(-50.,35.,-11.5));
#1763 = DIRECTION('',(0.,0.,1.));
#1764 = DIRECTION('',(1.,0.,-0.));
#1765 = ORIENTED_EDGE('',*,*,#1742,.T.);
#1766 = ORIENTED_EDGE('',*,*,#338,.F.);
#1767 = CYLINDRICAL_SURFACE('',#1768,3.25);
#1768 = AXIS2_PLACEMENT_3D('',#1769,#1770,#1771);
#1769 = CARTESIAN_POINT('',(-50.,35.,-11.6));
#1770 = DIRECTION('',(0.,0.,1.));
#1771 = DIRECTION('',(1.,0.,-0.));
#1772 = ADVANCED_FACE('',(#1773),#1802,.F.);
#1773 = FACE_BOUND('',#1774,.F.);
#1774 = EDGE_LOOP('',(#1775,#1776,#1784,#1793,#1800,#1801));
#1775 = ORIENTED_EDGE('',*,*,#369,.F.);
#1776 = ORIENTED_EDGE('',*,*,#1777,.F.);
#1777 = EDGE_CURVE('',#1778,#361,#1780,.T.);
#1778 = VERTEX_POINT('',#1779);
#1779 = CARTESIAN_POINT('',(53.25,35.,-11.5));
#1780 = LINE('',#1781,#1782);
#1781 = CARTESIAN_POINT('',(53.25,35.,-11.6));
#1782 = VECTOR('',#1783,1.);
#1783 = DIRECTION('',(0.,0.,1.));
#1784 = ORIENTED_EDGE('',*,*,#1785,.T.);
#1785 = EDGE_CURVE('',#1778,#1786,#1788,.T.);
#1786 = VERTEX_POINT('',#1787);
#1787 = CARTESIAN_POINT('',(46.75,35.,-11.5));
#1788 = CIRCLE('',#1789,3.25);
#1789 = AXIS2_PLACEMENT_3D('',#1790,#1791,#1792);
#1790 = CARTESIAN_POINT('',(50.,35.,-11.5));
#1791 = DIRECTION('',(0.,0.,1.));
#1792 = DIRECTION('',(1.,0.,-0.));
#1793 = ORIENTED_EDGE('',*,*,#1794,.T.);
#1794 = EDGE_CURVE('',#1786,#1778,#1795,.T.);
#1795 = CIRCLE('',#1796,3.25);
#1796 = AXIS2_PLACEMENT_3D('',#1797,#1798,#1799);
#1797 = CARTESIAN_POINT('',(50.,35.,-11.5));
#1798 = DIRECTION('',(0.,0.,1.));
#1799 = DIRECTION('',(1.,0.,-0.));
#1800 = ORIENTED_EDGE('',*,*,#1777,.T.);
#1801 = ORIENTED_EDGE('',*,*,#358,.F.);
#1802 = CYLINDRICAL_SURFACE('',#1803,3.25);
#1803 = AXIS2_PLACEMENT_3D('',#1804,#1805,#1806);
#1804 = CARTESIAN_POINT('',(50.,35.,-11.6));
#1805 = DIRECTION('',(0.,0.,1.));
#1806 = DIRECTION('',(1.,0.,-0.));
#1807 = ADVANCED_FACE('',(#1808),#1857,.F.);
#1808 = FACE_BOUND('',#1809,.F.);
#1809 = EDGE_LOOP('',(#1810,#1818,#1827,#1836,#1845,#1852,#1853,#1854,
    #1855,#1856));
#1810 = ORIENTED_EDGE('',*,*,#1811,.T.);
#1811 = EDGE_CURVE('',#399,#1812,#1814,.T.);
#1812 = VERTEX_POINT('',#1813);
#1813 = CARTESIAN_POINT('',(57.3,-35.,-11.5));
#1814 = LINE('',#1815,#1816);
#1815 = CARTESIAN_POINT('',(57.3,-35.,-5.5));
#1816 = VECTOR('',#1817,1.);
#1817 = DIRECTION('',(0.,0.,-1.));
#1818 = ORIENTED_EDGE('',*,*,#1819,.F.);
#1819 = EDGE_CURVE('',#1820,#1812,#1822,.T.);
#1820 = VERTEX_POINT('',#1821);
#1821 = CARTESIAN_POINT('',(60.,-36.37477270848,-11.5));
#1822 = CIRCLE('',#1823,1.7);
#1823 = AXIS2_PLACEMENT_3D('',#1824,#1825,#1826);
#1824 = CARTESIAN_POINT('',(59.,-35.,-11.5));
#1825 = DIRECTION('',(0.,0.,-1.));
#1826 = DIRECTION('',(-1.,0.,-0.));
#1827 = ORIENTED_EDGE('',*,*,#1828,.F.);
#1828 = EDGE_CURVE('',#1829,#1820,#1831,.T.);
#1829 = VERTEX_POINT('',#1830);
#1830 = CARTESIAN_POINT('',(60.7,-35.,-11.5));
#1831 = CIRCLE('',#1832,1.7);
#1832 = AXIS2_PLACEMENT_3D('',#1833,#1834,#1835);
#1833 = CARTESIAN_POINT('',(59.,-35.,-11.5));
#1834 = DIRECTION('',(0.,0.,-1.));
#1835 = DIRECTION('',(-1.,0.,-0.));
#1836 = ORIENTED_EDGE('',*,*,#1837,.F.);
#1837 = EDGE_CURVE('',#1838,#1829,#1840,.T.);
#1838 = VERTEX_POINT('',#1839);
#1839 = CARTESIAN_POINT('',(60.,-33.62522729151,-11.5));
#1840 = CIRCLE('',#1841,1.7);
#1841 = AXIS2_PLACEMENT_3D('',#1842,#1843,#1844);
#1842 = CARTESIAN_POINT('',(59.,-35.,-11.5));
#1843 = DIRECTION('',(0.,0.,-1.));
#1844 = DIRECTION('',(-1.,0.,-0.));
#1845 = ORIENTED_EDGE('',*,*,#1846,.F.);
#1846 = EDGE_CURVE('',#1812,#1838,#1847,.T.);
#1847 = CIRCLE('',#1848,1.7);
#1848 = AXIS2_PLACEMENT_3D('',#1849,#1850,#1851);
#1849 = CARTESIAN_POINT('',(59.,-35.,-11.5));
#1850 = DIRECTION('',(0.,0.,-1.));
#1851 = DIRECTION('',(-1.,0.,-0.));
#1852 = ORIENTED_EDGE('',*,*,#1811,.F.);
#1853 = ORIENTED_EDGE('',*,*,#407,.T.);
#1854 = ORIENTED_EDGE('',*,*,#378,.T.);
#1855 = ORIENTED_EDGE('',*,*,#389,.T.);
#1856 = ORIENTED_EDGE('',*,*,#398,.T.);
#1857 = CYLINDRICAL_SURFACE('',#1858,1.7);
#1858 = AXIS2_PLACEMENT_3D('',#1859,#1860,#1861);
#1859 = CARTESIAN_POINT('',(59.,-35.,-5.5));
#1860 = DIRECTION('',(0.,0.,-1.));
#1861 = DIRECTION('',(-1.,0.,-0.));
#1862 = ADVANCED_FACE('',(#1863),#1912,.F.);
#1863 = FACE_BOUND('',#1864,.F.);
#1864 = EDGE_LOOP('',(#1865,#1873,#1882,#1891,#1900,#1907,#1908,#1909,
    #1910,#1911));
#1865 = ORIENTED_EDGE('',*,*,#1866,.T.);
#1866 = EDGE_CURVE('',#428,#1867,#1869,.T.);
#1867 = VERTEX_POINT('',#1868);
#1868 = CARTESIAN_POINT('',(-60.7,-35.,-11.5));
#1869 = LINE('',#1870,#1871);
#1870 = CARTESIAN_POINT('',(-60.7,-35.,-5.5));
#1871 = VECTOR('',#1872,1.);
#1872 = DIRECTION('',(0.,0.,-1.));
#1873 = ORIENTED_EDGE('',*,*,#1874,.F.);
#1874 = EDGE_CURVE('',#1875,#1867,#1877,.T.);
#1875 = VERTEX_POINT('',#1876);
#1876 = CARTESIAN_POINT('',(-60.,-36.37477270848,-11.5));
#1877 = CIRCLE('',#1878,1.7);
#1878 = AXIS2_PLACEMENT_3D('',#1879,#1880,#1881);
#1879 = CARTESIAN_POINT('',(-59.,-35.,-11.5));
#1880 = DIRECTION('',(0.,0.,-1.));
#1881 = DIRECTION('',(-1.,0.,-0.));
#1882 = ORIENTED_EDGE('',*,*,#1883,.F.);
#1883 = EDGE_CURVE('',#1884,#1875,#1886,.T.);
#1884 = VERTEX_POINT('',#1885);
#1885 = CARTESIAN_POINT('',(-57.3,-35.,-11.5));
#1886 = CIRCLE('',#1887,1.7);
#1887 = AXIS2_PLACEMENT_3D('',#1888,#1889,#1890);
#1888 = CARTESIAN_POINT('',(-59.,-35.,-11.5));
#1889 = DIRECTION('',(0.,0.,-1.));
#1890 = DIRECTION('',(-1.,0.,-0.));
#1891 = ORIENTED_EDGE('',*,*,#1892,.F.);
#1892 = EDGE_CURVE('',#1893,#1884,#1895,.T.);
#1893 = VERTEX_POINT('',#1894);
#1894 = CARTESIAN_POINT('',(-60.,-33.62522729151,-11.5));
#1895 = CIRCLE('',#1896,1.7);
#1896 = AXIS2_PLACEMENT_3D('',#1897,#1898,#1899);
#1897 = CARTESIAN_POINT('',(-59.,-35.,-11.5));
#1898 = DIRECTION('',(0.,0.,-1.));
#1899 = DIRECTION('',(-1.,0.,-0.));
#1900 = ORIENTED_EDGE('',*,*,#1901,.F.);
#1901 = EDGE_CURVE('',#1867,#1893,#1902,.T.);
#1902 = CIRCLE('',#1903,1.7);
#1903 = AXIS2_PLACEMENT_3D('',#1904,#1905,#1906);
#1904 = CARTESIAN_POINT('',(-59.,-35.,-11.5));
#1905 = DIRECTION('',(0.,0.,-1.));
#1906 = DIRECTION('',(-1.,0.,-0.));
#1907 = ORIENTED_EDGE('',*,*,#1866,.F.);
#1908 = ORIENTED_EDGE('',*,*,#436,.T.);
#1909 = ORIENTED_EDGE('',*,*,#445,.T.);
#1910 = ORIENTED_EDGE('',*,*,#416,.T.);
#1911 = ORIENTED_EDGE('',*,*,#427,.T.);
#1912 = CYLINDRICAL_SURFACE('',#1913,1.7);
#1913 = AXIS2_PLACEMENT_3D('',#1914,#1915,#1916);
#1914 = CARTESIAN_POINT('',(-59.,-35.,-5.5));
#1915 = DIRECTION('',(0.,0.,-1.));
#1916 = DIRECTION('',(-1.,0.,-0.));
#1917 = ADVANCED_FACE('',(#1918),#1967,.F.);
#1918 = FACE_BOUND('',#1919,.F.);
#1919 = EDGE_LOOP('',(#1920,#1928,#1937,#1946,#1955,#1962,#1963,#1964,
    #1965,#1966));
#1920 = ORIENTED_EDGE('',*,*,#1921,.T.);
#1921 = EDGE_CURVE('',#455,#1922,#1924,.T.);
#1922 = VERTEX_POINT('',#1923);
#1923 = CARTESIAN_POINT('',(57.3,35.,-11.5));
#1924 = LINE('',#1925,#1926);
#1925 = CARTESIAN_POINT('',(57.3,35.,-5.5));
#1926 = VECTOR('',#1927,1.);
#1927 = DIRECTION('',(0.,0.,-1.));
#1928 = ORIENTED_EDGE('',*,*,#1929,.F.);
#1929 = EDGE_CURVE('',#1930,#1922,#1932,.T.);
#1930 = VERTEX_POINT('',#1931);
#1931 = CARTESIAN_POINT('',(60.,33.625227291513,-11.5));
#1932 = CIRCLE('',#1933,1.7);
#1933 = AXIS2_PLACEMENT_3D('',#1934,#1935,#1936);
#1934 = CARTESIAN_POINT('',(59.,35.,-11.5));
#1935 = DIRECTION('',(0.,0.,-1.));
#1936 = DIRECTION('',(-1.,0.,-0.));
#1937 = ORIENTED_EDGE('',*,*,#1938,.F.);
#1938 = EDGE_CURVE('',#1939,#1930,#1941,.T.);
#1939 = VERTEX_POINT('',#1940);
#1940 = CARTESIAN_POINT('',(60.7,35.,-11.5));
#1941 = CIRCLE('',#1942,1.7);
#1942 = AXIS2_PLACEMENT_3D('',#1943,#1944,#1945);
#1943 = CARTESIAN_POINT('',(59.,35.,-11.5));
#1944 = DIRECTION('',(0.,0.,-1.));
#1945 = DIRECTION('',(-1.,0.,-0.));
#1946 = ORIENTED_EDGE('',*,*,#1947,.F.);
#1947 = EDGE_CURVE('',#1948,#1939,#1950,.T.);
#1948 = VERTEX_POINT('',#1949);
#1949 = CARTESIAN_POINT('',(60.,36.374772708487,-11.5));
#1950 = CIRCLE('',#1951,1.7);
#1951 = AXIS2_PLACEMENT_3D('',#1952,#1953,#1954);
#1952 = CARTESIAN_POINT('',(59.,35.,-11.5));
#1953 = DIRECTION('',(0.,0.,-1.));
#1954 = DIRECTION('',(-1.,0.,-0.));
#1955 = ORIENTED_EDGE('',*,*,#1956,.F.);
#1956 = EDGE_CURVE('',#1922,#1948,#1957,.T.);
#1957 = CIRCLE('',#1958,1.7);
#1958 = AXIS2_PLACEMENT_3D('',#1959,#1960,#1961);
#1959 = CARTESIAN_POINT('',(59.,35.,-11.5));
#1960 = DIRECTION('',(0.,0.,-1.));
#1961 = DIRECTION('',(-1.,0.,-0.));
#1962 = ORIENTED_EDGE('',*,*,#1921,.F.);
#1963 = ORIENTED_EDGE('',*,*,#454,.T.);
#1964 = ORIENTED_EDGE('',*,*,#465,.T.);
#1965 = ORIENTED_EDGE('',*,*,#474,.T.);
#1966 = ORIENTED_EDGE('',*,*,#483,.T.);
#1967 = CYLINDRICAL_SURFACE('',#1968,1.7);
#1968 = AXIS2_PLACEMENT_3D('',#1969,#1970,#1971);
#1969 = CARTESIAN_POINT('',(59.,35.,-5.5));
#1970 = DIRECTION('',(0.,0.,-1.));
#1971 = DIRECTION('',(-1.,0.,-0.));
#1972 = ADVANCED_FACE('',(#1973),#2022,.F.);
#1973 = FACE_BOUND('',#1974,.F.);
#1974 = EDGE_LOOP('',(#1975,#1983,#1992,#2001,#2010,#2017,#2018,#2019,
    #2020,#2021));
#1975 = ORIENTED_EDGE('',*,*,#1976,.T.);
#1976 = EDGE_CURVE('',#495,#1977,#1979,.T.);
#1977 = VERTEX_POINT('',#1978);
#1978 = CARTESIAN_POINT('',(-60.7,35.,-11.5));
#1979 = LINE('',#1980,#1981);
#1980 = CARTESIAN_POINT('',(-60.7,35.,-5.5));
#1981 = VECTOR('',#1982,1.);
#1982 = DIRECTION('',(0.,0.,-1.));
#1983 = ORIENTED_EDGE('',*,*,#1984,.F.);
#1984 = EDGE_CURVE('',#1985,#1977,#1987,.T.);
#1985 = VERTEX_POINT('',#1986);
#1986 = CARTESIAN_POINT('',(-60.,33.625227291513,-11.5));
#1987 = CIRCLE('',#1988,1.7);
#1988 = AXIS2_PLACEMENT_3D('',#1989,#1990,#1991);
#1989 = CARTESIAN_POINT('',(-59.,35.,-11.5));
#1990 = DIRECTION('',(0.,0.,-1.));
#1991 = DIRECTION('',(-1.,0.,-0.));
#1992 = ORIENTED_EDGE('',*,*,#1993,.F.);
#1993 = EDGE_CURVE('',#1994,#1985,#1996,.T.);
#1994 = VERTEX_POINT('',#1995);
#1995 = CARTESIAN_POINT('',(-57.3,35.,-11.5));
#1996 = CIRCLE('',#1997,1.7);
#1997 = AXIS2_PLACEMENT_3D('',#1998,#1999,#2000);
#1998 = CARTESIAN_POINT('',(-59.,35.,-11.5));
#1999 = DIRECTION('',(0.,0.,-1.));
#2000 = DIRECTION('',(-1.,0.,-0.));
#2001 = ORIENTED_EDGE('',*,*,#2002,.F.);
#2002 = EDGE_CURVE('',#2003,#1994,#2005,.T.);
#2003 = VERTEX_POINT('',#2004);
#2004 = CARTESIAN_POINT('',(-60.,36.374772708487,-11.5));
#2005 = CIRCLE('',#2006,1.7);
#2006 = AXIS2_PLACEMENT_3D('',#2007,#2008,#2009);
#2007 = CARTESIAN_POINT('',(-59.,35.,-11.5));
#2008 = DIRECTION('',(0.,0.,-1.));
#2009 = DIRECTION('',(-1.,0.,-0.));
#2010 = ORIENTED_EDGE('',*,*,#2011,.F.);
#2011 = EDGE_CURVE('',#1977,#2003,#2012,.T.);
#2012 = CIRCLE('',#2013,1.7);
#2013 = AXIS2_PLACEMENT_3D('',#2014,#2015,#2016);
#2014 = CARTESIAN_POINT('',(-59.,35.,-11.5));
#2015 = DIRECTION('',(0.,0.,-1.));
#2016 = DIRECTION('',(-1.,0.,-0.));
#2017 = ORIENTED_EDGE('',*,*,#1976,.F.);
#2018 = ORIENTED_EDGE('',*,*,#503,.T.);
#2019 = ORIENTED_EDGE('',*,*,#512,.T.);
#2020 = ORIENTED_EDGE('',*,*,#521,.T.);
#2021 = ORIENTED_EDGE('',*,*,#492,.T.);
#2022 = CYLINDRICAL_SURFACE('',#2023,1.7);
#2023 = AXIS2_PLACEMENT_3D('',#2024,#2025,#2026);
#2024 = CARTESIAN_POINT('',(-59.,35.,-5.5));
#2025 = DIRECTION('',(0.,0.,-1.));
#2026 = DIRECTION('',(-1.,0.,-0.));
#2027 = ADVANCED_FACE('',(#2028),#2067,.F.);
#2028 = FACE_BOUND('',#2029,.F.);
#2029 = EDGE_LOOP('',(#2030,#2038,#2047,#2056,#2063,#2064,#2065,#2066));
#2030 = ORIENTED_EDGE('',*,*,#2031,.T.);
#2031 = EDGE_CURVE('',#531,#2032,#2034,.T.);
#2032 = VERTEX_POINT('',#2033);
#2033 = CARTESIAN_POINT('',(57.3,5.,-11.5));
#2034 = LINE('',#2035,#2036);
#2035 = CARTESIAN_POINT('',(57.3,5.,-5.5));
#2036 = VECTOR('',#2037,1.);
#2037 = DIRECTION('',(0.,0.,-1.));
#2038 = ORIENTED_EDGE('',*,*,#2039,.F.);
#2039 = EDGE_CURVE('',#2040,#2032,#2042,.T.);
#2040 = VERTEX_POINT('',#2041);
#2041 = CARTESIAN_POINT('',(60.,3.625227291513,-11.5));
#2042 = CIRCLE('',#2043,1.7);
#2043 = AXIS2_PLACEMENT_3D('',#2044,#2045,#2046);
#2044 = CARTESIAN_POINT('',(59.,5.,-11.5));
#2045 = DIRECTION('',(0.,0.,-1.));
#2046 = DIRECTION('',(-1.,0.,-0.));
#2047 = ORIENTED_EDGE('',*,*,#2048,.F.);
#2048 = EDGE_CURVE('',#2049,#2040,#2051,.T.);
#2049 = VERTEX_POINT('',#2050);
#2050 = CARTESIAN_POINT('',(60.,6.374772708487,-11.5));
#2051 = CIRCLE('',#2052,1.7);
#2052 = AXIS2_PLACEMENT_3D('',#2053,#2054,#2055);
#2053 = CARTESIAN_POINT('',(59.,5.,-11.5));
#2054 = DIRECTION('',(0.,0.,-1.));
#2055 = DIRECTION('',(-1.,0.,-0.));
#2056 = ORIENTED_EDGE('',*,*,#2057,.F.);
#2057 = EDGE_CURVE('',#2032,#2049,#2058,.T.);
#2058 = CIRCLE('',#2059,1.7);
#2059 = AXIS2_PLACEMENT_3D('',#2060,#2061,#2062);
#2060 = CARTESIAN_POINT('',(59.,5.,-11.5));
#2061 = DIRECTION('',(0.,0.,-1.));
#2062 = DIRECTION('',(-1.,0.,-0.));
#2063 = ORIENTED_EDGE('',*,*,#2031,.F.);
#2064 = ORIENTED_EDGE('',*,*,#530,.T.);
#2065 = ORIENTED_EDGE('',*,*,#541,.T.);
#2066 = ORIENTED_EDGE('',*,*,#550,.T.);
#2067 = CYLINDRICAL_SURFACE('',#2068,1.7);
#2068 = AXIS2_PLACEMENT_3D('',#2069,#2070,#2071);
#2069 = CARTESIAN_POINT('',(59.,5.,-5.5));
#2070 = DIRECTION('',(0.,0.,-1.));
#2071 = DIRECTION('',(-1.,0.,-0.));
#2072 = ADVANCED_FACE('',(#2073),#2112,.F.);
#2073 = FACE_BOUND('',#2074,.F.);
#2074 = EDGE_LOOP('',(#2075,#2083,#2092,#2101,#2108,#2109,#2110,#2111));
#2075 = ORIENTED_EDGE('',*,*,#2076,.T.);
#2076 = EDGE_CURVE('',#560,#2077,#2079,.T.);
#2077 = VERTEX_POINT('',#2078);
#2078 = CARTESIAN_POINT('',(57.3,-5.,-11.5));
#2079 = LINE('',#2080,#2081);
#2080 = CARTESIAN_POINT('',(57.3,-5.,-5.5));
#2081 = VECTOR('',#2082,1.);
#2082 = DIRECTION('',(0.,0.,-1.));
#2083 = ORIENTED_EDGE('',*,*,#2084,.F.);
#2084 = EDGE_CURVE('',#2085,#2077,#2087,.T.);
#2085 = VERTEX_POINT('',#2086);
#2086 = CARTESIAN_POINT('',(60.,-6.374772708487,-11.5));
#2087 = CIRCLE('',#2088,1.7);
#2088 = AXIS2_PLACEMENT_3D('',#2089,#2090,#2091);
#2089 = CARTESIAN_POINT('',(59.,-5.,-11.5));
#2090 = DIRECTION('',(0.,0.,-1.));
#2091 = DIRECTION('',(-1.,0.,-0.));
#2092 = ORIENTED_EDGE('',*,*,#2093,.F.);
#2093 = EDGE_CURVE('',#2094,#2085,#2096,.T.);
#2094 = VERTEX_POINT('',#2095);
#2095 = CARTESIAN_POINT('',(60.,-3.625227291513,-11.5));
#2096 = CIRCLE('',#2097,1.7);
#2097 = AXIS2_PLACEMENT_3D('',#2098,#2099,#2100);
#2098 = CARTESIAN_POINT('',(59.,-5.,-11.5));
#2099 = DIRECTION('',(0.,0.,-1.));
#2100 = DIRECTION('',(-1.,0.,-0.));
#2101 = ORIENTED_EDGE('',*,*,#2102,.F.);
#2102 = EDGE_CURVE('',#2077,#2094,#2103,.T.);
#2103 = CIRCLE('',#2104,1.7);
#2104 = AXIS2_PLACEMENT_3D('',#2105,#2106,#2107);
#2105 = CARTESIAN_POINT('',(59.,-5.,-11.5));
#2106 = DIRECTION('',(0.,0.,-1.));
#2107 = DIRECTION('',(-1.,0.,-0.));
#2108 = ORIENTED_EDGE('',*,*,#2076,.F.);
#2109 = ORIENTED_EDGE('',*,*,#559,.T.);
#2110 = ORIENTED_EDGE('',*,*,#570,.T.);
#2111 = ORIENTED_EDGE('',*,*,#579,.T.);
#2112 = CYLINDRICAL_SURFACE('',#2113,1.7);
#2113 = AXIS2_PLACEMENT_3D('',#2114,#2115,#2116);
#2114 = CARTESIAN_POINT('',(59.,-5.,-5.5));
#2115 = DIRECTION('',(0.,0.,-1.));
#2116 = DIRECTION('',(-1.,0.,-0.));
#2117 = ADVANCED_FACE('',(#2118),#2157,.F.);
#2118 = FACE_BOUND('',#2119,.F.);
#2119 = EDGE_LOOP('',(#2120,#2128,#2137,#2146,#2153,#2154,#2155,#2156));
#2120 = ORIENTED_EDGE('',*,*,#2121,.T.);
#2121 = EDGE_CURVE('',#600,#2122,#2124,.T.);
#2122 = VERTEX_POINT('',#2123);
#2123 = CARTESIAN_POINT('',(-60.7,5.,-11.5));
#2124 = LINE('',#2125,#2126);
#2125 = CARTESIAN_POINT('',(-60.7,5.,-5.5));
#2126 = VECTOR('',#2127,1.);
#2127 = DIRECTION('',(0.,0.,-1.));
#2128 = ORIENTED_EDGE('',*,*,#2129,.F.);
#2129 = EDGE_CURVE('',#2130,#2122,#2132,.T.);
#2130 = VERTEX_POINT('',#2131);
#2131 = CARTESIAN_POINT('',(-60.,3.625227291513,-11.5));
#2132 = CIRCLE('',#2133,1.7);
#2133 = AXIS2_PLACEMENT_3D('',#2134,#2135,#2136);
#2134 = CARTESIAN_POINT('',(-59.,5.,-11.5));
#2135 = DIRECTION('',(0.,0.,-1.));
#2136 = DIRECTION('',(-1.,0.,-0.));
#2137 = ORIENTED_EDGE('',*,*,#2138,.F.);
#2138 = EDGE_CURVE('',#2139,#2130,#2141,.T.);
#2139 = VERTEX_POINT('',#2140);
#2140 = CARTESIAN_POINT('',(-60.,6.374772708487,-11.5));
#2141 = CIRCLE('',#2142,1.7);
#2142 = AXIS2_PLACEMENT_3D('',#2143,#2144,#2145);
#2143 = CARTESIAN_POINT('',(-59.,5.,-11.5));
#2144 = DIRECTION('',(0.,0.,-1.));
#2145 = DIRECTION('',(-1.,0.,-0.));
#2146 = ORIENTED_EDGE('',*,*,#2147,.F.);
#2147 = EDGE_CURVE('',#2122,#2139,#2148,.T.);
#2148 = CIRCLE('',#2149,1.7);
#2149 = AXIS2_PLACEMENT_3D('',#2150,#2151,#2152);
#2150 = CARTESIAN_POINT('',(-59.,5.,-11.5));
#2151 = DIRECTION('',(0.,0.,-1.));
#2152 = DIRECTION('',(-1.,0.,-0.));
#2153 = ORIENTED_EDGE('',*,*,#2121,.F.);
#2154 = ORIENTED_EDGE('',*,*,#608,.T.);
#2155 = ORIENTED_EDGE('',*,*,#588,.T.);
#2156 = ORIENTED_EDGE('',*,*,#599,.T.);
#2157 = CYLINDRICAL_SURFACE('',#2158,1.7);
#2158 = AXIS2_PLACEMENT_3D('',#2159,#2160,#2161);
#2159 = CARTESIAN_POINT('',(-59.,5.,-5.5));
#2160 = DIRECTION('',(0.,0.,-1.));
#2161 = DIRECTION('',(-1.,0.,-0.));
#2162 = ADVANCED_FACE('',(#2163),#2202,.F.);
#2163 = FACE_BOUND('',#2164,.F.);
#2164 = EDGE_LOOP('',(#2165,#2173,#2182,#2191,#2198,#2199,#2200,#2201));
#2165 = ORIENTED_EDGE('',*,*,#2166,.T.);
#2166 = EDGE_CURVE('',#629,#2167,#2169,.T.);
#2167 = VERTEX_POINT('',#2168);
#2168 = CARTESIAN_POINT('',(-60.7,-5.,-11.5));
#2169 = LINE('',#2170,#2171);
#2170 = CARTESIAN_POINT('',(-60.7,-5.,-5.5));
#2171 = VECTOR('',#2172,1.);
#2172 = DIRECTION('',(0.,0.,-1.));
#2173 = ORIENTED_EDGE('',*,*,#2174,.F.);
#2174 = EDGE_CURVE('',#2175,#2167,#2177,.T.);
#2175 = VERTEX_POINT('',#2176);
#2176 = CARTESIAN_POINT('',(-60.,-6.374772708487,-11.5));
#2177 = CIRCLE('',#2178,1.7);
#2178 = AXIS2_PLACEMENT_3D('',#2179,#2180,#2181);
#2179 = CARTESIAN_POINT('',(-59.,-5.,-11.5));
#2180 = DIRECTION('',(0.,0.,-1.));
#2181 = DIRECTION('',(-1.,0.,-0.));
#2182 = ORIENTED_EDGE('',*,*,#2183,.F.);
#2183 = EDGE_CURVE('',#2184,#2175,#2186,.T.);
#2184 = VERTEX_POINT('',#2185);
#2185 = CARTESIAN_POINT('',(-60.,-3.625227291513,-11.5));
#2186 = CIRCLE('',#2187,1.7);
#2187 = AXIS2_PLACEMENT_3D('',#2188,#2189,#2190);
#2188 = CARTESIAN_POINT('',(-59.,-5.,-11.5));
#2189 = DIRECTION('',(0.,0.,-1.));
#2190 = DIRECTION('',(-1.,0.,-0.));
#2191 = ORIENTED_EDGE('',*,*,#2192,.F.);
#2192 = EDGE_CURVE('',#2167,#2184,#2193,.T.);
#2193 = CIRCLE('',#2194,1.7);
#2194 = AXIS2_PLACEMENT_3D('',#2195,#2196,#2197);
#2195 = CARTESIAN_POINT('',(-59.,-5.,-11.5));
#2196 = DIRECTION('',(0.,0.,-1.));
#2197 = DIRECTION('',(-1.,0.,-0.));
#2198 = ORIENTED_EDGE('',*,*,#2166,.F.);
#2199 = ORIENTED_EDGE('',*,*,#637,.T.);
#2200 = ORIENTED_EDGE('',*,*,#617,.T.);
#2201 = ORIENTED_EDGE('',*,*,#628,.T.);
#2202 = CYLINDRICAL_SURFACE('',#2203,1.7);
#2203 = AXIS2_PLACEMENT_3D('',#2204,#2205,#2206);
#2204 = CARTESIAN_POINT('',(-59.,-5.,-5.5));
#2205 = DIRECTION('',(0.,0.,-1.));
#2206 = DIRECTION('',(-1.,0.,-0.));
#2207 = ADVANCED_FACE('',(#2208),#2247,.F.);
#2208 = FACE_BOUND('',#2209,.F.);
#2209 = EDGE_LOOP('',(#2210,#2218,#2227,#2236,#2243,#2244,#2245,#2246));
#2210 = ORIENTED_EDGE('',*,*,#2211,.T.);
#2211 = EDGE_CURVE('',#647,#2212,#2214,.T.);
#2212 = VERTEX_POINT('',#2213);
#2213 = CARTESIAN_POINT('',(57.3,25.,-11.5));
#2214 = LINE('',#2215,#2216);
#2215 = CARTESIAN_POINT('',(57.3,25.,-5.5));
#2216 = VECTOR('',#2217,1.);
#2217 = DIRECTION('',(0.,0.,-1.));
#2218 = ORIENTED_EDGE('',*,*,#2219,.F.);
#2219 = EDGE_CURVE('',#2220,#2212,#2222,.T.);
#2220 = VERTEX_POINT('',#2221);
#2221 = CARTESIAN_POINT('',(60.,23.625227291513,-11.5));
#2222 = CIRCLE('',#2223,1.7);
#2223 = AXIS2_PLACEMENT_3D('',#2224,#2225,#2226);
#2224 = CARTESIAN_POINT('',(59.,25.,-11.5));
#2225 = DIRECTION('',(0.,0.,-1.));
#2226 = DIRECTION('',(-1.,0.,-0.));
#2227 = ORIENTED_EDGE('',*,*,#2228,.F.);
#2228 = EDGE_CURVE('',#2229,#2220,#2231,.T.);
#2229 = VERTEX_POINT('',#2230);
#2230 = CARTESIAN_POINT('',(60.,26.374772708487,-11.5));
#2231 = CIRCLE('',#2232,1.7);
#2232 = AXIS2_PLACEMENT_3D('',#2233,#2234,#2235);
#2233 = CARTESIAN_POINT('',(59.,25.,-11.5));
#2234 = DIRECTION('',(0.,0.,-1.));
#2235 = DIRECTION('',(-1.,0.,-0.));
#2236 = ORIENTED_EDGE('',*,*,#2237,.F.);
#2237 = EDGE_CURVE('',#2212,#2229,#2238,.T.);
#2238 = CIRCLE('',#2239,1.7);
#2239 = AXIS2_PLACEMENT_3D('',#2240,#2241,#2242);
#2240 = CARTESIAN_POINT('',(59.,25.,-11.5));
#2241 = DIRECTION('',(0.,0.,-1.));
#2242 = DIRECTION('',(-1.,0.,-0.));
#2243 = ORIENTED_EDGE('',*,*,#2211,.F.);
#2244 = ORIENTED_EDGE('',*,*,#646,.T.);
#2245 = ORIENTED_EDGE('',*,*,#657,.T.);
#2246 = ORIENTED_EDGE('',*,*,#666,.T.);
#2247 = CYLINDRICAL_SURFACE('',#2248,1.7);
#2248 = AXIS2_PLACEMENT_3D('',#2249,#2250,#2251);
#2249 = CARTESIAN_POINT('',(59.,25.,-5.5));
#2250 = DIRECTION('',(0.,0.,-1.));
#2251 = DIRECTION('',(-1.,0.,-0.));
#2252 = ADVANCED_FACE('',(#2253),#2292,.F.);
#2253 = FACE_BOUND('',#2254,.F.);
#2254 = EDGE_LOOP('',(#2255,#2263,#2272,#2281,#2288,#2289,#2290,#2291));
#2255 = ORIENTED_EDGE('',*,*,#2256,.T.);
#2256 = EDGE_CURVE('',#676,#2257,#2259,.T.);
#2257 = VERTEX_POINT('',#2258);
#2258 = CARTESIAN_POINT('',(57.3,15.,-11.5));
#2259 = LINE('',#2260,#2261);
#2260 = CARTESIAN_POINT('',(57.3,15.,-5.5));
#2261 = VECTOR('',#2262,1.);
#2262 = DIRECTION('',(0.,0.,-1.));
#2263 = ORIENTED_EDGE('',*,*,#2264,.F.);
#2264 = EDGE_CURVE('',#2265,#2257,#2267,.T.);
#2265 = VERTEX_POINT('',#2266);
#2266 = CARTESIAN_POINT('',(60.,13.625227291513,-11.5));
#2267 = CIRCLE('',#2268,1.7);
#2268 = AXIS2_PLACEMENT_3D('',#2269,#2270,#2271);
#2269 = CARTESIAN_POINT('',(59.,15.,-11.5));
#2270 = DIRECTION('',(0.,0.,-1.));
#2271 = DIRECTION('',(-1.,0.,-0.));
#2272 = ORIENTED_EDGE('',*,*,#2273,.F.);
#2273 = EDGE_CURVE('',#2274,#2265,#2276,.T.);
#2274 = VERTEX_POINT('',#2275);
#2275 = CARTESIAN_POINT('',(60.,16.374772708487,-11.5));
#2276 = CIRCLE('',#2277,1.7);
#2277 = AXIS2_PLACEMENT_3D('',#2278,#2279,#2280);
#2278 = CARTESIAN_POINT('',(59.,15.,-11.5));
#2279 = DIRECTION('',(0.,0.,-1.));
#2280 = DIRECTION('',(-1.,0.,-0.));
#2281 = ORIENTED_EDGE('',*,*,#2282,.F.);
#2282 = EDGE_CURVE('',#2257,#2274,#2283,.T.);
#2283 = CIRCLE('',#2284,1.7);
#2284 = AXIS2_PLACEMENT_3D('',#2285,#2286,#2287);
#2285 = CARTESIAN_POINT('',(59.,15.,-11.5));
#2286 = DIRECTION('',(0.,0.,-1.));
#2287 = DIRECTION('',(-1.,0.,-0.));
#2288 = ORIENTED_EDGE('',*,*,#2256,.F.);
#2289 = ORIENTED_EDGE('',*,*,#675,.T.);
#2290 = ORIENTED_EDGE('',*,*,#686,.T.);
#2291 = ORIENTED_EDGE('',*,*,#695,.T.);
#2292 = CYLINDRICAL_SURFACE('',#2293,1.7);
#2293 = AXIS2_PLACEMENT_3D('',#2294,#2295,#2296);
#2294 = CARTESIAN_POINT('',(59.,15.,-5.5));
#2295 = DIRECTION('',(0.,0.,-1.));
#2296 = DIRECTION('',(-1.,0.,-0.));
#2297 = ADVANCED_FACE('',(#2298),#2337,.F.);
#2298 = FACE_BOUND('',#2299,.F.);
#2299 = EDGE_LOOP('',(#2300,#2308,#2317,#2326,#2333,#2334,#2335,#2336));
#2300 = ORIENTED_EDGE('',*,*,#2301,.T.);
#2301 = EDGE_CURVE('',#705,#2302,#2304,.T.);
#2302 = VERTEX_POINT('',#2303);
#2303 = CARTESIAN_POINT('',(57.3,-15.,-11.5));
#2304 = LINE('',#2305,#2306);
#2305 = CARTESIAN_POINT('',(57.3,-15.,-5.5));
#2306 = VECTOR('',#2307,1.);
#2307 = DIRECTION('',(0.,0.,-1.));
#2308 = ORIENTED_EDGE('',*,*,#2309,.F.);
#2309 = EDGE_CURVE('',#2310,#2302,#2312,.T.);
#2310 = VERTEX_POINT('',#2311);
#2311 = CARTESIAN_POINT('',(60.,-16.37477270848,-11.5));
#2312 = CIRCLE('',#2313,1.7);
#2313 = AXIS2_PLACEMENT_3D('',#2314,#2315,#2316);
#2314 = CARTESIAN_POINT('',(59.,-15.,-11.5));
#2315 = DIRECTION('',(0.,0.,-1.));
#2316 = DIRECTION('',(-1.,0.,-0.));
#2317 = ORIENTED_EDGE('',*,*,#2318,.F.);
#2318 = EDGE_CURVE('',#2319,#2310,#2321,.T.);
#2319 = VERTEX_POINT('',#2320);
#2320 = CARTESIAN_POINT('',(60.,-13.62522729151,-11.5));
#2321 = CIRCLE('',#2322,1.7);
#2322 = AXIS2_PLACEMENT_3D('',#2323,#2324,#2325);
#2323 = CARTESIAN_POINT('',(59.,-15.,-11.5));
#2324 = DIRECTION('',(0.,0.,-1.));
#2325 = DIRECTION('',(-1.,0.,-0.));
#2326 = ORIENTED_EDGE('',*,*,#2327,.F.);
#2327 = EDGE_CURVE('',#2302,#2319,#2328,.T.);
#2328 = CIRCLE('',#2329,1.7);
#2329 = AXIS2_PLACEMENT_3D('',#2330,#2331,#2332);
#2330 = CARTESIAN_POINT('',(59.,-15.,-11.5));
#2331 = DIRECTION('',(0.,0.,-1.));
#2332 = DIRECTION('',(-1.,0.,-0.));
#2333 = ORIENTED_EDGE('',*,*,#2301,.F.);
#2334 = ORIENTED_EDGE('',*,*,#704,.T.);
#2335 = ORIENTED_EDGE('',*,*,#715,.T.);
#2336 = ORIENTED_EDGE('',*,*,#724,.T.);
#2337 = CYLINDRICAL_SURFACE('',#2338,1.7);
#2338 = AXIS2_PLACEMENT_3D('',#2339,#2340,#2341);
#2339 = CARTESIAN_POINT('',(59.,-15.,-5.5));
#2340 = DIRECTION('',(0.,0.,-1.));
#2341 = DIRECTION('',(-1.,0.,-0.));
#2342 = ADVANCED_FACE('',(#2343),#2382,.F.);
#2343 = FACE_BOUND('',#2344,.F.);
#2344 = EDGE_LOOP('',(#2345,#2353,#2362,#2371,#2378,#2379,#2380,#2381));
#2345 = ORIENTED_EDGE('',*,*,#2346,.T.);
#2346 = EDGE_CURVE('',#734,#2347,#2349,.T.);
#2347 = VERTEX_POINT('',#2348);
#2348 = CARTESIAN_POINT('',(57.3,-25.,-11.5));
#2349 = LINE('',#2350,#2351);
#2350 = CARTESIAN_POINT('',(57.3,-25.,-5.5));
#2351 = VECTOR('',#2352,1.);
#2352 = DIRECTION('',(0.,0.,-1.));
#2353 = ORIENTED_EDGE('',*,*,#2354,.F.);
#2354 = EDGE_CURVE('',#2355,#2347,#2357,.T.);
#2355 = VERTEX_POINT('',#2356);
#2356 = CARTESIAN_POINT('',(60.,-26.37477270848,-11.5));
#2357 = CIRCLE('',#2358,1.7);
#2358 = AXIS2_PLACEMENT_3D('',#2359,#2360,#2361);
#2359 = CARTESIAN_POINT('',(59.,-25.,-11.5));
#2360 = DIRECTION('',(0.,0.,-1.));
#2361 = DIRECTION('',(-1.,0.,-0.));
#2362 = ORIENTED_EDGE('',*,*,#2363,.F.);
#2363 = EDGE_CURVE('',#2364,#2355,#2366,.T.);
#2364 = VERTEX_POINT('',#2365);
#2365 = CARTESIAN_POINT('',(60.,-23.62522729151,-11.5));
#2366 = CIRCLE('',#2367,1.7);
#2367 = AXIS2_PLACEMENT_3D('',#2368,#2369,#2370);
#2368 = CARTESIAN_POINT('',(59.,-25.,-11.5));
#2369 = DIRECTION('',(0.,0.,-1.));
#2370 = DIRECTION('',(-1.,0.,-0.));
#2371 = ORIENTED_EDGE('',*,*,#2372,.F.);
#2372 = EDGE_CURVE('',#2347,#2364,#2373,.T.);
#2373 = CIRCLE('',#2374,1.7);
#2374 = AXIS2_PLACEMENT_3D('',#2375,#2376,#2377);
#2375 = CARTESIAN_POINT('',(59.,-25.,-11.5));
#2376 = DIRECTION('',(0.,0.,-1.));
#2377 = DIRECTION('',(-1.,0.,-0.));
#2378 = ORIENTED_EDGE('',*,*,#2346,.F.);
#2379 = ORIENTED_EDGE('',*,*,#733,.T.);
#2380 = ORIENTED_EDGE('',*,*,#744,.T.);
#2381 = ORIENTED_EDGE('',*,*,#753,.T.);
#2382 = CYLINDRICAL_SURFACE('',#2383,1.7);
#2383 = AXIS2_PLACEMENT_3D('',#2384,#2385,#2386);
#2384 = CARTESIAN_POINT('',(59.,-25.,-5.5));
#2385 = DIRECTION('',(0.,0.,-1.));
#2386 = DIRECTION('',(-1.,0.,-0.));
#2387 = ADVANCED_FACE('',(#2388),#2427,.F.);
#2388 = FACE_BOUND('',#2389,.F.);
#2389 = EDGE_LOOP('',(#2390,#2398,#2407,#2416,#2423,#2424,#2425,#2426));
#2390 = ORIENTED_EDGE('',*,*,#2391,.T.);
#2391 = EDGE_CURVE('',#774,#2392,#2394,.T.);
#2392 = VERTEX_POINT('',#2393);
#2393 = CARTESIAN_POINT('',(-60.7,25.,-11.5));
#2394 = LINE('',#2395,#2396);
#2395 = CARTESIAN_POINT('',(-60.7,25.,-5.5));
#2396 = VECTOR('',#2397,1.);
#2397 = DIRECTION('',(0.,0.,-1.));
#2398 = ORIENTED_EDGE('',*,*,#2399,.F.);
#2399 = EDGE_CURVE('',#2400,#2392,#2402,.T.);
#2400 = VERTEX_POINT('',#2401);
#2401 = CARTESIAN_POINT('',(-60.,23.625227291513,-11.5));
#2402 = CIRCLE('',#2403,1.7);
#2403 = AXIS2_PLACEMENT_3D('',#2404,#2405,#2406);
#2404 = CARTESIAN_POINT('',(-59.,25.,-11.5));
#2405 = DIRECTION('',(0.,0.,-1.));
#2406 = DIRECTION('',(-1.,0.,-0.));
#2407 = ORIENTED_EDGE('',*,*,#2408,.F.);
#2408 = EDGE_CURVE('',#2409,#2400,#2411,.T.);
#2409 = VERTEX_POINT('',#2410);
#2410 = CARTESIAN_POINT('',(-60.,26.374772708487,-11.5));
#2411 = CIRCLE('',#2412,1.7);
#2412 = AXIS2_PLACEMENT_3D('',#2413,#2414,#2415);
#2413 = CARTESIAN_POINT('',(-59.,25.,-11.5));
#2414 = DIRECTION('',(0.,0.,-1.));
#2415 = DIRECTION('',(-1.,0.,-0.));
#2416 = ORIENTED_EDGE('',*,*,#2417,.F.);
#2417 = EDGE_CURVE('',#2392,#2409,#2418,.T.);
#2418 = CIRCLE('',#2419,1.7);
#2419 = AXIS2_PLACEMENT_3D('',#2420,#2421,#2422);
#2420 = CARTESIAN_POINT('',(-59.,25.,-11.5));
#2421 = DIRECTION('',(0.,0.,-1.));
#2422 = DIRECTION('',(-1.,0.,-0.));
#2423 = ORIENTED_EDGE('',*,*,#2391,.F.);
#2424 = ORIENTED_EDGE('',*,*,#782,.T.);
#2425 = ORIENTED_EDGE('',*,*,#762,.T.);
#2426 = ORIENTED_EDGE('',*,*,#773,.T.);
#2427 = CYLINDRICAL_SURFACE('',#2428,1.7);
#2428 = AXIS2_PLACEMENT_3D('',#2429,#2430,#2431);
#2429 = CARTESIAN_POINT('',(-59.,25.,-5.5));
#2430 = DIRECTION('',(0.,0.,-1.));
#2431 = DIRECTION('',(-1.,0.,-0.));
#2432 = ADVANCED_FACE('',(#2433),#2472,.F.);
#2433 = FACE_BOUND('',#2434,.F.);
#2434 = EDGE_LOOP('',(#2435,#2443,#2452,#2461,#2468,#2469,#2470,#2471));
#2435 = ORIENTED_EDGE('',*,*,#2436,.T.);
#2436 = EDGE_CURVE('',#803,#2437,#2439,.T.);
#2437 = VERTEX_POINT('',#2438);
#2438 = CARTESIAN_POINT('',(-60.7,15.,-11.5));
#2439 = LINE('',#2440,#2441);
#2440 = CARTESIAN_POINT('',(-60.7,15.,-5.5));
#2441 = VECTOR('',#2442,1.);
#2442 = DIRECTION('',(0.,0.,-1.));
#2443 = ORIENTED_EDGE('',*,*,#2444,.F.);
#2444 = EDGE_CURVE('',#2445,#2437,#2447,.T.);
#2445 = VERTEX_POINT('',#2446);
#2446 = CARTESIAN_POINT('',(-60.,13.625227291513,-11.5));
#2447 = CIRCLE('',#2448,1.7);
#2448 = AXIS2_PLACEMENT_3D('',#2449,#2450,#2451);
#2449 = CARTESIAN_POINT('',(-59.,15.,-11.5));
#2450 = DIRECTION('',(0.,0.,-1.));
#2451 = DIRECTION('',(-1.,0.,-0.));
#2452 = ORIENTED_EDGE('',*,*,#2453,.F.);
#2453 = EDGE_CURVE('',#2454,#2445,#2456,.T.);
#2454 = VERTEX_POINT('',#2455);
#2455 = CARTESIAN_POINT('',(-60.,16.374772708487,-11.5));
#2456 = CIRCLE('',#2457,1.7);
#2457 = AXIS2_PLACEMENT_3D('',#2458,#2459,#2460);
#2458 = CARTESIAN_POINT('',(-59.,15.,-11.5));
#2459 = DIRECTION('',(0.,0.,-1.));
#2460 = DIRECTION('',(-1.,0.,-0.));
#2461 = ORIENTED_EDGE('',*,*,#2462,.F.);
#2462 = EDGE_CURVE('',#2437,#2454,#2463,.T.);
#2463 = CIRCLE('',#2464,1.7);
#2464 = AXIS2_PLACEMENT_3D('',#2465,#2466,#2467);
#2465 = CARTESIAN_POINT('',(-59.,15.,-11.5));
#2466 = DIRECTION('',(0.,0.,-1.));
#2467 = DIRECTION('',(-1.,0.,-0.));
#2468 = ORIENTED_EDGE('',*,*,#2436,.F.);
#2469 = ORIENTED_EDGE('',*,*,#811,.T.);
#2470 = ORIENTED_EDGE('',*,*,#791,.T.);
#2471 = ORIENTED_EDGE('',*,*,#802,.T.);
#2472 = CYLINDRICAL_SURFACE('',#2473,1.7);
#2473 = AXIS2_PLACEMENT_3D('',#2474,#2475,#2476);
#2474 = CARTESIAN_POINT('',(-59.,15.,-5.5));
#2475 = DIRECTION('',(0.,0.,-1.));
#2476 = DIRECTION('',(-1.,0.,-0.));
#2477 = ADVANCED_FACE('',(#2478),#2517,.F.);
#2478 = FACE_BOUND('',#2479,.F.);
#2479 = EDGE_LOOP('',(#2480,#2488,#2497,#2506,#2513,#2514,#2515,#2516));
#2480 = ORIENTED_EDGE('',*,*,#2481,.T.);
#2481 = EDGE_CURVE('',#832,#2482,#2484,.T.);
#2482 = VERTEX_POINT('',#2483);
#2483 = CARTESIAN_POINT('',(-60.7,-15.,-11.5));
#2484 = LINE('',#2485,#2486);
#2485 = CARTESIAN_POINT('',(-60.7,-15.,-5.5));
#2486 = VECTOR('',#2487,1.);
#2487 = DIRECTION('',(0.,0.,-1.));
#2488 = ORIENTED_EDGE('',*,*,#2489,.F.);
#2489 = EDGE_CURVE('',#2490,#2482,#2492,.T.);
#2490 = VERTEX_POINT('',#2491);
#2491 = CARTESIAN_POINT('',(-60.,-16.37477270848,-11.5));
#2492 = CIRCLE('',#2493,1.7);
#2493 = AXIS2_PLACEMENT_3D('',#2494,#2495,#2496);
#2494 = CARTESIAN_POINT('',(-59.,-15.,-11.5));
#2495 = DIRECTION('',(0.,0.,-1.));
#2496 = DIRECTION('',(-1.,0.,-0.));
#2497 = ORIENTED_EDGE('',*,*,#2498,.F.);
#2498 = EDGE_CURVE('',#2499,#2490,#2501,.T.);
#2499 = VERTEX_POINT('',#2500);
#2500 = CARTESIAN_POINT('',(-60.,-13.62522729151,-11.5));
#2501 = CIRCLE('',#2502,1.7);
#2502 = AXIS2_PLACEMENT_3D('',#2503,#2504,#2505);
#2503 = CARTESIAN_POINT('',(-59.,-15.,-11.5));
#2504 = DIRECTION('',(0.,0.,-1.));
#2505 = DIRECTION('',(-1.,0.,-0.));
#2506 = ORIENTED_EDGE('',*,*,#2507,.F.);
#2507 = EDGE_CURVE('',#2482,#2499,#2508,.T.);
#2508 = CIRCLE('',#2509,1.7);
#2509 = AXIS2_PLACEMENT_3D('',#2510,#2511,#2512);
#2510 = CARTESIAN_POINT('',(-59.,-15.,-11.5));
#2511 = DIRECTION('',(0.,0.,-1.));
#2512 = DIRECTION('',(-1.,0.,-0.));
#2513 = ORIENTED_EDGE('',*,*,#2481,.F.);
#2514 = ORIENTED_EDGE('',*,*,#840,.T.);
#2515 = ORIENTED_EDGE('',*,*,#820,.T.);
#2516 = ORIENTED_EDGE('',*,*,#831,.T.);
#2517 = CYLINDRICAL_SURFACE('',#2518,1.7);
#2518 = AXIS2_PLACEMENT_3D('',#2519,#2520,#2521);
#2519 = CARTESIAN_POINT('',(-59.,-15.,-5.5));
#2520 = DIRECTION('',(0.,0.,-1.));
#2521 = DIRECTION('',(-1.,0.,-0.));
#2522 = ADVANCED_FACE('',(#2523),#2562,.F.);
#2523 = FACE_BOUND('',#2524,.F.);
#2524 = EDGE_LOOP('',(#2525,#2533,#2542,#2551,#2558,#2559,#2560,#2561));
#2525 = ORIENTED_EDGE('',*,*,#2526,.T.);
#2526 = EDGE_CURVE('',#861,#2527,#2529,.T.);
#2527 = VERTEX_POINT('',#2528);
#2528 = CARTESIAN_POINT('',(-60.7,-25.,-11.5));
#2529 = LINE('',#2530,#2531);
#2530 = CARTESIAN_POINT('',(-60.7,-25.,-5.5));
#2531 = VECTOR('',#2532,1.);
#2532 = DIRECTION('',(0.,0.,-1.));
#2533 = ORIENTED_EDGE('',*,*,#2534,.F.);
#2534 = EDGE_CURVE('',#2535,#2527,#2537,.T.);
#2535 = VERTEX_POINT('',#2536);
#2536 = CARTESIAN_POINT('',(-60.,-26.37477270848,-11.5));
#2537 = CIRCLE('',#2538,1.7);
#2538 = AXIS2_PLACEMENT_3D('',#2539,#2540,#2541);
#2539 = CARTESIAN_POINT('',(-59.,-25.,-11.5));
#2540 = DIRECTION('',(0.,0.,-1.));
#2541 = DIRECTION('',(-1.,0.,-0.));
#2542 = ORIENTED_EDGE('',*,*,#2543,.F.);
#2543 = EDGE_CURVE('',#2544,#2535,#2546,.T.);
#2544 = VERTEX_POINT('',#2545);
#2545 = CARTESIAN_POINT('',(-60.,-23.62522729151,-11.5));
#2546 = CIRCLE('',#2547,1.7);
#2547 = AXIS2_PLACEMENT_3D('',#2548,#2549,#2550);
#2548 = CARTESIAN_POINT('',(-59.,-25.,-11.5));
#2549 = DIRECTION('',(0.,0.,-1.));
#2550 = DIRECTION('',(-1.,0.,-0.));
#2551 = ORIENTED_EDGE('',*,*,#2552,.F.);
#2552 = EDGE_CURVE('',#2527,#2544,#2553,.T.);
#2553 = CIRCLE('',#2554,1.7);
#2554 = AXIS2_PLACEMENT_3D('',#2555,#2556,#2557);
#2555 = CARTESIAN_POINT('',(-59.,-25.,-11.5));
#2556 = DIRECTION('',(0.,0.,-1.));
#2557 = DIRECTION('',(-1.,0.,-0.));
#2558 = ORIENTED_EDGE('',*,*,#2526,.F.);
#2559 = ORIENTED_EDGE('',*,*,#869,.T.);
#2560 = ORIENTED_EDGE('',*,*,#849,.T.);
#2561 = ORIENTED_EDGE('',*,*,#860,.T.);
#2562 = CYLINDRICAL_SURFACE('',#2563,1.7);
#2563 = AXIS2_PLACEMENT_3D('',#2564,#2565,#2566);
#2564 = CARTESIAN_POINT('',(-59.,-25.,-5.5));
#2565 = DIRECTION('',(0.,0.,-1.));
#2566 = DIRECTION('',(-1.,0.,-0.));
#2567 = ADVANCED_FACE('',(#2568,#2578,#2581,#2585,#2589,#2593,#2597,
    #2603,#2609,#2615,#2621,#2626,#2631,#2636,#2641,#2646,#2651,#2656,
    #2661,#2666,#2671,#2676),#2681,.T.);
#2568 = FACE_BOUND('',#2569,.T.);
#2569 = EDGE_LOOP('',(#2570,#2571,#2572,#2573,#2574,#2575,#2576,#2577));
#2570 = ORIENTED_EDGE('',*,*,#95,.T.);
#2571 = ORIENTED_EDGE('',*,*,#175,.F.);
#2572 = ORIENTED_EDGE('',*,*,#191,.T.);
#2573 = ORIENTED_EDGE('',*,*,#261,.F.);
#2574 = ORIENTED_EDGE('',*,*,#223,.F.);
#2575 = ORIENTED_EDGE('',*,*,#135,.F.);
#2576 = ORIENTED_EDGE('',*,*,#63,.F.);
#2577 = ORIENTED_EDGE('',*,*,#40,.F.);
#2578 = FACE_BOUND('',#2579,.T.);
#2579 = EDGE_LOOP('',(#2580));
#2580 = ORIENTED_EDGE('',*,*,#1204,.T.);
#2581 = FACE_BOUND('',#2582,.T.);
#2582 = EDGE_LOOP('',(#2583,#2584));
#2583 = ORIENTED_EDGE('',*,*,#1680,.T.);
#2584 = ORIENTED_EDGE('',*,*,#1689,.T.);
#2585 = FACE_BOUND('',#2586,.T.);
#2586 = EDGE_LOOP('',(#2587,#2588));
#2587 = ORIENTED_EDGE('',*,*,#1759,.T.);
#2588 = ORIENTED_EDGE('',*,*,#1750,.T.);
#2589 = FACE_BOUND('',#2590,.T.);
#2590 = EDGE_LOOP('',(#2591,#2592));
#2591 = ORIENTED_EDGE('',*,*,#1794,.T.);
#2592 = ORIENTED_EDGE('',*,*,#1785,.T.);
#2593 = FACE_BOUND('',#2594,.T.);
#2594 = EDGE_LOOP('',(#2595,#2596));
#2595 = ORIENTED_EDGE('',*,*,#1715,.T.);
#2596 = ORIENTED_EDGE('',*,*,#1724,.T.);
#2597 = FACE_BOUND('',#2598,.T.);
#2598 = EDGE_LOOP('',(#2599,#2600,#2601,#2602));
#2599 = ORIENTED_EDGE('',*,*,#1837,.F.);
#2600 = ORIENTED_EDGE('',*,*,#1846,.F.);
#2601 = ORIENTED_EDGE('',*,*,#1819,.F.);
#2602 = ORIENTED_EDGE('',*,*,#1828,.F.);
#2603 = FACE_BOUND('',#2604,.T.);
#2604 = EDGE_LOOP('',(#2605,#2606,#2607,#2608));
#2605 = ORIENTED_EDGE('',*,*,#1956,.F.);
#2606 = ORIENTED_EDGE('',*,*,#1929,.F.);
#2607 = ORIENTED_EDGE('',*,*,#1938,.F.);
#2608 = ORIENTED_EDGE('',*,*,#1947,.F.);
#2609 = FACE_BOUND('',#2610,.T.);
#2610 = EDGE_LOOP('',(#2611,#2612,#2613,#2614));
#2611 = ORIENTED_EDGE('',*,*,#1984,.F.);
#2612 = ORIENTED_EDGE('',*,*,#1993,.F.);
#2613 = ORIENTED_EDGE('',*,*,#2002,.F.);
#2614 = ORIENTED_EDGE('',*,*,#2011,.F.);
#2615 = FACE_BOUND('',#2616,.T.);
#2616 = EDGE_LOOP('',(#2617,#2618,#2619,#2620));
#2617 = ORIENTED_EDGE('',*,*,#1901,.F.);
#2618 = ORIENTED_EDGE('',*,*,#1874,.F.);
#2619 = ORIENTED_EDGE('',*,*,#1883,.F.);
#2620 = ORIENTED_EDGE('',*,*,#1892,.F.);
#2621 = FACE_BOUND('',#2622,.T.);
#2622 = EDGE_LOOP('',(#2623,#2624,#2625));
#2623 = ORIENTED_EDGE('',*,*,#2057,.F.);
#2624 = ORIENTED_EDGE('',*,*,#2039,.F.);
#2625 = ORIENTED_EDGE('',*,*,#2048,.F.);
#2626 = FACE_BOUND('',#2627,.T.);
#2627 = EDGE_LOOP('',(#2628,#2629,#2630));
#2628 = ORIENTED_EDGE('',*,*,#2102,.F.);
#2629 = ORIENTED_EDGE('',*,*,#2084,.F.);
#2630 = ORIENTED_EDGE('',*,*,#2093,.F.);
#2631 = FACE_BOUND('',#2632,.T.);
#2632 = EDGE_LOOP('',(#2633,#2634,#2635));
#2633 = ORIENTED_EDGE('',*,*,#2138,.F.);
#2634 = ORIENTED_EDGE('',*,*,#2147,.F.);
#2635 = ORIENTED_EDGE('',*,*,#2129,.F.);
#2636 = FACE_BOUND('',#2637,.T.);
#2637 = EDGE_LOOP('',(#2638,#2639,#2640));
#2638 = ORIENTED_EDGE('',*,*,#2183,.F.);
#2639 = ORIENTED_EDGE('',*,*,#2192,.F.);
#2640 = ORIENTED_EDGE('',*,*,#2174,.F.);
#2641 = FACE_BOUND('',#2642,.T.);
#2642 = EDGE_LOOP('',(#2643,#2644,#2645));
#2643 = ORIENTED_EDGE('',*,*,#2282,.F.);
#2644 = ORIENTED_EDGE('',*,*,#2264,.F.);
#2645 = ORIENTED_EDGE('',*,*,#2273,.F.);
#2646 = FACE_BOUND('',#2647,.T.);
#2647 = EDGE_LOOP('',(#2648,#2649,#2650));
#2648 = ORIENTED_EDGE('',*,*,#2327,.F.);
#2649 = ORIENTED_EDGE('',*,*,#2309,.F.);
#2650 = ORIENTED_EDGE('',*,*,#2318,.F.);
#2651 = FACE_BOUND('',#2652,.T.);
#2652 = EDGE_LOOP('',(#2653,#2654,#2655));
#2653 = ORIENTED_EDGE('',*,*,#2372,.F.);
#2654 = ORIENTED_EDGE('',*,*,#2354,.F.);
#2655 = ORIENTED_EDGE('',*,*,#2363,.F.);
#2656 = FACE_BOUND('',#2657,.T.);
#2657 = EDGE_LOOP('',(#2658,#2659,#2660));
#2658 = ORIENTED_EDGE('',*,*,#2237,.F.);
#2659 = ORIENTED_EDGE('',*,*,#2219,.F.);
#2660 = ORIENTED_EDGE('',*,*,#2228,.F.);
#2661 = FACE_BOUND('',#2662,.T.);
#2662 = EDGE_LOOP('',(#2663,#2664,#2665));
#2663 = ORIENTED_EDGE('',*,*,#2408,.F.);
#2664 = ORIENTED_EDGE('',*,*,#2417,.F.);
#2665 = ORIENTED_EDGE('',*,*,#2399,.F.);
#2666 = FACE_BOUND('',#2667,.T.);
#2667 = EDGE_LOOP('',(#2668,#2669,#2670));
#2668 = ORIENTED_EDGE('',*,*,#2453,.F.);
#2669 = ORIENTED_EDGE('',*,*,#2462,.F.);
#2670 = ORIENTED_EDGE('',*,*,#2444,.F.);
#2671 = FACE_BOUND('',#2672,.T.);
#2672 = EDGE_LOOP('',(#2673,#2674,#2675));
#2673 = ORIENTED_EDGE('',*,*,#2498,.F.);
#2674 = ORIENTED_EDGE('',*,*,#2507,.F.);
#2675 = ORIENTED_EDGE('',*,*,#2489,.F.);
#2676 = FACE_BOUND('',#2677,.T.);
#2677 = EDGE_LOOP('',(#2678,#2679,#2680));
#2678 = ORIENTED_EDGE('',*,*,#2543,.F.);
#2679 = ORIENTED_EDGE('',*,*,#2552,.F.);
#2680 = ORIENTED_EDGE('',*,*,#2534,.F.);
#2681 = PLANE('',#2682);
#2682 = AXIS2_PLACEMENT_3D('',#2683,#2684,#2685);
#2683 = CARTESIAN_POINT('',(-4.212218767535E-16,8.248928419756E-16,-11.5
    ));
#2684 = DIRECTION('',(-0.,-0.,-1.));
#2685 = DIRECTION('',(-1.,0.,0.));
#2686 = ADVANCED_FACE('',(#2687,#2690,#2729,#2732,#2735),#2738,.F.);
#2687 = FACE_BOUND('',#2688,.T.);
#2688 = EDGE_LOOP('',(#2689));
#2689 = ORIENTED_EDGE('',*,*,#1247,.F.);
#2690 = FACE_BOUND('',#2691,.F.);
#2691 = EDGE_LOOP('',(#2692,#2693,#2702,#2709,#2710,#2719,#2726,#2727,
    #2728));
#2692 = ORIENTED_EDGE('',*,*,#1012,.F.);
#2693 = ORIENTED_EDGE('',*,*,#2694,.T.);
#2694 = EDGE_CURVE('',#1005,#2695,#2697,.T.);
#2695 = VERTEX_POINT('',#2696);
#2696 = CARTESIAN_POINT('',(3.25,-20.,-124.5));
#2697 = CIRCLE('',#2698,3.25);
#2698 = AXIS2_PLACEMENT_3D('',#2699,#2700,#2701);
#2699 = CARTESIAN_POINT('',(-3.673940397442E-15,-20.,-124.5));
#2700 = DIRECTION('',(0.,0.,1.));
#2701 = DIRECTION('',(1.,0.,-0.));
#2702 = ORIENTED_EDGE('',*,*,#2703,.T.);
#2703 = EDGE_CURVE('',#2695,#979,#2704,.T.);
#2704 = CIRCLE('',#2705,3.25);
#2705 = AXIS2_PLACEMENT_3D('',#2706,#2707,#2708);
#2706 = CARTESIAN_POINT('',(-3.673940397442E-15,-20.,-124.5));
#2707 = DIRECTION('',(0.,0.,1.));
#2708 = DIRECTION('',(1.,0.,-0.));
#2709 = ORIENTED_EDGE('',*,*,#978,.F.);
#2710 = ORIENTED_EDGE('',*,*,#2711,.T.);
#2711 = EDGE_CURVE('',#971,#2712,#2714,.T.);
#2712 = VERTEX_POINT('',#2713);
#2713 = CARTESIAN_POINT('',(-14.07050807568,10.,-124.5));
#2714 = CIRCLE('',#2715,3.25);
#2715 = AXIS2_PLACEMENT_3D('',#2716,#2717,#2718);
#2716 = CARTESIAN_POINT('',(-17.32050807568,10.,-124.5));
#2717 = DIRECTION('',(0.,0.,1.));
#2718 = DIRECTION('',(1.,0.,-0.));
#2719 = ORIENTED_EDGE('',*,*,#2720,.T.);
#2720 = EDGE_CURVE('',#2712,#945,#2721,.T.);
#2721 = CIRCLE('',#2722,3.25);
#2722 = AXIS2_PLACEMENT_3D('',#2723,#2724,#2725);
#2723 = CARTESIAN_POINT('',(-17.32050807568,10.,-124.5));
#2724 = DIRECTION('',(0.,0.,1.));
#2725 = DIRECTION('',(1.,0.,-0.));
#2726 = ORIENTED_EDGE('',*,*,#944,.F.);
#2727 = ORIENTED_EDGE('',*,*,#1487,.T.);
#2728 = ORIENTED_EDGE('',*,*,#1029,.F.);
#2729 = FACE_BOUND('',#2730,.F.);
#2730 = EDGE_LOOP('',(#2731));
#2731 = ORIENTED_EDGE('',*,*,#1631,.F.);
#2732 = FACE_BOUND('',#2733,.F.);
#2733 = EDGE_LOOP('',(#2734));
#2734 = ORIENTED_EDGE('',*,*,#1606,.F.);
#2735 = FACE_BOUND('',#2736,.F.);
#2736 = EDGE_LOOP('',(#2737));
#2737 = ORIENTED_EDGE('',*,*,#1656,.F.);
#2738 = PLANE('',#2739);
#2739 = AXIS2_PLACEMENT_3D('',#2740,#2741,#2742);
#2740 = CARTESIAN_POINT('',(0.,0.,-124.5));
#2741 = DIRECTION('',(0.,0.,1.));
#2742 = DIRECTION('',(1.,0.,-0.));
#2743 = ADVANCED_FACE('',(#2744),#2752,.T.);
#2744 = FACE_BOUND('',#2745,.T.);
#2745 = EDGE_LOOP('',(#2746,#2747,#2748,#2749,#2750,#2751));
#2746 = ORIENTED_EDGE('',*,*,#2703,.T.);
#2747 = ORIENTED_EDGE('',*,*,#987,.T.);
#2748 = ORIENTED_EDGE('',*,*,#1533,.F.);
#2749 = ORIENTED_EDGE('',*,*,#1524,.F.);
#2750 = ORIENTED_EDGE('',*,*,#1004,.F.);
#2751 = ORIENTED_EDGE('',*,*,#2694,.T.);
#2752 = CYLINDRICAL_SURFACE('',#2753,3.25);
#2753 = AXIS2_PLACEMENT_3D('',#2754,#2755,#2756);
#2754 = CARTESIAN_POINT('',(-3.673940397442E-15,-20.,-124.5));
#2755 = DIRECTION('',(0.,0.,1.));
#2756 = DIRECTION('',(1.,0.,-0.));
#2757 = ADVANCED_FACE('',(#2758),#2766,.T.);
#2758 = FACE_BOUND('',#2759,.T.);
#2759 = EDGE_LOOP('',(#2760,#2761,#2762,#2763,#2764,#2765));
#2760 = ORIENTED_EDGE('',*,*,#2720,.T.);
#2761 = ORIENTED_EDGE('',*,*,#953,.T.);
#2762 = ORIENTED_EDGE('',*,*,#1569,.F.);
#2763 = ORIENTED_EDGE('',*,*,#1560,.F.);
#2764 = ORIENTED_EDGE('',*,*,#970,.F.);
#2765 = ORIENTED_EDGE('',*,*,#2711,.T.);
#2766 = CYLINDRICAL_SURFACE('',#2767,3.25);
#2767 = AXIS2_PLACEMENT_3D('',#2768,#2769,#2770);
#2768 = CARTESIAN_POINT('',(-17.32050807568,10.,-124.5));
#2769 = DIRECTION('',(0.,0.,1.));
#2770 = DIRECTION('',(1.,0.,-0.));
#2771 = ( GEOMETRIC_REPRESENTATION_CONTEXT(3) 
GLOBAL_UNCERTAINTY_ASSIGNED_CONTEXT((#2775)) 
GLOBAL_UNIT_ASSIGNED_CONTEXT((#2772,#2773,#2774)) REPRESENTATION_CONTEXT
('Context #1','3D Context with UNIT and UNCERTAINTY') );
#2772 = ( LENGTH_UNIT() NAMED_UNIT(*) SI_UNIT(.MILLI.,.METRE.) );
#2773 = ( NAMED_UNIT(*) PLANE_ANGLE_UNIT() SI_UNIT($,.RADIAN.) );
#2774 = ( NAMED_UNIT(*) SI_UNIT($,.STERADIAN.) SOLID_ANGLE_UNIT() );
#2775 = UNCERTAINTY_MEASURE_WITH_UNIT(LENGTH_MEASURE(1.E-07),#2772,
  'distance_accuracy_value','confusion accuracy');
#2776 = PRODUCT_RELATED_PRODUCT_CATEGORY('part',$,(#7));
ENDSEC;
END-ISO-10303-21;
