ISO-10303-21;
HEADER;
FILE_DESCRIPTION(('FreeCAD Model'),'2;1');
FILE_NAME('Open CASCADE Shape Model','2026-09-09T12:54:22',('Author'),(
    ''),'Open CASCADE STEP processor 7.8','FreeCAD','Unknown');
FILE_SCHEMA(('AUTOMOTIVE_DESIGN { 1 0 10303 214 1 1 1 1 }'));
ENDSEC;
DATA;
#1 = APPLICATION_PROTOCOL_DEFINITION('international standard',
  'automotive_design',2000,#2);
#2 = APPLICATION_CONTEXT(
  'core data for automotive mechanical design processes');
#3 = SHAPE_DEFINITION_REPRESENTATION(#4,#10);
#4 = PRODUCT_DEFINITION_SHAPE('','',#5);
#5 = PRODUCT_DEFINITION('design','',#6,#9);
#6 = PRODUCT_DEFINITION_FORMATION('','',#7);
#7 = PRODUCT('UAV V3 lower board cover','UAV V3 lower board cover','',(
    #8));
#8 = PRODUCT_CONTEXT('',#2,'mechanical');
#9 = PRODUCT_DEFINITION_CONTEXT('part definition',#2,'design');
#10 = ADVANCED_BREP_SHAPE_REPRESENTATION('',(#11,#15),#2563);
#11 = AXIS2_PLACEMENT_3D('',#12,#13,#14);
#12 = CARTESIAN_POINT('',(0.,0.,0.));
#13 = DIRECTION('',(0.,0.,1.));
#14 = DIRECTION('',(1.,0.,-0.));
#15 = MANIFOLD_SOLID_BREP('',#16);
#16 = CLOSED_SHELL('',(#17,#59,#143,#167,#244,#291,#308,#339,#395,#599,
    #619,#636,#660,#685,#705,#982,#1008,#1066,#1083,#1150,#1167,#1184,
    #1196,#1220,#1274,#1306,#1330,#1355,#1379,#1404,#1428,#1453,#1470,
    #1502,#1526,#1551,#1575,#1600,#1624,#1649,#1666,#1691,#1716,#1748,
    #1772,#1796,#1821,#1846,#1870,#1894,#1912,#1937,#1962,#1987,#2012,
    #2037,#2062,#2087,#2112,#2137,#2162,#2187,#2212,#2241,#2266,#2291,
    #2316,#2341,#2353,#2365,#2377,#2397,#2417,#2529,#2546));
#17 = ADVANCED_FACE('',(#18),#54,.T.);
#18 = FACE_BOUND('',#19,.T.);
#19 = EDGE_LOOP('',(#20,#31,#39,#48));
#20 = ORIENTED_EDGE('',*,*,#21,.F.);
#21 = EDGE_CURVE('',#22,#24,#26,.T.);
#22 = VERTEX_POINT('',#23);
#23 = CARTESIAN_POINT('',(-50.,-38.,9.45));
#24 = VERTEX_POINT('',#25);
#25 = CARTESIAN_POINT('',(-47.40192378864,-36.5,9.45));
#26 = CIRCLE('',#27,3.);
#27 = AXIS2_PLACEMENT_3D('',#28,#29,#30);
#28 = CARTESIAN_POINT('',(-50.,-35.,9.45));
#29 = DIRECTION('',(0.,0.,1.));
#30 = DIRECTION('',(1.,0.,-0.));
#31 = ORIENTED_EDGE('',*,*,#32,.T.);
#32 = EDGE_CURVE('',#22,#33,#35,.T.);
#33 = VERTEX_POINT('',#34);
#34 = CARTESIAN_POINT('',(50.,-38.,9.45));
#35 = LINE('',#36,#37);
#36 = CARTESIAN_POINT('',(-53.,-38.,9.45));
#37 = VECTOR('',#38,1.);
#38 = DIRECTION('',(1.,0.,-0.));
#39 = ORIENTED_EDGE('',*,*,#40,.F.);
#40 = EDGE_CURVE('',#41,#33,#43,.T.);
#41 = VERTEX_POINT('',#42);
#42 = CARTESIAN_POINT('',(47.401923788647,-36.5,9.45));
#43 = CIRCLE('',#44,3.);
#44 = AXIS2_PLACEMENT_3D('',#45,#46,#47);
#45 = CARTESIAN_POINT('',(50.,-35.,9.45));
#46 = DIRECTION('',(0.,0.,1.));
#47 = DIRECTION('',(1.,0.,-0.));
#48 = ORIENTED_EDGE('',*,*,#49,.F.);
#49 = EDGE_CURVE('',#24,#41,#50,.T.);
#50 = LINE('',#51,#52);
#51 = CARTESIAN_POINT('',(-53.,-36.5,9.45));
#52 = VECTOR('',#53,1.);
#53 = DIRECTION('',(1.,0.,-0.));
#54 = PLANE('',#55);
#55 = AXIS2_PLACEMENT_3D('',#56,#57,#58);
#56 = CARTESIAN_POINT('',(-53.,-38.,9.45));
#57 = DIRECTION('',(0.,0.,1.));
#58 = DIRECTION('',(1.,0.,-0.));
#59 = ADVANCED_FACE('',(#60),#138,.T.);
#60 = FACE_BOUND('',#61,.T.);
#61 = EDGE_LOOP('',(#62,#70,#79,#87,#94,#95,#104,#112,#121,#130,#137));
#62 = ORIENTED_EDGE('',*,*,#63,.F.);
#63 = EDGE_CURVE('',#64,#24,#66,.T.);
#64 = VERTEX_POINT('',#65);
#65 = CARTESIAN_POINT('',(-47.40192378864,-36.5,-2.5));
#66 = LINE('',#67,#68);
#67 = CARTESIAN_POINT('',(-47.40192378864,-36.5,-2.5));
#68 = VECTOR('',#69,1.);
#69 = DIRECTION('',(0.,0.,1.));
#70 = ORIENTED_EDGE('',*,*,#71,.T.);
#71 = EDGE_CURVE('',#64,#72,#74,.T.);
#72 = VERTEX_POINT('',#73);
#73 = CARTESIAN_POINT('',(-47.,-35.,-2.5));
#74 = CIRCLE('',#75,3.);
#75 = AXIS2_PLACEMENT_3D('',#76,#77,#78);
#76 = CARTESIAN_POINT('',(-50.,-35.,-2.5));
#77 = DIRECTION('',(0.,0.,1.));
#78 = DIRECTION('',(1.,0.,-0.));
#79 = ORIENTED_EDGE('',*,*,#80,.T.);
#80 = EDGE_CURVE('',#72,#81,#83,.T.);
#81 = VERTEX_POINT('',#82);
#82 = CARTESIAN_POINT('',(-47.,-35.,10.5));
#83 = LINE('',#84,#85);
#84 = CARTESIAN_POINT('',(-47.,-35.,-2.5));
#85 = VECTOR('',#86,1.);
#86 = DIRECTION('',(0.,0.,1.));
#87 = ORIENTED_EDGE('',*,*,#88,.F.);
#88 = EDGE_CURVE('',#81,#81,#89,.T.);
#89 = CIRCLE('',#90,3.);
#90 = AXIS2_PLACEMENT_3D('',#91,#92,#93);
#91 = CARTESIAN_POINT('',(-50.,-35.,10.5));
#92 = DIRECTION('',(0.,0.,1.));
#93 = DIRECTION('',(1.,0.,-0.));
#94 = ORIENTED_EDGE('',*,*,#80,.F.);
#95 = ORIENTED_EDGE('',*,*,#96,.T.);
#96 = EDGE_CURVE('',#72,#97,#99,.T.);
#97 = VERTEX_POINT('',#98);
#98 = CARTESIAN_POINT('',(-51.5,-32.40192378864,-2.5));
#99 = CIRCLE('',#100,3.);
#100 = AXIS2_PLACEMENT_3D('',#101,#102,#103);
#101 = CARTESIAN_POINT('',(-50.,-35.,-2.5));
#102 = DIRECTION('',(0.,0.,1.));
#103 = DIRECTION('',(1.,0.,-0.));
#104 = ORIENTED_EDGE('',*,*,#105,.T.);
#105 = EDGE_CURVE('',#97,#106,#108,.T.);
#106 = VERTEX_POINT('',#107);
#107 = CARTESIAN_POINT('',(-51.5,-32.40192378864,9.45));
#108 = LINE('',#109,#110);
#109 = CARTESIAN_POINT('',(-51.5,-32.40192378864,-2.5));
#110 = VECTOR('',#111,1.);
#111 = DIRECTION('',(0.,0.,1.));
#112 = ORIENTED_EDGE('',*,*,#113,.T.);
#113 = EDGE_CURVE('',#106,#114,#116,.T.);
#114 = VERTEX_POINT('',#115);
#115 = CARTESIAN_POINT('',(-53.,-35.,9.45));
#116 = CIRCLE('',#117,3.);
#117 = AXIS2_PLACEMENT_3D('',#118,#119,#120);
#118 = CARTESIAN_POINT('',(-50.,-35.,9.45));
#119 = DIRECTION('',(0.,0.,1.));
#120 = DIRECTION('',(1.,0.,-0.));
#121 = ORIENTED_EDGE('',*,*,#122,.T.);
#122 = EDGE_CURVE('',#114,#123,#125,.T.);
#123 = VERTEX_POINT('',#124);
#124 = CARTESIAN_POINT('',(-52.59807621135,-36.5,9.45));
#125 = CIRCLE('',#126,3.);
#126 = AXIS2_PLACEMENT_3D('',#127,#128,#129);
#127 = CARTESIAN_POINT('',(-50.,-35.,9.45));
#128 = DIRECTION('',(0.,0.,1.));
#129 = DIRECTION('',(1.,0.,-0.));
#130 = ORIENTED_EDGE('',*,*,#131,.T.);
#131 = EDGE_CURVE('',#123,#22,#132,.T.);
#132 = CIRCLE('',#133,3.);
#133 = AXIS2_PLACEMENT_3D('',#134,#135,#136);
#134 = CARTESIAN_POINT('',(-50.,-35.,9.45));
#135 = DIRECTION('',(0.,0.,1.));
#136 = DIRECTION('',(1.,0.,-0.));
#137 = ORIENTED_EDGE('',*,*,#21,.T.);
#138 = CYLINDRICAL_SURFACE('',#139,3.);
#139 = AXIS2_PLACEMENT_3D('',#140,#141,#142);
#140 = CARTESIAN_POINT('',(-50.,-35.,-2.5));
#141 = DIRECTION('',(0.,0.,1.));
#142 = DIRECTION('',(1.,0.,-0.));
#143 = ADVANCED_FACE('',(#144),#162,.T.);
#144 = FACE_BOUND('',#145,.T.);
#145 = EDGE_LOOP('',(#146,#154,#160,#161));
#146 = ORIENTED_EDGE('',*,*,#147,.F.);
#147 = EDGE_CURVE('',#148,#41,#150,.T.);
#148 = VERTEX_POINT('',#149);
#149 = CARTESIAN_POINT('',(47.401923788647,-36.5,-2.5));
#150 = LINE('',#151,#152);
#151 = CARTESIAN_POINT('',(47.401923788647,-36.5,-2.5));
#152 = VECTOR('',#153,1.);
#153 = DIRECTION('',(0.,0.,1.));
#154 = ORIENTED_EDGE('',*,*,#155,.F.);
#155 = EDGE_CURVE('',#64,#148,#156,.T.);
#156 = LINE('',#157,#158);
#157 = CARTESIAN_POINT('',(-51.5,-36.5,-2.5));
#158 = VECTOR('',#159,1.);
#159 = DIRECTION('',(1.,0.,-0.));
#160 = ORIENTED_EDGE('',*,*,#63,.T.);
#161 = ORIENTED_EDGE('',*,*,#49,.T.);
#162 = PLANE('',#163);
#163 = AXIS2_PLACEMENT_3D('',#164,#165,#166);
#164 = CARTESIAN_POINT('',(1.703909924398E-14,-36.5,3.475));
#165 = DIRECTION('',(0.,1.,0.));
#166 = DIRECTION('',(0.,-0.,1.));
#167 = ADVANCED_FACE('',(#168),#239,.T.);
#168 = FACE_BOUND('',#169,.T.);
#169 = EDGE_LOOP('',(#170,#179,#188,#196,#203,#204,#213,#221,#230,#237,
    #238));
#170 = ORIENTED_EDGE('',*,*,#171,.T.);
#171 = EDGE_CURVE('',#33,#172,#174,.T.);
#172 = VERTEX_POINT('',#173);
#173 = CARTESIAN_POINT('',(52.598076211353,-36.5,9.45));
#174 = CIRCLE('',#175,3.);
#175 = AXIS2_PLACEMENT_3D('',#176,#177,#178);
#176 = CARTESIAN_POINT('',(50.,-35.,9.45));
#177 = DIRECTION('',(0.,0.,1.));
#178 = DIRECTION('',(1.,0.,-0.));
#179 = ORIENTED_EDGE('',*,*,#180,.T.);
#180 = EDGE_CURVE('',#172,#181,#183,.T.);
#181 = VERTEX_POINT('',#182);
#182 = CARTESIAN_POINT('',(53.,-35.,9.45));
#183 = CIRCLE('',#184,3.);
#184 = AXIS2_PLACEMENT_3D('',#185,#186,#187);
#185 = CARTESIAN_POINT('',(50.,-35.,9.45));
#186 = DIRECTION('',(0.,0.,1.));
#187 = DIRECTION('',(1.,0.,-0.));
#188 = ORIENTED_EDGE('',*,*,#189,.T.);
#189 = EDGE_CURVE('',#181,#190,#192,.T.);
#190 = VERTEX_POINT('',#191);
#191 = CARTESIAN_POINT('',(53.,-35.,10.5));
#192 = LINE('',#193,#194);
#193 = CARTESIAN_POINT('',(53.,-35.,-2.5));
#194 = VECTOR('',#195,1.);
#195 = DIRECTION('',(0.,0.,1.));
#196 = ORIENTED_EDGE('',*,*,#197,.F.);
#197 = EDGE_CURVE('',#190,#190,#198,.T.);
#198 = CIRCLE('',#199,3.);
#199 = AXIS2_PLACEMENT_3D('',#200,#201,#202);
#200 = CARTESIAN_POINT('',(50.,-35.,10.5));
#201 = DIRECTION('',(0.,0.,1.));
#202 = DIRECTION('',(1.,0.,-0.));
#203 = ORIENTED_EDGE('',*,*,#189,.F.);
#204 = ORIENTED_EDGE('',*,*,#205,.T.);
#205 = EDGE_CURVE('',#181,#206,#208,.T.);
#206 = VERTEX_POINT('',#207);
#207 = CARTESIAN_POINT('',(51.5,-32.40192378864,9.45));
#208 = CIRCLE('',#209,3.);
#209 = AXIS2_PLACEMENT_3D('',#210,#211,#212);
#210 = CARTESIAN_POINT('',(50.,-35.,9.45));
#211 = DIRECTION('',(0.,0.,1.));
#212 = DIRECTION('',(1.,0.,-0.));
#213 = ORIENTED_EDGE('',*,*,#214,.F.);
#214 = EDGE_CURVE('',#215,#206,#217,.T.);
#215 = VERTEX_POINT('',#216);
#216 = CARTESIAN_POINT('',(51.5,-32.40192378864,-2.5));
#217 = LINE('',#218,#219);
#218 = CARTESIAN_POINT('',(51.5,-32.40192378864,-2.5));
#219 = VECTOR('',#220,1.);
#220 = DIRECTION('',(0.,0.,1.));
#221 = ORIENTED_EDGE('',*,*,#222,.T.);
#222 = EDGE_CURVE('',#215,#223,#225,.T.);
#223 = VERTEX_POINT('',#224);
#224 = CARTESIAN_POINT('',(47.,-35.,-2.5));
#225 = CIRCLE('',#226,3.);
#226 = AXIS2_PLACEMENT_3D('',#227,#228,#229);
#227 = CARTESIAN_POINT('',(50.,-35.,-2.5));
#228 = DIRECTION('',(0.,0.,1.));
#229 = DIRECTION('',(1.,0.,-0.));
#230 = ORIENTED_EDGE('',*,*,#231,.T.);
#231 = EDGE_CURVE('',#223,#148,#232,.T.);
#232 = CIRCLE('',#233,3.);
#233 = AXIS2_PLACEMENT_3D('',#234,#235,#236);
#234 = CARTESIAN_POINT('',(50.,-35.,-2.5));
#235 = DIRECTION('',(0.,0.,1.));
#236 = DIRECTION('',(1.,0.,-0.));
#237 = ORIENTED_EDGE('',*,*,#147,.T.);
#238 = ORIENTED_EDGE('',*,*,#40,.T.);
#239 = CYLINDRICAL_SURFACE('',#240,3.);
#240 = AXIS2_PLACEMENT_3D('',#241,#242,#243);
#241 = CARTESIAN_POINT('',(50.,-35.,-2.5));
#242 = DIRECTION('',(0.,0.,1.));
#243 = DIRECTION('',(1.,0.,-0.));
#244 = ADVANCED_FACE('',(#245),#286,.T.);
#245 = FACE_BOUND('',#246,.T.);
#246 = EDGE_LOOP('',(#247,#257,#265,#271,#272,#280));
#247 = ORIENTED_EDGE('',*,*,#248,.T.);
#248 = EDGE_CURVE('',#249,#251,#253,.T.);
#249 = VERTEX_POINT('',#250);
#250 = CARTESIAN_POINT('',(-53.,-38.,-2.5));
#251 = VERTEX_POINT('',#252);
#252 = CARTESIAN_POINT('',(53.,-38.,-2.5));
#253 = LINE('',#254,#255);
#254 = CARTESIAN_POINT('',(-53.,-38.,-2.5));
#255 = VECTOR('',#256,1.);
#256 = DIRECTION('',(1.,0.,-0.));
#257 = ORIENTED_EDGE('',*,*,#258,.T.);
#258 = EDGE_CURVE('',#251,#259,#261,.T.);
#259 = VERTEX_POINT('',#260);
#260 = CARTESIAN_POINT('',(53.,-38.,9.45));
#261 = LINE('',#262,#263);
#262 = CARTESIAN_POINT('',(53.,-38.,-2.5));
#263 = VECTOR('',#264,1.);
#264 = DIRECTION('',(0.,0.,1.));
#265 = ORIENTED_EDGE('',*,*,#266,.F.);
#266 = EDGE_CURVE('',#33,#259,#267,.T.);
#267 = LINE('',#268,#269);
#268 = CARTESIAN_POINT('',(-53.,-38.,9.45));
#269 = VECTOR('',#270,1.);
#270 = DIRECTION('',(1.,0.,-0.));
#271 = ORIENTED_EDGE('',*,*,#32,.F.);
#272 = ORIENTED_EDGE('',*,*,#273,.F.);
#273 = EDGE_CURVE('',#274,#22,#276,.T.);
#274 = VERTEX_POINT('',#275);
#275 = CARTESIAN_POINT('',(-53.,-38.,9.45));
#276 = LINE('',#277,#278);
#277 = CARTESIAN_POINT('',(-53.,-38.,9.45));
#278 = VECTOR('',#279,1.);
#279 = DIRECTION('',(1.,0.,-0.));
#280 = ORIENTED_EDGE('',*,*,#281,.F.);
#281 = EDGE_CURVE('',#249,#274,#282,.T.);
#282 = LINE('',#283,#284);
#283 = CARTESIAN_POINT('',(-53.,-38.,-2.5));
#284 = VECTOR('',#285,1.);
#285 = DIRECTION('',(0.,0.,1.));
#286 = PLANE('',#287);
#287 = AXIS2_PLACEMENT_3D('',#288,#289,#290);
#288 = CARTESIAN_POINT('',(0.,-38.,3.475));
#289 = DIRECTION('',(-0.,-1.,-0.));
#290 = DIRECTION('',(0.,0.,-1.));
#291 = ADVANCED_FACE('',(#292),#303,.T.);
#292 = FACE_BOUND('',#293,.T.);
#293 = EDGE_LOOP('',(#294,#295,#296,#302));
#294 = ORIENTED_EDGE('',*,*,#131,.F.);
#295 = ORIENTED_EDGE('',*,*,#122,.F.);
#296 = ORIENTED_EDGE('',*,*,#297,.F.);
#297 = EDGE_CURVE('',#274,#114,#298,.T.);
#298 = LINE('',#299,#300);
#299 = CARTESIAN_POINT('',(-53.,-38.,9.45));
#300 = VECTOR('',#301,1.);
#301 = DIRECTION('',(-0.,1.,0.));
#302 = ORIENTED_EDGE('',*,*,#273,.T.);
#303 = PLANE('',#304);
#304 = AXIS2_PLACEMENT_3D('',#305,#306,#307);
#305 = CARTESIAN_POINT('',(-52.09589721048,-37.09238967822,9.45));
#306 = DIRECTION('',(0.,0.,1.));
#307 = DIRECTION('',(1.,0.,-0.));
#308 = ADVANCED_FACE('',(#309),#334,.T.);
#309 = FACE_BOUND('',#310,.T.);
#310 = EDGE_LOOP('',(#311,#319,#320,#328));
#311 = ORIENTED_EDGE('',*,*,#312,.F.);
#312 = EDGE_CURVE('',#114,#313,#315,.T.);
#313 = VERTEX_POINT('',#314);
#314 = CARTESIAN_POINT('',(-53.,-3.5,9.45));
#315 = LINE('',#316,#317);
#316 = CARTESIAN_POINT('',(-53.,-36.5,9.45));
#317 = VECTOR('',#318,1.);
#318 = DIRECTION('',(-0.,1.,0.));
#319 = ORIENTED_EDGE('',*,*,#113,.F.);
#320 = ORIENTED_EDGE('',*,*,#321,.T.);
#321 = EDGE_CURVE('',#106,#322,#324,.T.);
#322 = VERTEX_POINT('',#323);
#323 = CARTESIAN_POINT('',(-51.5,-3.5,9.45));
#324 = LINE('',#325,#326);
#325 = CARTESIAN_POINT('',(-51.5,-36.5,9.45));
#326 = VECTOR('',#327,1.);
#327 = DIRECTION('',(-0.,1.,0.));
#328 = ORIENTED_EDGE('',*,*,#329,.F.);
#329 = EDGE_CURVE('',#313,#322,#330,.T.);
#330 = LINE('',#331,#332);
#331 = CARTESIAN_POINT('',(-53.,-3.5,9.45));
#332 = VECTOR('',#333,1.);
#333 = DIRECTION('',(1.,0.,-0.));
#334 = PLANE('',#335);
#335 = AXIS2_PLACEMENT_3D('',#336,#337,#338);
#336 = CARTESIAN_POINT('',(-53.,-36.5,9.45));
#337 = DIRECTION('',(0.,0.,1.));
#338 = DIRECTION('',(1.,0.,-0.));
#339 = ADVANCED_FACE('',(#340),#390,.T.);
#340 = FACE_BOUND('',#341,.T.);
#341 = EDGE_LOOP('',(#342,#343,#344,#352,#360,#368,#376,#384));
#342 = ORIENTED_EDGE('',*,*,#321,.F.);
#343 = ORIENTED_EDGE('',*,*,#105,.F.);
#344 = ORIENTED_EDGE('',*,*,#345,.T.);
#345 = EDGE_CURVE('',#97,#346,#348,.T.);
#346 = VERTEX_POINT('',#347);
#347 = CARTESIAN_POINT('',(-51.5,32.401923788647,-2.5));
#348 = LINE('',#349,#350);
#349 = CARTESIAN_POINT('',(-51.5,-36.5,-2.5));
#350 = VECTOR('',#351,1.);
#351 = DIRECTION('',(-0.,1.,0.));
#352 = ORIENTED_EDGE('',*,*,#353,.T.);
#353 = EDGE_CURVE('',#346,#354,#356,.T.);
#354 = VERTEX_POINT('',#355);
#355 = CARTESIAN_POINT('',(-51.5,32.401923788647,9.45));
#356 = LINE('',#357,#358);
#357 = CARTESIAN_POINT('',(-51.5,32.401923788647,-2.5));
#358 = VECTOR('',#359,1.);
#359 = DIRECTION('',(0.,0.,1.));
#360 = ORIENTED_EDGE('',*,*,#361,.F.);
#361 = EDGE_CURVE('',#362,#354,#364,.T.);
#362 = VERTEX_POINT('',#363);
#363 = CARTESIAN_POINT('',(-51.5,7.,9.45));
#364 = LINE('',#365,#366);
#365 = CARTESIAN_POINT('',(-51.5,7.,9.45));
#366 = VECTOR('',#367,1.);
#367 = DIRECTION('',(-0.,1.,0.));
#368 = ORIENTED_EDGE('',*,*,#369,.F.);
#369 = EDGE_CURVE('',#370,#362,#372,.T.);
#370 = VERTEX_POINT('',#371);
#371 = CARTESIAN_POINT('',(-51.5,7.,5.45));
#372 = LINE('',#373,#374);
#373 = CARTESIAN_POINT('',(-51.5,7.,3.));
#374 = VECTOR('',#375,1.);
#375 = DIRECTION('',(0.,0.,1.));
#376 = ORIENTED_EDGE('',*,*,#377,.F.);
#377 = EDGE_CURVE('',#378,#370,#380,.T.);
#378 = VERTEX_POINT('',#379);
#379 = CARTESIAN_POINT('',(-51.5,-3.5,5.45));
#380 = LINE('',#381,#382);
#381 = CARTESIAN_POINT('',(-51.5,-3.5,5.45));
#382 = VECTOR('',#383,1.);
#383 = DIRECTION('',(-0.,1.,0.));
#384 = ORIENTED_EDGE('',*,*,#385,.T.);
#385 = EDGE_CURVE('',#378,#322,#386,.T.);
#386 = LINE('',#387,#388);
#387 = CARTESIAN_POINT('',(-51.5,-3.5,3.));
#388 = VECTOR('',#389,1.);
#389 = DIRECTION('',(0.,0.,1.));
#390 = PLANE('',#391);
#391 = AXIS2_PLACEMENT_3D('',#392,#393,#394);
#392 = CARTESIAN_POINT('',(-51.5,8.668317622018E-02,3.411845114468));
#393 = DIRECTION('',(1.,0.,0.));
#394 = DIRECTION('',(-0.,0.,1.));
#395 = ADVANCED_FACE('',(#396,#454,#524),#594,.T.);
#396 = FACE_BOUND('',#397,.T.);
#397 = EDGE_LOOP('',(#398,#399,#400,#401,#402,#403,#404,#412,#421,#430,
    #438,#447));
#398 = ORIENTED_EDGE('',*,*,#345,.F.);
#399 = ORIENTED_EDGE('',*,*,#96,.F.);
#400 = ORIENTED_EDGE('',*,*,#71,.F.);
#401 = ORIENTED_EDGE('',*,*,#155,.T.);
#402 = ORIENTED_EDGE('',*,*,#231,.F.);
#403 = ORIENTED_EDGE('',*,*,#222,.F.);
#404 = ORIENTED_EDGE('',*,*,#405,.T.);
#405 = EDGE_CURVE('',#215,#406,#408,.T.);
#406 = VERTEX_POINT('',#407);
#407 = CARTESIAN_POINT('',(51.5,32.401923788647,-2.5));
#408 = LINE('',#409,#410);
#409 = CARTESIAN_POINT('',(51.5,-36.5,-2.5));
#410 = VECTOR('',#411,1.);
#411 = DIRECTION('',(-0.,1.,0.));
#412 = ORIENTED_EDGE('',*,*,#413,.F.);
#413 = EDGE_CURVE('',#414,#406,#416,.T.);
#414 = VERTEX_POINT('',#415);
#415 = CARTESIAN_POINT('',(47.,35.,-2.5));
#416 = CIRCLE('',#417,3.);
#417 = AXIS2_PLACEMENT_3D('',#418,#419,#420);
#418 = CARTESIAN_POINT('',(50.,35.,-2.5));
#419 = DIRECTION('',(0.,0.,1.));
#420 = DIRECTION('',(1.,0.,-0.));
#421 = ORIENTED_EDGE('',*,*,#422,.F.);
#422 = EDGE_CURVE('',#423,#414,#425,.T.);
#423 = VERTEX_POINT('',#424);
#424 = CARTESIAN_POINT('',(47.401923788647,36.5,-2.5));
#425 = CIRCLE('',#426,3.);
#426 = AXIS2_PLACEMENT_3D('',#427,#428,#429);
#427 = CARTESIAN_POINT('',(50.,35.,-2.5));
#428 = DIRECTION('',(0.,0.,1.));
#429 = DIRECTION('',(1.,0.,-0.));
#430 = ORIENTED_EDGE('',*,*,#431,.F.);
#431 = EDGE_CURVE('',#432,#423,#434,.T.);
#432 = VERTEX_POINT('',#433);
#433 = CARTESIAN_POINT('',(-47.40192378864,36.5,-2.5));
#434 = LINE('',#435,#436);
#435 = CARTESIAN_POINT('',(-51.5,36.5,-2.5));
#436 = VECTOR('',#437,1.);
#437 = DIRECTION('',(1.,0.,-0.));
#438 = ORIENTED_EDGE('',*,*,#439,.F.);
#439 = EDGE_CURVE('',#440,#432,#442,.T.);
#440 = VERTEX_POINT('',#441);
#441 = CARTESIAN_POINT('',(-47.,35.,-2.5));
#442 = CIRCLE('',#443,3.);
#443 = AXIS2_PLACEMENT_3D('',#444,#445,#446);
#444 = CARTESIAN_POINT('',(-50.,35.,-2.5));
#445 = DIRECTION('',(0.,0.,1.));
#446 = DIRECTION('',(1.,0.,-0.));
#447 = ORIENTED_EDGE('',*,*,#448,.F.);
#448 = EDGE_CURVE('',#346,#440,#449,.T.);
#449 = CIRCLE('',#450,3.);
#450 = AXIS2_PLACEMENT_3D('',#451,#452,#453);
#451 = CARTESIAN_POINT('',(-50.,35.,-2.5));
#452 = DIRECTION('',(0.,0.,1.));
#453 = DIRECTION('',(1.,0.,-0.));
#454 = FACE_BOUND('',#455,.T.);
#455 = EDGE_LOOP('',(#456,#467,#475,#484,#492,#501,#509,#518));
#456 = ORIENTED_EDGE('',*,*,#457,.F.);
#457 = EDGE_CURVE('',#458,#460,#462,.T.);
#458 = VERTEX_POINT('',#459);
#459 = CARTESIAN_POINT('',(26.6671,-10.5159,-2.5));
#460 = VERTEX_POINT('',#461);
#461 = CARTESIAN_POINT('',(27.6671,-11.5159,-2.5));
#462 = CIRCLE('',#463,1.);
#463 = AXIS2_PLACEMENT_3D('',#464,#465,#466);
#464 = CARTESIAN_POINT('',(27.6671,-10.5159,-2.5));
#465 = DIRECTION('',(0.,0.,1.));
#466 = DIRECTION('',(1.,0.,-0.));
#467 = ORIENTED_EDGE('',*,*,#468,.T.);
#468 = EDGE_CURVE('',#458,#469,#471,.T.);
#469 = VERTEX_POINT('',#470);
#470 = CARTESIAN_POINT('',(26.6671,5.4841,-2.5));
#471 = LINE('',#472,#473);
#472 = CARTESIAN_POINT('',(26.6671,-5.25795,-2.5));
#473 = VECTOR('',#474,1.);
#474 = DIRECTION('',(-0.,1.,0.));
#475 = ORIENTED_EDGE('',*,*,#476,.F.);
#476 = EDGE_CURVE('',#477,#469,#479,.T.);
#477 = VERTEX_POINT('',#478);
#478 = CARTESIAN_POINT('',(27.6671,6.4841,-2.5));
#479 = CIRCLE('',#480,1.);
#480 = AXIS2_PLACEMENT_3D('',#481,#482,#483);
#481 = CARTESIAN_POINT('',(27.6671,5.4841,-2.5));
#482 = DIRECTION('',(0.,0.,1.));
#483 = DIRECTION('',(1.,0.,-0.));
#484 = ORIENTED_EDGE('',*,*,#485,.F.);
#485 = EDGE_CURVE('',#486,#477,#488,.T.);
#486 = VERTEX_POINT('',#487);
#487 = CARTESIAN_POINT('',(39.6671,6.4841,-2.5));
#488 = LINE('',#489,#490);
#489 = CARTESIAN_POINT('',(13.83355,6.4841,-2.5));
#490 = VECTOR('',#491,1.);
#491 = DIRECTION('',(-1.,-0.,0.));
#492 = ORIENTED_EDGE('',*,*,#493,.F.);
#493 = EDGE_CURVE('',#494,#486,#496,.T.);
#494 = VERTEX_POINT('',#495);
#495 = CARTESIAN_POINT('',(40.6671,5.4841,-2.5));
#496 = CIRCLE('',#497,1.);
#497 = AXIS2_PLACEMENT_3D('',#498,#499,#500);
#498 = CARTESIAN_POINT('',(39.6671,5.4841,-2.5));
#499 = DIRECTION('',(0.,0.,1.));
#500 = DIRECTION('',(1.,0.,-0.));
#501 = ORIENTED_EDGE('',*,*,#502,.F.);
#502 = EDGE_CURVE('',#503,#494,#505,.T.);
#503 = VERTEX_POINT('',#504);
#504 = CARTESIAN_POINT('',(40.6671,-10.5159,-2.5));
#505 = LINE('',#506,#507);
#506 = CARTESIAN_POINT('',(40.6671,-5.25795,-2.5));
#507 = VECTOR('',#508,1.);
#508 = DIRECTION('',(-0.,1.,0.));
#509 = ORIENTED_EDGE('',*,*,#510,.F.);
#510 = EDGE_CURVE('',#511,#503,#513,.T.);
#511 = VERTEX_POINT('',#512);
#512 = CARTESIAN_POINT('',(39.6671,-11.5159,-2.5));
#513 = CIRCLE('',#514,1.);
#514 = AXIS2_PLACEMENT_3D('',#515,#516,#517);
#515 = CARTESIAN_POINT('',(39.6671,-10.5159,-2.5));
#516 = DIRECTION('',(0.,0.,1.));
#517 = DIRECTION('',(1.,0.,-0.));
#518 = ORIENTED_EDGE('',*,*,#519,.T.);
#519 = EDGE_CURVE('',#511,#460,#520,.T.);
#520 = LINE('',#521,#522);
#521 = CARTESIAN_POINT('',(13.83355,-11.5159,-2.5));
#522 = VECTOR('',#523,1.);
#523 = DIRECTION('',(-1.,-0.,0.));
#524 = FACE_BOUND('',#525,.T.);
#525 = EDGE_LOOP('',(#526,#537,#545,#554,#562,#571,#579,#588));
#526 = ORIENTED_EDGE('',*,*,#527,.F.);
#527 = EDGE_CURVE('',#528,#530,#532,.T.);
#528 = VERTEX_POINT('',#529);
#529 = CARTESIAN_POINT('',(-23.361,-11.3275,-2.5));
#530 = VERTEX_POINT('',#531);
#531 = CARTESIAN_POINT('',(-20.361,-14.3275,-2.5));
#532 = CIRCLE('',#533,3.);
#533 = AXIS2_PLACEMENT_3D('',#534,#535,#536);
#534 = CARTESIAN_POINT('',(-20.361,-11.3275,-2.5));
#535 = DIRECTION('',(0.,0.,1.));
#536 = DIRECTION('',(1.,0.,-0.));
#537 = ORIENTED_EDGE('',*,*,#538,.T.);
#538 = EDGE_CURVE('',#528,#539,#541,.T.);
#539 = VERTEX_POINT('',#540);
#540 = CARTESIAN_POINT('',(-23.361,6.6725,-2.5));
#541 = LINE('',#542,#543);
#542 = CARTESIAN_POINT('',(-23.361,-5.66375,-2.5));
#543 = VECTOR('',#544,1.);
#544 = DIRECTION('',(-0.,1.,0.));
#545 = ORIENTED_EDGE('',*,*,#546,.F.);
#546 = EDGE_CURVE('',#547,#539,#549,.T.);
#547 = VERTEX_POINT('',#548);
#548 = CARTESIAN_POINT('',(-20.361,9.6725,-2.5));
#549 = CIRCLE('',#550,3.);
#550 = AXIS2_PLACEMENT_3D('',#551,#552,#553);
#551 = CARTESIAN_POINT('',(-20.361,6.6725,-2.5));
#552 = DIRECTION('',(0.,0.,1.));
#553 = DIRECTION('',(1.,0.,-0.));
#554 = ORIENTED_EDGE('',*,*,#555,.F.);
#555 = EDGE_CURVE('',#556,#547,#558,.T.);
#556 = VERTEX_POINT('',#557);
#557 = CARTESIAN_POINT('',(-2.361,9.6725,-2.5));
#558 = LINE('',#559,#560);
#559 = CARTESIAN_POINT('',(-10.1805,9.6725,-2.5));
#560 = VECTOR('',#561,1.);
#561 = DIRECTION('',(-1.,-0.,0.));
#562 = ORIENTED_EDGE('',*,*,#563,.F.);
#563 = EDGE_CURVE('',#564,#556,#566,.T.);
#564 = VERTEX_POINT('',#565);
#565 = CARTESIAN_POINT('',(0.639,6.6725,-2.5));
#566 = CIRCLE('',#567,3.);
#567 = AXIS2_PLACEMENT_3D('',#568,#569,#570);
#568 = CARTESIAN_POINT('',(-2.361,6.6725,-2.5));
#569 = DIRECTION('',(0.,0.,1.));
#570 = DIRECTION('',(1.,0.,-0.));
#571 = ORIENTED_EDGE('',*,*,#572,.F.);
#572 = EDGE_CURVE('',#573,#564,#575,.T.);
#573 = VERTEX_POINT('',#574);
#574 = CARTESIAN_POINT('',(0.639,-11.3275,-2.5));
#575 = LINE('',#576,#577);
#576 = CARTESIAN_POINT('',(0.639,-5.66375,-2.5));
#577 = VECTOR('',#578,1.);
#578 = DIRECTION('',(-0.,1.,0.));
#579 = ORIENTED_EDGE('',*,*,#580,.F.);
#580 = EDGE_CURVE('',#581,#573,#583,.T.);
#581 = VERTEX_POINT('',#582);
#582 = CARTESIAN_POINT('',(-2.361,-14.3275,-2.5));
#583 = CIRCLE('',#584,3.);
#584 = AXIS2_PLACEMENT_3D('',#585,#586,#587);
#585 = CARTESIAN_POINT('',(-2.361,-11.3275,-2.5));
#586 = DIRECTION('',(0.,0.,1.));
#587 = DIRECTION('',(1.,0.,-0.));
#588 = ORIENTED_EDGE('',*,*,#589,.T.);
#589 = EDGE_CURVE('',#581,#530,#590,.T.);
#590 = LINE('',#591,#592);
#591 = CARTESIAN_POINT('',(-10.1805,-14.3275,-2.5));
#592 = VECTOR('',#593,1.);
#593 = DIRECTION('',(-1.,-0.,0.));
#594 = PLANE('',#595);
#595 = AXIS2_PLACEMENT_3D('',#596,#597,#598);
#596 = CARTESIAN_POINT('',(8.781426562917E-14,-2.59769493888E-15,-2.5));
#597 = DIRECTION('',(0.,0.,1.));
#598 = DIRECTION('',(1.,0.,-0.));
#599 = ADVANCED_FACE('',(#600,#603),#614,.T.);
#600 = FACE_BOUND('',#601,.T.);
#601 = EDGE_LOOP('',(#602));
#602 = ORIENTED_EDGE('',*,*,#88,.T.);
#603 = FACE_BOUND('',#604,.T.);
#604 = EDGE_LOOP('',(#605));
#605 = ORIENTED_EDGE('',*,*,#606,.F.);
#606 = EDGE_CURVE('',#607,#607,#609,.T.);
#607 = VERTEX_POINT('',#608);
#608 = CARTESIAN_POINT('',(-48.3,-35.,10.5));
#609 = CIRCLE('',#610,1.7);
#610 = AXIS2_PLACEMENT_3D('',#611,#612,#613);
#611 = CARTESIAN_POINT('',(-50.,-35.,10.5));
#612 = DIRECTION('',(0.,0.,1.));
#613 = DIRECTION('',(1.,0.,-0.));
#614 = PLANE('',#615);
#615 = AXIS2_PLACEMENT_3D('',#616,#617,#618);
#616 = CARTESIAN_POINT('',(-50.,-35.,10.5));
#617 = DIRECTION('',(0.,0.,1.));
#618 = DIRECTION('',(1.,0.,-0.));
#619 = ADVANCED_FACE('',(#620),#631,.T.);
#620 = FACE_BOUND('',#621,.T.);
#621 = EDGE_LOOP('',(#622,#623,#624,#630));
#622 = ORIENTED_EDGE('',*,*,#171,.F.);
#623 = ORIENTED_EDGE('',*,*,#266,.T.);
#624 = ORIENTED_EDGE('',*,*,#625,.T.);
#625 = EDGE_CURVE('',#259,#181,#626,.T.);
#626 = LINE('',#627,#628);
#627 = CARTESIAN_POINT('',(53.,-36.5,9.45));
#628 = VECTOR('',#629,1.);
#629 = DIRECTION('',(-0.,1.,0.));
#630 = ORIENTED_EDGE('',*,*,#180,.F.);
#631 = PLANE('',#632);
#632 = AXIS2_PLACEMENT_3D('',#633,#634,#635);
#633 = CARTESIAN_POINT('',(52.095897210486,-37.09238967822,9.45));
#634 = DIRECTION('',(0.,0.,1.));
#635 = DIRECTION('',(1.,0.,-0.));
#636 = ADVANCED_FACE('',(#637),#655,.T.);
#637 = FACE_BOUND('',#638,.T.);
#638 = EDGE_LOOP('',(#639,#647,#648,#649));
#639 = ORIENTED_EDGE('',*,*,#640,.F.);
#640 = EDGE_CURVE('',#406,#641,#643,.T.);
#641 = VERTEX_POINT('',#642);
#642 = CARTESIAN_POINT('',(51.5,32.401923788647,9.45));
#643 = LINE('',#644,#645);
#644 = CARTESIAN_POINT('',(51.5,32.401923788647,-2.5));
#645 = VECTOR('',#646,1.);
#646 = DIRECTION('',(0.,0.,1.));
#647 = ORIENTED_EDGE('',*,*,#405,.F.);
#648 = ORIENTED_EDGE('',*,*,#214,.T.);
#649 = ORIENTED_EDGE('',*,*,#650,.T.);
#650 = EDGE_CURVE('',#206,#641,#651,.T.);
#651 = LINE('',#652,#653);
#652 = CARTESIAN_POINT('',(51.5,-36.5,9.45));
#653 = VECTOR('',#654,1.);
#654 = DIRECTION('',(-0.,1.,0.));
#655 = PLANE('',#656);
#656 = AXIS2_PLACEMENT_3D('',#657,#658,#659);
#657 = CARTESIAN_POINT('',(51.5,1.851484344272E-15,3.475));
#658 = DIRECTION('',(-1.,-0.,-0.));
#659 = DIRECTION('',(0.,0.,-1.));
#660 = ADVANCED_FACE('',(#661),#680,.T.);
#661 = FACE_BOUND('',#662,.T.);
#662 = EDGE_LOOP('',(#663,#664,#665,#673));
#663 = ORIENTED_EDGE('',*,*,#650,.F.);
#664 = ORIENTED_EDGE('',*,*,#205,.F.);
#665 = ORIENTED_EDGE('',*,*,#666,.T.);
#666 = EDGE_CURVE('',#181,#667,#669,.T.);
#667 = VERTEX_POINT('',#668);
#668 = CARTESIAN_POINT('',(53.,35.,9.45));
#669 = LINE('',#670,#671);
#670 = CARTESIAN_POINT('',(53.,-36.5,9.45));
#671 = VECTOR('',#672,1.);
#672 = DIRECTION('',(-0.,1.,0.));
#673 = ORIENTED_EDGE('',*,*,#674,.F.);
#674 = EDGE_CURVE('',#641,#667,#675,.T.);
#675 = CIRCLE('',#676,3.);
#676 = AXIS2_PLACEMENT_3D('',#677,#678,#679);
#677 = CARTESIAN_POINT('',(50.,35.,9.45));
#678 = DIRECTION('',(0.,0.,1.));
#679 = DIRECTION('',(1.,0.,-0.));
#680 = PLANE('',#681);
#681 = AXIS2_PLACEMENT_3D('',#682,#683,#684);
#682 = CARTESIAN_POINT('',(51.5,-36.5,9.45));
#683 = DIRECTION('',(0.,0.,1.));
#684 = DIRECTION('',(1.,0.,-0.));
#685 = ADVANCED_FACE('',(#686,#689),#700,.T.);
#686 = FACE_BOUND('',#687,.T.);
#687 = EDGE_LOOP('',(#688));
#688 = ORIENTED_EDGE('',*,*,#197,.T.);
#689 = FACE_BOUND('',#690,.T.);
#690 = EDGE_LOOP('',(#691));
#691 = ORIENTED_EDGE('',*,*,#692,.F.);
#692 = EDGE_CURVE('',#693,#693,#695,.T.);
#693 = VERTEX_POINT('',#694);
#694 = CARTESIAN_POINT('',(51.7,-35.,10.5));
#695 = CIRCLE('',#696,1.7);
#696 = AXIS2_PLACEMENT_3D('',#697,#698,#699);
#697 = CARTESIAN_POINT('',(50.,-35.,10.5));
#698 = DIRECTION('',(0.,0.,1.));
#699 = DIRECTION('',(1.,0.,-0.));
#700 = PLANE('',#701);
#701 = AXIS2_PLACEMENT_3D('',#702,#703,#704);
#702 = CARTESIAN_POINT('',(50.,-35.,10.5));
#703 = DIRECTION('',(0.,0.,1.));
#704 = DIRECTION('',(1.,0.,-0.));
#705 = ADVANCED_FACE('',(#706,#776,#787,#798,#809,#820,#831,#842,#853,
    #864,#875,#886,#897,#908,#933,#944,#955,#966),#977,.T.);
#706 = FACE_BOUND('',#707,.T.);
#707 = EDGE_LOOP('',(#708,#719,#727,#736,#744,#753,#761,#770));
#708 = ORIENTED_EDGE('',*,*,#709,.T.);
#709 = EDGE_CURVE('',#710,#712,#714,.T.);
#710 = VERTEX_POINT('',#711);
#711 = CARTESIAN_POINT('',(-64.,-35.,-2.5));
#712 = VERTEX_POINT('',#713);
#713 = CARTESIAN_POINT('',(-60.,-39.,-2.5));
#714 = CIRCLE('',#715,4.);
#715 = AXIS2_PLACEMENT_3D('',#716,#717,#718);
#716 = CARTESIAN_POINT('',(-60.,-35.,-2.5));
#717 = DIRECTION('',(0.,0.,1.));
#718 = DIRECTION('',(1.,0.,-0.));
#719 = ORIENTED_EDGE('',*,*,#720,.T.);
#720 = EDGE_CURVE('',#712,#721,#723,.T.);
#721 = VERTEX_POINT('',#722);
#722 = CARTESIAN_POINT('',(60.,-39.,-2.5));
#723 = LINE('',#724,#725);
#724 = CARTESIAN_POINT('',(-60.,-39.,-2.5));
#725 = VECTOR('',#726,1.);
#726 = DIRECTION('',(1.,0.,-0.));
#727 = ORIENTED_EDGE('',*,*,#728,.T.);
#728 = EDGE_CURVE('',#721,#729,#731,.T.);
#729 = VERTEX_POINT('',#730);
#730 = CARTESIAN_POINT('',(64.,-35.,-2.5));
#731 = CIRCLE('',#732,4.);
#732 = AXIS2_PLACEMENT_3D('',#733,#734,#735);
#733 = CARTESIAN_POINT('',(60.,-35.,-2.5));
#734 = DIRECTION('',(0.,0.,1.));
#735 = DIRECTION('',(1.,0.,-0.));
#736 = ORIENTED_EDGE('',*,*,#737,.T.);
#737 = EDGE_CURVE('',#729,#738,#740,.T.);
#738 = VERTEX_POINT('',#739);
#739 = CARTESIAN_POINT('',(64.,35.,-2.5));
#740 = LINE('',#741,#742);
#741 = CARTESIAN_POINT('',(64.,-35.,-2.5));
#742 = VECTOR('',#743,1.);
#743 = DIRECTION('',(-0.,1.,0.));
#744 = ORIENTED_EDGE('',*,*,#745,.T.);
#745 = EDGE_CURVE('',#738,#746,#748,.T.);
#746 = VERTEX_POINT('',#747);
#747 = CARTESIAN_POINT('',(60.,39.,-2.5));
#748 = CIRCLE('',#749,4.);
#749 = AXIS2_PLACEMENT_3D('',#750,#751,#752);
#750 = CARTESIAN_POINT('',(60.,35.,-2.5));
#751 = DIRECTION('',(0.,0.,1.));
#752 = DIRECTION('',(1.,0.,-0.));
#753 = ORIENTED_EDGE('',*,*,#754,.F.);
#754 = EDGE_CURVE('',#755,#746,#757,.T.);
#755 = VERTEX_POINT('',#756);
#756 = CARTESIAN_POINT('',(-60.,39.,-2.5));
#757 = LINE('',#758,#759);
#758 = CARTESIAN_POINT('',(-60.,39.,-2.5));
#759 = VECTOR('',#760,1.);
#760 = DIRECTION('',(1.,0.,-0.));
#761 = ORIENTED_EDGE('',*,*,#762,.T.);
#762 = EDGE_CURVE('',#755,#763,#765,.T.);
#763 = VERTEX_POINT('',#764);
#764 = CARTESIAN_POINT('',(-64.,35.,-2.5));
#765 = CIRCLE('',#766,4.);
#766 = AXIS2_PLACEMENT_3D('',#767,#768,#769);
#767 = CARTESIAN_POINT('',(-60.,35.,-2.5));
#768 = DIRECTION('',(0.,0.,1.));
#769 = DIRECTION('',(1.,0.,-0.));
#770 = ORIENTED_EDGE('',*,*,#771,.F.);
#771 = EDGE_CURVE('',#710,#763,#772,.T.);
#772 = LINE('',#773,#774);
#773 = CARTESIAN_POINT('',(-64.,-35.,-2.5));
#774 = VECTOR('',#775,1.);
#775 = DIRECTION('',(-0.,1.,0.));
#776 = FACE_BOUND('',#777,.T.);
#777 = EDGE_LOOP('',(#778));
#778 = ORIENTED_EDGE('',*,*,#779,.F.);
#779 = EDGE_CURVE('',#780,#780,#782,.T.);
#780 = VERTEX_POINT('',#781);
#781 = CARTESIAN_POINT('',(-57.3,-35.,-2.5));
#782 = CIRCLE('',#783,1.7);
#783 = AXIS2_PLACEMENT_3D('',#784,#785,#786);
#784 = CARTESIAN_POINT('',(-59.,-35.,-2.5));
#785 = DIRECTION('',(0.,0.,1.));
#786 = DIRECTION('',(1.,0.,-0.));
#787 = FACE_BOUND('',#788,.T.);
#788 = EDGE_LOOP('',(#789));
#789 = ORIENTED_EDGE('',*,*,#790,.F.);
#790 = EDGE_CURVE('',#791,#791,#793,.T.);
#791 = VERTEX_POINT('',#792);
#792 = CARTESIAN_POINT('',(-57.3,-25.,-2.5));
#793 = CIRCLE('',#794,1.7);
#794 = AXIS2_PLACEMENT_3D('',#795,#796,#797);
#795 = CARTESIAN_POINT('',(-59.,-25.,-2.5));
#796 = DIRECTION('',(0.,0.,1.));
#797 = DIRECTION('',(1.,0.,-0.));
#798 = FACE_BOUND('',#799,.T.);
#799 = EDGE_LOOP('',(#800));
#800 = ORIENTED_EDGE('',*,*,#801,.F.);
#801 = EDGE_CURVE('',#802,#802,#804,.T.);
#802 = VERTEX_POINT('',#803);
#803 = CARTESIAN_POINT('',(-57.3,-15.,-2.5));
#804 = CIRCLE('',#805,1.7);
#805 = AXIS2_PLACEMENT_3D('',#806,#807,#808);
#806 = CARTESIAN_POINT('',(-59.,-15.,-2.5));
#807 = DIRECTION('',(0.,0.,1.));
#808 = DIRECTION('',(1.,0.,-0.));
#809 = FACE_BOUND('',#810,.T.);
#810 = EDGE_LOOP('',(#811));
#811 = ORIENTED_EDGE('',*,*,#812,.F.);
#812 = EDGE_CURVE('',#813,#813,#815,.T.);
#813 = VERTEX_POINT('',#814);
#814 = CARTESIAN_POINT('',(-57.3,-5.,-2.5));
#815 = CIRCLE('',#816,1.7);
#816 = AXIS2_PLACEMENT_3D('',#817,#818,#819);
#817 = CARTESIAN_POINT('',(-59.,-5.,-2.5));
#818 = DIRECTION('',(0.,0.,1.));
#819 = DIRECTION('',(1.,0.,-0.));
#820 = FACE_BOUND('',#821,.T.);
#821 = EDGE_LOOP('',(#822));
#822 = ORIENTED_EDGE('',*,*,#823,.F.);
#823 = EDGE_CURVE('',#824,#824,#826,.T.);
#824 = VERTEX_POINT('',#825);
#825 = CARTESIAN_POINT('',(60.7,-35.,-2.5));
#826 = CIRCLE('',#827,1.7);
#827 = AXIS2_PLACEMENT_3D('',#828,#829,#830);
#828 = CARTESIAN_POINT('',(59.,-35.,-2.5));
#829 = DIRECTION('',(0.,0.,1.));
#830 = DIRECTION('',(1.,0.,-0.));
#831 = FACE_BOUND('',#832,.T.);
#832 = EDGE_LOOP('',(#833));
#833 = ORIENTED_EDGE('',*,*,#834,.F.);
#834 = EDGE_CURVE('',#835,#835,#837,.T.);
#835 = VERTEX_POINT('',#836);
#836 = CARTESIAN_POINT('',(60.7,-25.,-2.5));
#837 = CIRCLE('',#838,1.7);
#838 = AXIS2_PLACEMENT_3D('',#839,#840,#841);
#839 = CARTESIAN_POINT('',(59.,-25.,-2.5));
#840 = DIRECTION('',(0.,0.,1.));
#841 = DIRECTION('',(1.,0.,-0.));
#842 = FACE_BOUND('',#843,.T.);
#843 = EDGE_LOOP('',(#844));
#844 = ORIENTED_EDGE('',*,*,#845,.F.);
#845 = EDGE_CURVE('',#846,#846,#848,.T.);
#846 = VERTEX_POINT('',#847);
#847 = CARTESIAN_POINT('',(60.7,-15.,-2.5));
#848 = CIRCLE('',#849,1.7);
#849 = AXIS2_PLACEMENT_3D('',#850,#851,#852);
#850 = CARTESIAN_POINT('',(59.,-15.,-2.5));
#851 = DIRECTION('',(0.,0.,1.));
#852 = DIRECTION('',(1.,0.,-0.));
#853 = FACE_BOUND('',#854,.T.);
#854 = EDGE_LOOP('',(#855));
#855 = ORIENTED_EDGE('',*,*,#856,.F.);
#856 = EDGE_CURVE('',#857,#857,#859,.T.);
#857 = VERTEX_POINT('',#858);
#858 = CARTESIAN_POINT('',(60.7,-5.,-2.5));
#859 = CIRCLE('',#860,1.7);
#860 = AXIS2_PLACEMENT_3D('',#861,#862,#863);
#861 = CARTESIAN_POINT('',(59.,-5.,-2.5));
#862 = DIRECTION('',(0.,0.,1.));
#863 = DIRECTION('',(1.,0.,-0.));
#864 = FACE_BOUND('',#865,.T.);
#865 = EDGE_LOOP('',(#866));
#866 = ORIENTED_EDGE('',*,*,#867,.F.);
#867 = EDGE_CURVE('',#868,#868,#870,.T.);
#868 = VERTEX_POINT('',#869);
#869 = CARTESIAN_POINT('',(-57.3,5.,-2.5));
#870 = CIRCLE('',#871,1.7);
#871 = AXIS2_PLACEMENT_3D('',#872,#873,#874);
#872 = CARTESIAN_POINT('',(-59.,5.,-2.5));
#873 = DIRECTION('',(0.,0.,1.));
#874 = DIRECTION('',(1.,0.,-0.));
#875 = FACE_BOUND('',#876,.T.);
#876 = EDGE_LOOP('',(#877));
#877 = ORIENTED_EDGE('',*,*,#878,.F.);
#878 = EDGE_CURVE('',#879,#879,#881,.T.);
#879 = VERTEX_POINT('',#880);
#880 = CARTESIAN_POINT('',(-57.3,15.,-2.5));
#881 = CIRCLE('',#882,1.7);
#882 = AXIS2_PLACEMENT_3D('',#883,#884,#885);
#883 = CARTESIAN_POINT('',(-59.,15.,-2.5));
#884 = DIRECTION('',(0.,0.,1.));
#885 = DIRECTION('',(1.,0.,-0.));
#886 = FACE_BOUND('',#887,.T.);
#887 = EDGE_LOOP('',(#888));
#888 = ORIENTED_EDGE('',*,*,#889,.F.);
#889 = EDGE_CURVE('',#890,#890,#892,.T.);
#890 = VERTEX_POINT('',#891);
#891 = CARTESIAN_POINT('',(-57.3,25.,-2.5));
#892 = CIRCLE('',#893,1.7);
#893 = AXIS2_PLACEMENT_3D('',#894,#895,#896);
#894 = CARTESIAN_POINT('',(-59.,25.,-2.5));
#895 = DIRECTION('',(0.,0.,1.));
#896 = DIRECTION('',(1.,0.,-0.));
#897 = FACE_BOUND('',#898,.T.);
#898 = EDGE_LOOP('',(#899));
#899 = ORIENTED_EDGE('',*,*,#900,.F.);
#900 = EDGE_CURVE('',#901,#901,#903,.T.);
#901 = VERTEX_POINT('',#902);
#902 = CARTESIAN_POINT('',(-57.3,35.,-2.5));
#903 = CIRCLE('',#904,1.7);
#904 = AXIS2_PLACEMENT_3D('',#905,#906,#907);
#905 = CARTESIAN_POINT('',(-59.,35.,-2.5));
#906 = DIRECTION('',(0.,0.,1.));
#907 = DIRECTION('',(1.,0.,-0.));
#908 = FACE_BOUND('',#909,.T.);
#909 = EDGE_LOOP('',(#910,#918,#919,#927));
#910 = ORIENTED_EDGE('',*,*,#911,.F.);
#911 = EDGE_CURVE('',#251,#912,#914,.T.);
#912 = VERTEX_POINT('',#913);
#913 = CARTESIAN_POINT('',(53.,38.,-2.5));
#914 = LINE('',#915,#916);
#915 = CARTESIAN_POINT('',(53.,-38.,-2.5));
#916 = VECTOR('',#917,1.);
#917 = DIRECTION('',(-0.,1.,0.));
#918 = ORIENTED_EDGE('',*,*,#248,.F.);
#919 = ORIENTED_EDGE('',*,*,#920,.T.);
#920 = EDGE_CURVE('',#249,#921,#923,.T.);
#921 = VERTEX_POINT('',#922);
#922 = CARTESIAN_POINT('',(-53.,38.,-2.5));
#923 = LINE('',#924,#925);
#924 = CARTESIAN_POINT('',(-53.,-38.,-2.5));
#925 = VECTOR('',#926,1.);
#926 = DIRECTION('',(-0.,1.,0.));
#927 = ORIENTED_EDGE('',*,*,#928,.T.);
#928 = EDGE_CURVE('',#921,#912,#929,.T.);
#929 = LINE('',#930,#931);
#930 = CARTESIAN_POINT('',(-53.,38.,-2.5));
#931 = VECTOR('',#932,1.);
#932 = DIRECTION('',(1.,0.,-0.));
#933 = FACE_BOUND('',#934,.T.);
#934 = EDGE_LOOP('',(#935));
#935 = ORIENTED_EDGE('',*,*,#936,.F.);
#936 = EDGE_CURVE('',#937,#937,#939,.T.);
#937 = VERTEX_POINT('',#938);
#938 = CARTESIAN_POINT('',(60.7,5.,-2.5));
#939 = CIRCLE('',#940,1.7);
#940 = AXIS2_PLACEMENT_3D('',#941,#942,#943);
#941 = CARTESIAN_POINT('',(59.,5.,-2.5));
#942 = DIRECTION('',(0.,0.,1.));
#943 = DIRECTION('',(1.,0.,-0.));
#944 = FACE_BOUND('',#945,.T.);
#945 = EDGE_LOOP('',(#946));
#946 = ORIENTED_EDGE('',*,*,#947,.F.);
#947 = EDGE_CURVE('',#948,#948,#950,.T.);
#948 = VERTEX_POINT('',#949);
#949 = CARTESIAN_POINT('',(60.7,15.,-2.5));
#950 = CIRCLE('',#951,1.7);
#951 = AXIS2_PLACEMENT_3D('',#952,#953,#954);
#952 = CARTESIAN_POINT('',(59.,15.,-2.5));
#953 = DIRECTION('',(0.,0.,1.));
#954 = DIRECTION('',(1.,0.,-0.));
#955 = FACE_BOUND('',#956,.T.);
#956 = EDGE_LOOP('',(#957));
#957 = ORIENTED_EDGE('',*,*,#958,.F.);
#958 = EDGE_CURVE('',#959,#959,#961,.T.);
#959 = VERTEX_POINT('',#960);
#960 = CARTESIAN_POINT('',(60.7,25.,-2.5));
#961 = CIRCLE('',#962,1.7);
#962 = AXIS2_PLACEMENT_3D('',#963,#964,#965);
#963 = CARTESIAN_POINT('',(59.,25.,-2.5));
#964 = DIRECTION('',(0.,0.,1.));
#965 = DIRECTION('',(1.,0.,-0.));
#966 = FACE_BOUND('',#967,.T.);
#967 = EDGE_LOOP('',(#968));
#968 = ORIENTED_EDGE('',*,*,#969,.F.);
#969 = EDGE_CURVE('',#970,#970,#972,.T.);
#970 = VERTEX_POINT('',#971);
#971 = CARTESIAN_POINT('',(60.7,35.,-2.5));
#972 = CIRCLE('',#973,1.7);
#973 = AXIS2_PLACEMENT_3D('',#974,#975,#976);
#974 = CARTESIAN_POINT('',(59.,35.,-2.5));
#975 = DIRECTION('',(0.,0.,1.));
#976 = DIRECTION('',(1.,0.,-0.));
#977 = PLANE('',#978);
#978 = AXIS2_PLACEMENT_3D('',#979,#980,#981);
#979 = CARTESIAN_POINT('',(0.,-5.616291690047E-16,-2.5));
#980 = DIRECTION('',(0.,0.,1.));
#981 = DIRECTION('',(1.,0.,-0.));
#982 = ADVANCED_FACE('',(#983),#1003,.T.);
#983 = FACE_BOUND('',#984,.T.);
#984 = EDGE_LOOP('',(#985,#986,#987,#995,#1001,#1002));
#985 = ORIENTED_EDGE('',*,*,#258,.F.);
#986 = ORIENTED_EDGE('',*,*,#911,.T.);
#987 = ORIENTED_EDGE('',*,*,#988,.T.);
#988 = EDGE_CURVE('',#912,#989,#991,.T.);
#989 = VERTEX_POINT('',#990);
#990 = CARTESIAN_POINT('',(53.,38.,9.45));
#991 = LINE('',#992,#993);
#992 = CARTESIAN_POINT('',(53.,38.,-2.5));
#993 = VECTOR('',#994,1.);
#994 = DIRECTION('',(0.,0.,1.));
#995 = ORIENTED_EDGE('',*,*,#996,.F.);
#996 = EDGE_CURVE('',#667,#989,#997,.T.);
#997 = LINE('',#998,#999);
#998 = CARTESIAN_POINT('',(53.,36.5,9.45));
#999 = VECTOR('',#1000,1.);
#1000 = DIRECTION('',(-0.,1.,0.));
#1001 = ORIENTED_EDGE('',*,*,#666,.F.);
#1002 = ORIENTED_EDGE('',*,*,#625,.F.);
#1003 = PLANE('',#1004);
#1004 = AXIS2_PLACEMENT_3D('',#1005,#1006,#1007);
#1005 = CARTESIAN_POINT('',(53.,-3.231575830631E-16,3.475));
#1006 = DIRECTION('',(1.,0.,0.));
#1007 = DIRECTION('',(-0.,0.,1.));
#1008 = ADVANCED_FACE('',(#1009),#1061,.T.);
#1009 = FACE_BOUND('',#1010,.T.);
#1010 = EDGE_LOOP('',(#1011,#1012,#1013,#1014,#1022,#1030,#1038,#1046,
    #1054,#1060));
#1011 = ORIENTED_EDGE('',*,*,#281,.T.);
#1012 = ORIENTED_EDGE('',*,*,#297,.T.);
#1013 = ORIENTED_EDGE('',*,*,#312,.T.);
#1014 = ORIENTED_EDGE('',*,*,#1015,.F.);
#1015 = EDGE_CURVE('',#1016,#313,#1018,.T.);
#1016 = VERTEX_POINT('',#1017);
#1017 = CARTESIAN_POINT('',(-53.,-3.5,5.45));
#1018 = LINE('',#1019,#1020);
#1019 = CARTESIAN_POINT('',(-53.,-3.5,3.));
#1020 = VECTOR('',#1021,1.);
#1021 = DIRECTION('',(0.,0.,1.));
#1022 = ORIENTED_EDGE('',*,*,#1023,.T.);
#1023 = EDGE_CURVE('',#1016,#1024,#1026,.T.);
#1024 = VERTEX_POINT('',#1025);
#1025 = CARTESIAN_POINT('',(-53.,7.,5.45));
#1026 = LINE('',#1027,#1028);
#1027 = CARTESIAN_POINT('',(-53.,-3.5,5.45));
#1028 = VECTOR('',#1029,1.);
#1029 = DIRECTION('',(-0.,1.,0.));
#1030 = ORIENTED_EDGE('',*,*,#1031,.T.);
#1031 = EDGE_CURVE('',#1024,#1032,#1034,.T.);
#1032 = VERTEX_POINT('',#1033);
#1033 = CARTESIAN_POINT('',(-53.,7.,9.45));
#1034 = LINE('',#1035,#1036);
#1035 = CARTESIAN_POINT('',(-53.,7.,3.));
#1036 = VECTOR('',#1037,1.);
#1037 = DIRECTION('',(0.,0.,1.));
#1038 = ORIENTED_EDGE('',*,*,#1039,.T.);
#1039 = EDGE_CURVE('',#1032,#1040,#1042,.T.);
#1040 = VERTEX_POINT('',#1041);
#1041 = CARTESIAN_POINT('',(-53.,35.,9.45));
#1042 = LINE('',#1043,#1044);
#1043 = CARTESIAN_POINT('',(-53.,7.,9.45));
#1044 = VECTOR('',#1045,1.);
#1045 = DIRECTION('',(-0.,1.,0.));
#1046 = ORIENTED_EDGE('',*,*,#1047,.T.);
#1047 = EDGE_CURVE('',#1040,#1048,#1050,.T.);
#1048 = VERTEX_POINT('',#1049);
#1049 = CARTESIAN_POINT('',(-53.,38.,9.45));
#1050 = LINE('',#1051,#1052);
#1051 = CARTESIAN_POINT('',(-53.,7.,9.45));
#1052 = VECTOR('',#1053,1.);
#1053 = DIRECTION('',(-0.,1.,0.));
#1054 = ORIENTED_EDGE('',*,*,#1055,.F.);
#1055 = EDGE_CURVE('',#921,#1048,#1056,.T.);
#1056 = LINE('',#1057,#1058);
#1057 = CARTESIAN_POINT('',(-53.,38.,3.));
#1058 = VECTOR('',#1059,1.);
#1059 = DIRECTION('',(0.,0.,1.));
#1060 = ORIENTED_EDGE('',*,*,#920,.F.);
#1061 = PLANE('',#1062);
#1062 = AXIS2_PLACEMENT_3D('',#1063,#1064,#1065);
#1063 = CARTESIAN_POINT('',(-53.,7.612833061446E-02,3.419535073409));
#1064 = DIRECTION('',(-1.,-0.,-0.));
#1065 = DIRECTION('',(0.,0.,-1.));
#1066 = ADVANCED_FACE('',(#1067),#1078,.T.);
#1067 = FACE_BOUND('',#1068,.T.);
#1068 = EDGE_LOOP('',(#1069,#1075,#1076,#1077));
#1069 = ORIENTED_EDGE('',*,*,#1070,.F.);
#1070 = EDGE_CURVE('',#1016,#378,#1071,.T.);
#1071 = LINE('',#1072,#1073);
#1072 = CARTESIAN_POINT('',(-53.,-3.5,5.45));
#1073 = VECTOR('',#1074,1.);
#1074 = DIRECTION('',(1.,0.,-0.));
#1075 = ORIENTED_EDGE('',*,*,#1015,.T.);
#1076 = ORIENTED_EDGE('',*,*,#329,.T.);
#1077 = ORIENTED_EDGE('',*,*,#385,.F.);
#1078 = PLANE('',#1079);
#1079 = AXIS2_PLACEMENT_3D('',#1080,#1081,#1082);
#1080 = CARTESIAN_POINT('',(-53.,-3.5,3.));
#1081 = DIRECTION('',(-0.,1.,0.));
#1082 = DIRECTION('',(0.,0.,1.));
#1083 = ADVANCED_FACE('',(#1084),#1145,.T.);
#1084 = FACE_BOUND('',#1085,.T.);
#1085 = EDGE_LOOP('',(#1086,#1087,#1088,#1096,#1103,#1104,#1105,#1113,
    #1122,#1131,#1138));
#1086 = ORIENTED_EDGE('',*,*,#353,.F.);
#1087 = ORIENTED_EDGE('',*,*,#448,.T.);
#1088 = ORIENTED_EDGE('',*,*,#1089,.T.);
#1089 = EDGE_CURVE('',#440,#1090,#1092,.T.);
#1090 = VERTEX_POINT('',#1091);
#1091 = CARTESIAN_POINT('',(-47.,35.,10.5));
#1092 = LINE('',#1093,#1094);
#1093 = CARTESIAN_POINT('',(-47.,35.,-2.5));
#1094 = VECTOR('',#1095,1.);
#1095 = DIRECTION('',(0.,0.,1.));
#1096 = ORIENTED_EDGE('',*,*,#1097,.F.);
#1097 = EDGE_CURVE('',#1090,#1090,#1098,.T.);
#1098 = CIRCLE('',#1099,3.);
#1099 = AXIS2_PLACEMENT_3D('',#1100,#1101,#1102);
#1100 = CARTESIAN_POINT('',(-50.,35.,10.5));
#1101 = DIRECTION('',(0.,0.,1.));
#1102 = DIRECTION('',(1.,0.,-0.));
#1103 = ORIENTED_EDGE('',*,*,#1089,.F.);
#1104 = ORIENTED_EDGE('',*,*,#439,.T.);
#1105 = ORIENTED_EDGE('',*,*,#1106,.T.);
#1106 = EDGE_CURVE('',#432,#1107,#1109,.T.);
#1107 = VERTEX_POINT('',#1108);
#1108 = CARTESIAN_POINT('',(-47.40192378864,36.5,9.45));
#1109 = LINE('',#1110,#1111);
#1110 = CARTESIAN_POINT('',(-47.40192378864,36.5,-2.5));
#1111 = VECTOR('',#1112,1.);
#1112 = DIRECTION('',(0.,0.,1.));
#1113 = ORIENTED_EDGE('',*,*,#1114,.T.);
#1114 = EDGE_CURVE('',#1107,#1115,#1117,.T.);
#1115 = VERTEX_POINT('',#1116);
#1116 = CARTESIAN_POINT('',(-50.,38.,9.45));
#1117 = CIRCLE('',#1118,3.);
#1118 = AXIS2_PLACEMENT_3D('',#1119,#1120,#1121);
#1119 = CARTESIAN_POINT('',(-50.,35.,9.45));
#1120 = DIRECTION('',(0.,0.,1.));
#1121 = DIRECTION('',(1.,0.,-0.));
#1122 = ORIENTED_EDGE('',*,*,#1123,.T.);
#1123 = EDGE_CURVE('',#1115,#1124,#1126,.T.);
#1124 = VERTEX_POINT('',#1125);
#1125 = CARTESIAN_POINT('',(-52.59807621135,36.5,9.45));
#1126 = CIRCLE('',#1127,3.);
#1127 = AXIS2_PLACEMENT_3D('',#1128,#1129,#1130);
#1128 = CARTESIAN_POINT('',(-50.,35.,9.45));
#1129 = DIRECTION('',(0.,0.,1.));
#1130 = DIRECTION('',(1.,0.,-0.));
#1131 = ORIENTED_EDGE('',*,*,#1132,.T.);
#1132 = EDGE_CURVE('',#1124,#1040,#1133,.T.);
#1133 = CIRCLE('',#1134,3.);
#1134 = AXIS2_PLACEMENT_3D('',#1135,#1136,#1137);
#1135 = CARTESIAN_POINT('',(-50.,35.,9.45));
#1136 = DIRECTION('',(0.,0.,1.));
#1137 = DIRECTION('',(1.,0.,-0.));
#1138 = ORIENTED_EDGE('',*,*,#1139,.T.);
#1139 = EDGE_CURVE('',#1040,#354,#1140,.T.);
#1140 = CIRCLE('',#1141,3.);
#1141 = AXIS2_PLACEMENT_3D('',#1142,#1143,#1144);
#1142 = CARTESIAN_POINT('',(-50.,35.,9.45));
#1143 = DIRECTION('',(0.,0.,1.));
#1144 = DIRECTION('',(1.,0.,-0.));
#1145 = CYLINDRICAL_SURFACE('',#1146,3.);
#1146 = AXIS2_PLACEMENT_3D('',#1147,#1148,#1149);
#1147 = CARTESIAN_POINT('',(-50.,35.,-2.5));
#1148 = DIRECTION('',(0.,0.,1.));
#1149 = DIRECTION('',(1.,0.,-0.));
#1150 = ADVANCED_FACE('',(#1151),#1162,.T.);
#1151 = FACE_BOUND('',#1152,.T.);
#1152 = EDGE_LOOP('',(#1153,#1154,#1160,#1161));
#1153 = ORIENTED_EDGE('',*,*,#1039,.F.);
#1154 = ORIENTED_EDGE('',*,*,#1155,.T.);
#1155 = EDGE_CURVE('',#1032,#362,#1156,.T.);
#1156 = LINE('',#1157,#1158);
#1157 = CARTESIAN_POINT('',(-53.,7.,9.45));
#1158 = VECTOR('',#1159,1.);
#1159 = DIRECTION('',(1.,0.,-0.));
#1160 = ORIENTED_EDGE('',*,*,#361,.T.);
#1161 = ORIENTED_EDGE('',*,*,#1139,.F.);
#1162 = PLANE('',#1163);
#1163 = AXIS2_PLACEMENT_3D('',#1164,#1165,#1166);
#1164 = CARTESIAN_POINT('',(-53.,7.,9.45));
#1165 = DIRECTION('',(0.,0.,1.));
#1166 = DIRECTION('',(1.,0.,-0.));
#1167 = ADVANCED_FACE('',(#1168),#1179,.F.);
#1168 = FACE_BOUND('',#1169,.F.);
#1169 = EDGE_LOOP('',(#1170,#1176,#1177,#1178));
#1170 = ORIENTED_EDGE('',*,*,#1171,.F.);
#1171 = EDGE_CURVE('',#1024,#370,#1172,.T.);
#1172 = LINE('',#1173,#1174);
#1173 = CARTESIAN_POINT('',(-53.,7.,5.45));
#1174 = VECTOR('',#1175,1.);
#1175 = DIRECTION('',(1.,0.,-0.));
#1176 = ORIENTED_EDGE('',*,*,#1031,.T.);
#1177 = ORIENTED_EDGE('',*,*,#1155,.T.);
#1178 = ORIENTED_EDGE('',*,*,#369,.F.);
#1179 = PLANE('',#1180);
#1180 = AXIS2_PLACEMENT_3D('',#1181,#1182,#1183);
#1181 = CARTESIAN_POINT('',(-53.,7.,3.));
#1182 = DIRECTION('',(-0.,1.,0.));
#1183 = DIRECTION('',(0.,0.,1.));
#1184 = ADVANCED_FACE('',(#1185),#1191,.T.);
#1185 = FACE_BOUND('',#1186,.T.);
#1186 = EDGE_LOOP('',(#1187,#1188,#1189,#1190));
#1187 = ORIENTED_EDGE('',*,*,#1023,.F.);
#1188 = ORIENTED_EDGE('',*,*,#1070,.T.);
#1189 = ORIENTED_EDGE('',*,*,#377,.T.);
#1190 = ORIENTED_EDGE('',*,*,#1171,.F.);
#1191 = PLANE('',#1192);
#1192 = AXIS2_PLACEMENT_3D('',#1193,#1194,#1195);
#1193 = CARTESIAN_POINT('',(-53.,-3.5,5.45));
#1194 = DIRECTION('',(0.,0.,1.));
#1195 = DIRECTION('',(1.,0.,-0.));
#1196 = ADVANCED_FACE('',(#1197),#1215,.T.);
#1197 = FACE_BOUND('',#1198,.T.);
#1198 = EDGE_LOOP('',(#1199,#1207,#1213,#1214));
#1199 = ORIENTED_EDGE('',*,*,#1200,.T.);
#1200 = EDGE_CURVE('',#423,#1201,#1203,.T.);
#1201 = VERTEX_POINT('',#1202);
#1202 = CARTESIAN_POINT('',(47.401923788647,36.5,9.45));
#1203 = LINE('',#1204,#1205);
#1204 = CARTESIAN_POINT('',(47.401923788647,36.5,-2.5));
#1205 = VECTOR('',#1206,1.);
#1206 = DIRECTION('',(0.,0.,1.));
#1207 = ORIENTED_EDGE('',*,*,#1208,.F.);
#1208 = EDGE_CURVE('',#1107,#1201,#1209,.T.);
#1209 = LINE('',#1210,#1211);
#1210 = CARTESIAN_POINT('',(-53.,36.5,9.45));
#1211 = VECTOR('',#1212,1.);
#1212 = DIRECTION('',(1.,0.,-0.));
#1213 = ORIENTED_EDGE('',*,*,#1106,.F.);
#1214 = ORIENTED_EDGE('',*,*,#431,.T.);
#1215 = PLANE('',#1216);
#1216 = AXIS2_PLACEMENT_3D('',#1217,#1218,#1219);
#1217 = CARTESIAN_POINT('',(1.703909924398E-14,36.5,3.475));
#1218 = DIRECTION('',(-0.,-1.,-0.));
#1219 = DIRECTION('',(0.,0.,-1.));
#1220 = ADVANCED_FACE('',(#1221),#1269,.T.);
#1221 = FACE_BOUND('',#1222,.T.);
#1222 = EDGE_LOOP('',(#1223,#1224,#1225,#1233,#1240,#1241,#1250,#1259,
    #1266,#1267,#1268));
#1223 = ORIENTED_EDGE('',*,*,#640,.T.);
#1224 = ORIENTED_EDGE('',*,*,#674,.T.);
#1225 = ORIENTED_EDGE('',*,*,#1226,.T.);
#1226 = EDGE_CURVE('',#667,#1227,#1229,.T.);
#1227 = VERTEX_POINT('',#1228);
#1228 = CARTESIAN_POINT('',(53.,35.,10.5));
#1229 = LINE('',#1230,#1231);
#1230 = CARTESIAN_POINT('',(53.,35.,-2.5));
#1231 = VECTOR('',#1232,1.);
#1232 = DIRECTION('',(0.,0.,1.));
#1233 = ORIENTED_EDGE('',*,*,#1234,.F.);
#1234 = EDGE_CURVE('',#1227,#1227,#1235,.T.);
#1235 = CIRCLE('',#1236,3.);
#1236 = AXIS2_PLACEMENT_3D('',#1237,#1238,#1239);
#1237 = CARTESIAN_POINT('',(50.,35.,10.5));
#1238 = DIRECTION('',(0.,0.,1.));
#1239 = DIRECTION('',(1.,0.,-0.));
#1240 = ORIENTED_EDGE('',*,*,#1226,.F.);
#1241 = ORIENTED_EDGE('',*,*,#1242,.T.);
#1242 = EDGE_CURVE('',#667,#1243,#1245,.T.);
#1243 = VERTEX_POINT('',#1244);
#1244 = CARTESIAN_POINT('',(52.598076211353,36.5,9.45));
#1245 = CIRCLE('',#1246,3.);
#1246 = AXIS2_PLACEMENT_3D('',#1247,#1248,#1249);
#1247 = CARTESIAN_POINT('',(50.,35.,9.45));
#1248 = DIRECTION('',(0.,0.,1.));
#1249 = DIRECTION('',(1.,0.,-0.));
#1250 = ORIENTED_EDGE('',*,*,#1251,.T.);
#1251 = EDGE_CURVE('',#1243,#1252,#1254,.T.);
#1252 = VERTEX_POINT('',#1253);
#1253 = CARTESIAN_POINT('',(50.,38.,9.45));
#1254 = CIRCLE('',#1255,3.);
#1255 = AXIS2_PLACEMENT_3D('',#1256,#1257,#1258);
#1256 = CARTESIAN_POINT('',(50.,35.,9.45));
#1257 = DIRECTION('',(0.,0.,1.));
#1258 = DIRECTION('',(1.,0.,-0.));
#1259 = ORIENTED_EDGE('',*,*,#1260,.T.);
#1260 = EDGE_CURVE('',#1252,#1201,#1261,.T.);
#1261 = CIRCLE('',#1262,3.);
#1262 = AXIS2_PLACEMENT_3D('',#1263,#1264,#1265);
#1263 = CARTESIAN_POINT('',(50.,35.,9.45));
#1264 = DIRECTION('',(0.,0.,1.));
#1265 = DIRECTION('',(1.,0.,-0.));
#1266 = ORIENTED_EDGE('',*,*,#1200,.F.);
#1267 = ORIENTED_EDGE('',*,*,#422,.T.);
#1268 = ORIENTED_EDGE('',*,*,#413,.T.);
#1269 = CYLINDRICAL_SURFACE('',#1270,3.);
#1270 = AXIS2_PLACEMENT_3D('',#1271,#1272,#1273);
#1271 = CARTESIAN_POINT('',(50.,35.,-2.5));
#1272 = DIRECTION('',(0.,0.,1.));
#1273 = DIRECTION('',(1.,0.,-0.));
#1274 = ADVANCED_FACE('',(#1275),#1301,.F.);
#1275 = FACE_BOUND('',#1276,.F.);
#1276 = EDGE_LOOP('',(#1277,#1278,#1286,#1295));
#1277 = ORIENTED_EDGE('',*,*,#457,.F.);
#1278 = ORIENTED_EDGE('',*,*,#1279,.F.);
#1279 = EDGE_CURVE('',#1280,#458,#1282,.T.);
#1280 = VERTEX_POINT('',#1281);
#1281 = CARTESIAN_POINT('',(26.6671,-10.5159,-5.5));
#1282 = LINE('',#1283,#1284);
#1283 = CARTESIAN_POINT('',(26.6671,-10.5159,-5.6));
#1284 = VECTOR('',#1285,1.);
#1285 = DIRECTION('',(0.,0.,1.));
#1286 = ORIENTED_EDGE('',*,*,#1287,.T.);
#1287 = EDGE_CURVE('',#1280,#1288,#1290,.T.);
#1288 = VERTEX_POINT('',#1289);
#1289 = CARTESIAN_POINT('',(27.6671,-11.5159,-5.5));
#1290 = CIRCLE('',#1291,1.);
#1291 = AXIS2_PLACEMENT_3D('',#1292,#1293,#1294);
#1292 = CARTESIAN_POINT('',(27.6671,-10.5159,-5.5));
#1293 = DIRECTION('',(0.,0.,1.));
#1294 = DIRECTION('',(1.,0.,-0.));
#1295 = ORIENTED_EDGE('',*,*,#1296,.T.);
#1296 = EDGE_CURVE('',#1288,#460,#1297,.T.);
#1297 = LINE('',#1298,#1299);
#1298 = CARTESIAN_POINT('',(27.6671,-11.5159,-5.6));
#1299 = VECTOR('',#1300,1.);
#1300 = DIRECTION('',(0.,0.,1.));
#1301 = CYLINDRICAL_SURFACE('',#1302,1.);
#1302 = AXIS2_PLACEMENT_3D('',#1303,#1304,#1305);
#1303 = CARTESIAN_POINT('',(27.6671,-10.5159,-5.6));
#1304 = DIRECTION('',(0.,0.,1.));
#1305 = DIRECTION('',(1.,0.,-0.));
#1306 = ADVANCED_FACE('',(#1307),#1325,.T.);
#1307 = FACE_BOUND('',#1308,.T.);
#1308 = EDGE_LOOP('',(#1309,#1317,#1318,#1319));
#1309 = ORIENTED_EDGE('',*,*,#1310,.F.);
#1310 = EDGE_CURVE('',#1288,#1311,#1313,.T.);
#1311 = VERTEX_POINT('',#1312);
#1312 = CARTESIAN_POINT('',(39.6671,-11.5159,-5.5));
#1313 = LINE('',#1314,#1315);
#1314 = CARTESIAN_POINT('',(13.83355,-11.5159,-5.5));
#1315 = VECTOR('',#1316,1.);
#1316 = DIRECTION('',(1.,0.,-0.));
#1317 = ORIENTED_EDGE('',*,*,#1296,.T.);
#1318 = ORIENTED_EDGE('',*,*,#519,.F.);
#1319 = ORIENTED_EDGE('',*,*,#1320,.F.);
#1320 = EDGE_CURVE('',#1311,#511,#1321,.T.);
#1321 = LINE('',#1322,#1323);
#1322 = CARTESIAN_POINT('',(39.6671,-11.5159,-5.6));
#1323 = VECTOR('',#1324,1.);
#1324 = DIRECTION('',(0.,0.,1.));
#1325 = PLANE('',#1326);
#1326 = AXIS2_PLACEMENT_3D('',#1327,#1328,#1329);
#1327 = CARTESIAN_POINT('',(27.6671,-11.5159,-5.6));
#1328 = DIRECTION('',(-0.,1.,0.));
#1329 = DIRECTION('',(0.,0.,1.));
#1330 = ADVANCED_FACE('',(#1331),#1350,.F.);
#1331 = FACE_BOUND('',#1332,.F.);
#1332 = EDGE_LOOP('',(#1333,#1334,#1335,#1344));
#1333 = ORIENTED_EDGE('',*,*,#510,.F.);
#1334 = ORIENTED_EDGE('',*,*,#1320,.F.);
#1335 = ORIENTED_EDGE('',*,*,#1336,.T.);
#1336 = EDGE_CURVE('',#1311,#1337,#1339,.T.);
#1337 = VERTEX_POINT('',#1338);
#1338 = CARTESIAN_POINT('',(40.6671,-10.5159,-5.5));
#1339 = CIRCLE('',#1340,1.);
#1340 = AXIS2_PLACEMENT_3D('',#1341,#1342,#1343);
#1341 = CARTESIAN_POINT('',(39.6671,-10.5159,-5.5));
#1342 = DIRECTION('',(0.,0.,1.));
#1343 = DIRECTION('',(1.,0.,-0.));
#1344 = ORIENTED_EDGE('',*,*,#1345,.T.);
#1345 = EDGE_CURVE('',#1337,#503,#1346,.T.);
#1346 = LINE('',#1347,#1348);
#1347 = CARTESIAN_POINT('',(40.6671,-10.5159,-5.6));
#1348 = VECTOR('',#1349,1.);
#1349 = DIRECTION('',(0.,0.,1.));
#1350 = CYLINDRICAL_SURFACE('',#1351,1.);
#1351 = AXIS2_PLACEMENT_3D('',#1352,#1353,#1354);
#1352 = CARTESIAN_POINT('',(39.6671,-10.5159,-5.6));
#1353 = DIRECTION('',(0.,0.,1.));
#1354 = DIRECTION('',(1.,0.,-0.));
#1355 = ADVANCED_FACE('',(#1356),#1374,.F.);
#1356 = FACE_BOUND('',#1357,.F.);
#1357 = EDGE_LOOP('',(#1358,#1359,#1367,#1373));
#1358 = ORIENTED_EDGE('',*,*,#1345,.F.);
#1359 = ORIENTED_EDGE('',*,*,#1360,.F.);
#1360 = EDGE_CURVE('',#1361,#1337,#1363,.T.);
#1361 = VERTEX_POINT('',#1362);
#1362 = CARTESIAN_POINT('',(40.6671,5.4841,-5.5));
#1363 = LINE('',#1364,#1365);
#1364 = CARTESIAN_POINT('',(40.6671,-5.25795,-5.5));
#1365 = VECTOR('',#1366,1.);
#1366 = DIRECTION('',(0.,-1.,0.));
#1367 = ORIENTED_EDGE('',*,*,#1368,.T.);
#1368 = EDGE_CURVE('',#1361,#494,#1369,.T.);
#1369 = LINE('',#1370,#1371);
#1370 = CARTESIAN_POINT('',(40.6671,5.4841,-5.6));
#1371 = VECTOR('',#1372,1.);
#1372 = DIRECTION('',(0.,0.,1.));
#1373 = ORIENTED_EDGE('',*,*,#502,.F.);
#1374 = PLANE('',#1375);
#1375 = AXIS2_PLACEMENT_3D('',#1376,#1377,#1378);
#1376 = CARTESIAN_POINT('',(40.6671,-10.5159,-5.6));
#1377 = DIRECTION('',(1.,0.,-0.));
#1378 = DIRECTION('',(0.,0.,1.));
#1379 = ADVANCED_FACE('',(#1380),#1399,.F.);
#1380 = FACE_BOUND('',#1381,.F.);
#1381 = EDGE_LOOP('',(#1382,#1383,#1384,#1393));
#1382 = ORIENTED_EDGE('',*,*,#493,.F.);
#1383 = ORIENTED_EDGE('',*,*,#1368,.F.);
#1384 = ORIENTED_EDGE('',*,*,#1385,.T.);
#1385 = EDGE_CURVE('',#1361,#1386,#1388,.T.);
#1386 = VERTEX_POINT('',#1387);
#1387 = CARTESIAN_POINT('',(39.6671,6.4841,-5.5));
#1388 = CIRCLE('',#1389,1.);
#1389 = AXIS2_PLACEMENT_3D('',#1390,#1391,#1392);
#1390 = CARTESIAN_POINT('',(39.6671,5.4841,-5.5));
#1391 = DIRECTION('',(0.,0.,1.));
#1392 = DIRECTION('',(1.,0.,-0.));
#1393 = ORIENTED_EDGE('',*,*,#1394,.T.);
#1394 = EDGE_CURVE('',#1386,#486,#1395,.T.);
#1395 = LINE('',#1396,#1397);
#1396 = CARTESIAN_POINT('',(39.6671,6.4841,-5.6));
#1397 = VECTOR('',#1398,1.);
#1398 = DIRECTION('',(0.,0.,1.));
#1399 = CYLINDRICAL_SURFACE('',#1400,1.);
#1400 = AXIS2_PLACEMENT_3D('',#1401,#1402,#1403);
#1401 = CARTESIAN_POINT('',(39.6671,5.4841,-5.6));
#1402 = DIRECTION('',(0.,0.,1.));
#1403 = DIRECTION('',(1.,0.,-0.));
#1404 = ADVANCED_FACE('',(#1405),#1423,.F.);
#1405 = FACE_BOUND('',#1406,.F.);
#1406 = EDGE_LOOP('',(#1407,#1415,#1421,#1422));
#1407 = ORIENTED_EDGE('',*,*,#1408,.F.);
#1408 = EDGE_CURVE('',#1409,#1386,#1411,.T.);
#1409 = VERTEX_POINT('',#1410);
#1410 = CARTESIAN_POINT('',(27.6671,6.4841,-5.5));
#1411 = LINE('',#1412,#1413);
#1412 = CARTESIAN_POINT('',(13.83355,6.4841,-5.5));
#1413 = VECTOR('',#1414,1.);
#1414 = DIRECTION('',(1.,0.,-0.));
#1415 = ORIENTED_EDGE('',*,*,#1416,.T.);
#1416 = EDGE_CURVE('',#1409,#477,#1417,.T.);
#1417 = LINE('',#1418,#1419);
#1418 = CARTESIAN_POINT('',(27.6671,6.4841,-5.6));
#1419 = VECTOR('',#1420,1.);
#1420 = DIRECTION('',(0.,0.,1.));
#1421 = ORIENTED_EDGE('',*,*,#485,.F.);
#1422 = ORIENTED_EDGE('',*,*,#1394,.F.);
#1423 = PLANE('',#1424);
#1424 = AXIS2_PLACEMENT_3D('',#1425,#1426,#1427);
#1425 = CARTESIAN_POINT('',(27.6671,6.4841,-5.6));
#1426 = DIRECTION('',(-0.,1.,0.));
#1427 = DIRECTION('',(0.,0.,1.));
#1428 = ADVANCED_FACE('',(#1429),#1448,.F.);
#1429 = FACE_BOUND('',#1430,.F.);
#1430 = EDGE_LOOP('',(#1431,#1432,#1433,#1442));
#1431 = ORIENTED_EDGE('',*,*,#476,.F.);
#1432 = ORIENTED_EDGE('',*,*,#1416,.F.);
#1433 = ORIENTED_EDGE('',*,*,#1434,.T.);
#1434 = EDGE_CURVE('',#1409,#1435,#1437,.T.);
#1435 = VERTEX_POINT('',#1436);
#1436 = CARTESIAN_POINT('',(26.6671,5.4841,-5.5));
#1437 = CIRCLE('',#1438,1.);
#1438 = AXIS2_PLACEMENT_3D('',#1439,#1440,#1441);
#1439 = CARTESIAN_POINT('',(27.6671,5.4841,-5.5));
#1440 = DIRECTION('',(0.,0.,1.));
#1441 = DIRECTION('',(1.,0.,-0.));
#1442 = ORIENTED_EDGE('',*,*,#1443,.T.);
#1443 = EDGE_CURVE('',#1435,#469,#1444,.T.);
#1444 = LINE('',#1445,#1446);
#1445 = CARTESIAN_POINT('',(26.6671,5.4841,-5.6));
#1446 = VECTOR('',#1447,1.);
#1447 = DIRECTION('',(0.,0.,1.));
#1448 = CYLINDRICAL_SURFACE('',#1449,1.);
#1449 = AXIS2_PLACEMENT_3D('',#1450,#1451,#1452);
#1450 = CARTESIAN_POINT('',(27.6671,5.4841,-5.6));
#1451 = DIRECTION('',(0.,0.,1.));
#1452 = DIRECTION('',(1.,0.,-0.));
#1453 = ADVANCED_FACE('',(#1454),#1465,.T.);
#1454 = FACE_BOUND('',#1455,.T.);
#1455 = EDGE_LOOP('',(#1456,#1457,#1463,#1464));
#1456 = ORIENTED_EDGE('',*,*,#1279,.F.);
#1457 = ORIENTED_EDGE('',*,*,#1458,.F.);
#1458 = EDGE_CURVE('',#1435,#1280,#1459,.T.);
#1459 = LINE('',#1460,#1461);
#1460 = CARTESIAN_POINT('',(26.6671,-5.25795,-5.5));
#1461 = VECTOR('',#1462,1.);
#1462 = DIRECTION('',(0.,-1.,0.));
#1463 = ORIENTED_EDGE('',*,*,#1443,.T.);
#1464 = ORIENTED_EDGE('',*,*,#468,.F.);
#1465 = PLANE('',#1466);
#1466 = AXIS2_PLACEMENT_3D('',#1467,#1468,#1469);
#1467 = CARTESIAN_POINT('',(26.6671,-10.5159,-5.6));
#1468 = DIRECTION('',(1.,0.,-0.));
#1469 = DIRECTION('',(0.,0.,1.));
#1470 = ADVANCED_FACE('',(#1471),#1497,.F.);
#1471 = FACE_BOUND('',#1472,.F.);
#1472 = EDGE_LOOP('',(#1473,#1474,#1482,#1491));
#1473 = ORIENTED_EDGE('',*,*,#527,.F.);
#1474 = ORIENTED_EDGE('',*,*,#1475,.F.);
#1475 = EDGE_CURVE('',#1476,#528,#1478,.T.);
#1476 = VERTEX_POINT('',#1477);
#1477 = CARTESIAN_POINT('',(-23.361,-11.3275,-5.5));
#1478 = LINE('',#1479,#1480);
#1479 = CARTESIAN_POINT('',(-23.361,-11.3275,-5.6));
#1480 = VECTOR('',#1481,1.);
#1481 = DIRECTION('',(0.,0.,1.));
#1482 = ORIENTED_EDGE('',*,*,#1483,.T.);
#1483 = EDGE_CURVE('',#1476,#1484,#1486,.T.);
#1484 = VERTEX_POINT('',#1485);
#1485 = CARTESIAN_POINT('',(-20.361,-14.3275,-5.5));
#1486 = CIRCLE('',#1487,3.);
#1487 = AXIS2_PLACEMENT_3D('',#1488,#1489,#1490);
#1488 = CARTESIAN_POINT('',(-20.361,-11.3275,-5.5));
#1489 = DIRECTION('',(0.,0.,1.));
#1490 = DIRECTION('',(1.,0.,-0.));
#1491 = ORIENTED_EDGE('',*,*,#1492,.T.);
#1492 = EDGE_CURVE('',#1484,#530,#1493,.T.);
#1493 = LINE('',#1494,#1495);
#1494 = CARTESIAN_POINT('',(-20.361,-14.3275,-5.6));
#1495 = VECTOR('',#1496,1.);
#1496 = DIRECTION('',(0.,0.,1.));
#1497 = CYLINDRICAL_SURFACE('',#1498,3.);
#1498 = AXIS2_PLACEMENT_3D('',#1499,#1500,#1501);
#1499 = CARTESIAN_POINT('',(-20.361,-11.3275,-5.6));
#1500 = DIRECTION('',(0.,0.,1.));
#1501 = DIRECTION('',(1.,0.,-0.));
#1502 = ADVANCED_FACE('',(#1503),#1521,.T.);
#1503 = FACE_BOUND('',#1504,.T.);
#1504 = EDGE_LOOP('',(#1505,#1513,#1514,#1515));
#1505 = ORIENTED_EDGE('',*,*,#1506,.F.);
#1506 = EDGE_CURVE('',#1484,#1507,#1509,.T.);
#1507 = VERTEX_POINT('',#1508);
#1508 = CARTESIAN_POINT('',(-2.361,-14.3275,-5.5));
#1509 = LINE('',#1510,#1511);
#1510 = CARTESIAN_POINT('',(-10.1805,-14.3275,-5.5));
#1511 = VECTOR('',#1512,1.);
#1512 = DIRECTION('',(1.,0.,-0.));
#1513 = ORIENTED_EDGE('',*,*,#1492,.T.);
#1514 = ORIENTED_EDGE('',*,*,#589,.F.);
#1515 = ORIENTED_EDGE('',*,*,#1516,.F.);
#1516 = EDGE_CURVE('',#1507,#581,#1517,.T.);
#1517 = LINE('',#1518,#1519);
#1518 = CARTESIAN_POINT('',(-2.361,-14.3275,-5.6));
#1519 = VECTOR('',#1520,1.);
#1520 = DIRECTION('',(0.,0.,1.));
#1521 = PLANE('',#1522);
#1522 = AXIS2_PLACEMENT_3D('',#1523,#1524,#1525);
#1523 = CARTESIAN_POINT('',(-20.361,-14.3275,-5.6));
#1524 = DIRECTION('',(-0.,1.,0.));
#1525 = DIRECTION('',(0.,0.,1.));
#1526 = ADVANCED_FACE('',(#1527),#1546,.F.);
#1527 = FACE_BOUND('',#1528,.F.);
#1528 = EDGE_LOOP('',(#1529,#1530,#1531,#1540));
#1529 = ORIENTED_EDGE('',*,*,#580,.F.);
#1530 = ORIENTED_EDGE('',*,*,#1516,.F.);
#1531 = ORIENTED_EDGE('',*,*,#1532,.T.);
#1532 = EDGE_CURVE('',#1507,#1533,#1535,.T.);
#1533 = VERTEX_POINT('',#1534);
#1534 = CARTESIAN_POINT('',(0.639,-11.3275,-5.5));
#1535 = CIRCLE('',#1536,3.);
#1536 = AXIS2_PLACEMENT_3D('',#1537,#1538,#1539);
#1537 = CARTESIAN_POINT('',(-2.361,-11.3275,-5.5));
#1538 = DIRECTION('',(0.,0.,1.));
#1539 = DIRECTION('',(1.,0.,-0.));
#1540 = ORIENTED_EDGE('',*,*,#1541,.T.);
#1541 = EDGE_CURVE('',#1533,#573,#1542,.T.);
#1542 = LINE('',#1543,#1544);
#1543 = CARTESIAN_POINT('',(0.639,-11.3275,-5.6));
#1544 = VECTOR('',#1545,1.);
#1545 = DIRECTION('',(0.,0.,1.));
#1546 = CYLINDRICAL_SURFACE('',#1547,3.);
#1547 = AXIS2_PLACEMENT_3D('',#1548,#1549,#1550);
#1548 = CARTESIAN_POINT('',(-2.361,-11.3275,-5.6));
#1549 = DIRECTION('',(0.,0.,1.));
#1550 = DIRECTION('',(1.,0.,-0.));
#1551 = ADVANCED_FACE('',(#1552),#1570,.F.);
#1552 = FACE_BOUND('',#1553,.F.);
#1553 = EDGE_LOOP('',(#1554,#1555,#1563,#1569));
#1554 = ORIENTED_EDGE('',*,*,#1541,.F.);
#1555 = ORIENTED_EDGE('',*,*,#1556,.F.);
#1556 = EDGE_CURVE('',#1557,#1533,#1559,.T.);
#1557 = VERTEX_POINT('',#1558);
#1558 = CARTESIAN_POINT('',(0.639,6.6725,-5.5));
#1559 = LINE('',#1560,#1561);
#1560 = CARTESIAN_POINT('',(0.639,-5.66375,-5.5));
#1561 = VECTOR('',#1562,1.);
#1562 = DIRECTION('',(0.,-1.,0.));
#1563 = ORIENTED_EDGE('',*,*,#1564,.T.);
#1564 = EDGE_CURVE('',#1557,#564,#1565,.T.);
#1565 = LINE('',#1566,#1567);
#1566 = CARTESIAN_POINT('',(0.639,6.6725,-5.6));
#1567 = VECTOR('',#1568,1.);
#1568 = DIRECTION('',(0.,0.,1.));
#1569 = ORIENTED_EDGE('',*,*,#572,.F.);
#1570 = PLANE('',#1571);
#1571 = AXIS2_PLACEMENT_3D('',#1572,#1573,#1574);
#1572 = CARTESIAN_POINT('',(0.639,-11.3275,-5.6));
#1573 = DIRECTION('',(1.,0.,-0.));
#1574 = DIRECTION('',(0.,0.,1.));
#1575 = ADVANCED_FACE('',(#1576),#1595,.F.);
#1576 = FACE_BOUND('',#1577,.F.);
#1577 = EDGE_LOOP('',(#1578,#1579,#1580,#1589));
#1578 = ORIENTED_EDGE('',*,*,#563,.F.);
#1579 = ORIENTED_EDGE('',*,*,#1564,.F.);
#1580 = ORIENTED_EDGE('',*,*,#1581,.T.);
#1581 = EDGE_CURVE('',#1557,#1582,#1584,.T.);
#1582 = VERTEX_POINT('',#1583);
#1583 = CARTESIAN_POINT('',(-2.361,9.6725,-5.5));
#1584 = CIRCLE('',#1585,3.);
#1585 = AXIS2_PLACEMENT_3D('',#1586,#1587,#1588);
#1586 = CARTESIAN_POINT('',(-2.361,6.6725,-5.5));
#1587 = DIRECTION('',(0.,0.,1.));
#1588 = DIRECTION('',(1.,0.,-0.));
#1589 = ORIENTED_EDGE('',*,*,#1590,.T.);
#1590 = EDGE_CURVE('',#1582,#556,#1591,.T.);
#1591 = LINE('',#1592,#1593);
#1592 = CARTESIAN_POINT('',(-2.361,9.6725,-5.6));
#1593 = VECTOR('',#1594,1.);
#1594 = DIRECTION('',(0.,0.,1.));
#1595 = CYLINDRICAL_SURFACE('',#1596,3.);
#1596 = AXIS2_PLACEMENT_3D('',#1597,#1598,#1599);
#1597 = CARTESIAN_POINT('',(-2.361,6.6725,-5.6));
#1598 = DIRECTION('',(0.,0.,1.));
#1599 = DIRECTION('',(1.,0.,-0.));
#1600 = ADVANCED_FACE('',(#1601),#1619,.F.);
#1601 = FACE_BOUND('',#1602,.F.);
#1602 = EDGE_LOOP('',(#1603,#1611,#1617,#1618));
#1603 = ORIENTED_EDGE('',*,*,#1604,.F.);
#1604 = EDGE_CURVE('',#1605,#1582,#1607,.T.);
#1605 = VERTEX_POINT('',#1606);
#1606 = CARTESIAN_POINT('',(-20.361,9.6725,-5.5));
#1607 = LINE('',#1608,#1609);
#1608 = CARTESIAN_POINT('',(-10.1805,9.6725,-5.5));
#1609 = VECTOR('',#1610,1.);
#1610 = DIRECTION('',(1.,0.,-0.));
#1611 = ORIENTED_EDGE('',*,*,#1612,.T.);
#1612 = EDGE_CURVE('',#1605,#547,#1613,.T.);
#1613 = LINE('',#1614,#1615);
#1614 = CARTESIAN_POINT('',(-20.361,9.6725,-5.6));
#1615 = VECTOR('',#1616,1.);
#1616 = DIRECTION('',(0.,0.,1.));
#1617 = ORIENTED_EDGE('',*,*,#555,.F.);
#1618 = ORIENTED_EDGE('',*,*,#1590,.F.);
#1619 = PLANE('',#1620);
#1620 = AXIS2_PLACEMENT_3D('',#1621,#1622,#1623);
#1621 = CARTESIAN_POINT('',(-20.361,9.6725,-5.6));
#1622 = DIRECTION('',(-0.,1.,0.));
#1623 = DIRECTION('',(0.,0.,1.));
#1624 = ADVANCED_FACE('',(#1625),#1644,.F.);
#1625 = FACE_BOUND('',#1626,.F.);
#1626 = EDGE_LOOP('',(#1627,#1628,#1629,#1638));
#1627 = ORIENTED_EDGE('',*,*,#546,.F.);
#1628 = ORIENTED_EDGE('',*,*,#1612,.F.);
#1629 = ORIENTED_EDGE('',*,*,#1630,.T.);
#1630 = EDGE_CURVE('',#1605,#1631,#1633,.T.);
#1631 = VERTEX_POINT('',#1632);
#1632 = CARTESIAN_POINT('',(-23.361,6.6725,-5.5));
#1633 = CIRCLE('',#1634,3.);
#1634 = AXIS2_PLACEMENT_3D('',#1635,#1636,#1637);
#1635 = CARTESIAN_POINT('',(-20.361,6.6725,-5.5));
#1636 = DIRECTION('',(0.,0.,1.));
#1637 = DIRECTION('',(1.,0.,-0.));
#1638 = ORIENTED_EDGE('',*,*,#1639,.T.);
#1639 = EDGE_CURVE('',#1631,#539,#1640,.T.);
#1640 = LINE('',#1641,#1642);
#1641 = CARTESIAN_POINT('',(-23.361,6.6725,-5.6));
#1642 = VECTOR('',#1643,1.);
#1643 = DIRECTION('',(0.,0.,1.));
#1644 = CYLINDRICAL_SURFACE('',#1645,3.);
#1645 = AXIS2_PLACEMENT_3D('',#1646,#1647,#1648);
#1646 = CARTESIAN_POINT('',(-20.361,6.6725,-5.6));
#1647 = DIRECTION('',(0.,0.,1.));
#1648 = DIRECTION('',(1.,0.,-0.));
#1649 = ADVANCED_FACE('',(#1650),#1661,.T.);
#1650 = FACE_BOUND('',#1651,.T.);
#1651 = EDGE_LOOP('',(#1652,#1653,#1659,#1660));
#1652 = ORIENTED_EDGE('',*,*,#1475,.F.);
#1653 = ORIENTED_EDGE('',*,*,#1654,.F.);
#1654 = EDGE_CURVE('',#1631,#1476,#1655,.T.);
#1655 = LINE('',#1656,#1657);
#1656 = CARTESIAN_POINT('',(-23.361,-5.66375,-5.5));
#1657 = VECTOR('',#1658,1.);
#1658 = DIRECTION('',(0.,-1.,0.));
#1659 = ORIENTED_EDGE('',*,*,#1639,.T.);
#1660 = ORIENTED_EDGE('',*,*,#538,.F.);
#1661 = PLANE('',#1662);
#1662 = AXIS2_PLACEMENT_3D('',#1663,#1664,#1665);
#1663 = CARTESIAN_POINT('',(-23.361,-11.3275,-5.6));
#1664 = DIRECTION('',(1.,0.,-0.));
#1665 = DIRECTION('',(0.,0.,1.));
#1666 = ADVANCED_FACE('',(#1667),#1686,.F.);
#1667 = FACE_BOUND('',#1668,.F.);
#1668 = EDGE_LOOP('',(#1669,#1670,#1678,#1685));
#1669 = ORIENTED_EDGE('',*,*,#606,.F.);
#1670 = ORIENTED_EDGE('',*,*,#1671,.F.);
#1671 = EDGE_CURVE('',#1672,#607,#1674,.T.);
#1672 = VERTEX_POINT('',#1673);
#1673 = CARTESIAN_POINT('',(-48.3,-35.,-5.5));
#1674 = LINE('',#1675,#1676);
#1675 = CARTESIAN_POINT('',(-48.3,-35.,-5.6));
#1676 = VECTOR('',#1677,1.);
#1677 = DIRECTION('',(0.,0.,1.));
#1678 = ORIENTED_EDGE('',*,*,#1679,.T.);
#1679 = EDGE_CURVE('',#1672,#1672,#1680,.T.);
#1680 = CIRCLE('',#1681,1.7);
#1681 = AXIS2_PLACEMENT_3D('',#1682,#1683,#1684);
#1682 = CARTESIAN_POINT('',(-50.,-35.,-5.5));
#1683 = DIRECTION('',(0.,0.,1.));
#1684 = DIRECTION('',(1.,0.,-0.));
#1685 = ORIENTED_EDGE('',*,*,#1671,.T.);
#1686 = CYLINDRICAL_SURFACE('',#1687,1.7);
#1687 = AXIS2_PLACEMENT_3D('',#1688,#1689,#1690);
#1688 = CARTESIAN_POINT('',(-50.,-35.,-5.6));
#1689 = DIRECTION('',(0.,0.,1.));
#1690 = DIRECTION('',(1.,0.,-0.));
#1691 = ADVANCED_FACE('',(#1692),#1711,.F.);
#1692 = FACE_BOUND('',#1693,.F.);
#1693 = EDGE_LOOP('',(#1694,#1695,#1703,#1710));
#1694 = ORIENTED_EDGE('',*,*,#692,.F.);
#1695 = ORIENTED_EDGE('',*,*,#1696,.F.);
#1696 = EDGE_CURVE('',#1697,#693,#1699,.T.);
#1697 = VERTEX_POINT('',#1698);
#1698 = CARTESIAN_POINT('',(51.7,-35.,-5.5));
#1699 = LINE('',#1700,#1701);
#1700 = CARTESIAN_POINT('',(51.7,-35.,-5.6));
#1701 = VECTOR('',#1702,1.);
#1702 = DIRECTION('',(0.,0.,1.));
#1703 = ORIENTED_EDGE('',*,*,#1704,.T.);
#1704 = EDGE_CURVE('',#1697,#1697,#1705,.T.);
#1705 = CIRCLE('',#1706,1.7);
#1706 = AXIS2_PLACEMENT_3D('',#1707,#1708,#1709);
#1707 = CARTESIAN_POINT('',(50.,-35.,-5.5));
#1708 = DIRECTION('',(0.,0.,1.));
#1709 = DIRECTION('',(1.,0.,-0.));
#1710 = ORIENTED_EDGE('',*,*,#1696,.T.);
#1711 = CYLINDRICAL_SURFACE('',#1712,1.7);
#1712 = AXIS2_PLACEMENT_3D('',#1713,#1714,#1715);
#1713 = CARTESIAN_POINT('',(50.,-35.,-5.6));
#1714 = DIRECTION('',(0.,0.,1.));
#1715 = DIRECTION('',(1.,0.,-0.));
#1716 = ADVANCED_FACE('',(#1717),#1743,.T.);
#1717 = FACE_BOUND('',#1718,.T.);
#1718 = EDGE_LOOP('',(#1719,#1720,#1728,#1737));
#1719 = ORIENTED_EDGE('',*,*,#709,.F.);
#1720 = ORIENTED_EDGE('',*,*,#1721,.F.);
#1721 = EDGE_CURVE('',#1722,#710,#1724,.T.);
#1722 = VERTEX_POINT('',#1723);
#1723 = CARTESIAN_POINT('',(-64.,-35.,-5.5));
#1724 = LINE('',#1725,#1726);
#1725 = CARTESIAN_POINT('',(-64.,-35.,-5.5));
#1726 = VECTOR('',#1727,1.);
#1727 = DIRECTION('',(0.,0.,1.));
#1728 = ORIENTED_EDGE('',*,*,#1729,.T.);
#1729 = EDGE_CURVE('',#1722,#1730,#1732,.T.);
#1730 = VERTEX_POINT('',#1731);
#1731 = CARTESIAN_POINT('',(-60.,-39.,-5.5));
#1732 = CIRCLE('',#1733,4.);
#1733 = AXIS2_PLACEMENT_3D('',#1734,#1735,#1736);
#1734 = CARTESIAN_POINT('',(-60.,-35.,-5.5));
#1735 = DIRECTION('',(0.,0.,1.));
#1736 = DIRECTION('',(1.,0.,-0.));
#1737 = ORIENTED_EDGE('',*,*,#1738,.T.);
#1738 = EDGE_CURVE('',#1730,#712,#1739,.T.);
#1739 = LINE('',#1740,#1741);
#1740 = CARTESIAN_POINT('',(-60.,-39.,-5.5));
#1741 = VECTOR('',#1742,1.);
#1742 = DIRECTION('',(0.,0.,1.));
#1743 = CYLINDRICAL_SURFACE('',#1744,4.);
#1744 = AXIS2_PLACEMENT_3D('',#1745,#1746,#1747);
#1745 = CARTESIAN_POINT('',(-60.,-35.,-5.5));
#1746 = DIRECTION('',(0.,0.,1.));
#1747 = DIRECTION('',(1.,0.,-0.));
#1748 = ADVANCED_FACE('',(#1749),#1767,.F.);
#1749 = FACE_BOUND('',#1750,.F.);
#1750 = EDGE_LOOP('',(#1751,#1752,#1760,#1766));
#1751 = ORIENTED_EDGE('',*,*,#1721,.F.);
#1752 = ORIENTED_EDGE('',*,*,#1753,.T.);
#1753 = EDGE_CURVE('',#1722,#1754,#1756,.T.);
#1754 = VERTEX_POINT('',#1755);
#1755 = CARTESIAN_POINT('',(-64.,35.,-5.5));
#1756 = LINE('',#1757,#1758);
#1757 = CARTESIAN_POINT('',(-64.,-35.,-5.5));
#1758 = VECTOR('',#1759,1.);
#1759 = DIRECTION('',(-0.,1.,0.));
#1760 = ORIENTED_EDGE('',*,*,#1761,.T.);
#1761 = EDGE_CURVE('',#1754,#763,#1762,.T.);
#1762 = LINE('',#1763,#1764);
#1763 = CARTESIAN_POINT('',(-64.,35.,-5.5));
#1764 = VECTOR('',#1765,1.);
#1765 = DIRECTION('',(0.,0.,1.));
#1766 = ORIENTED_EDGE('',*,*,#771,.F.);
#1767 = PLANE('',#1768);
#1768 = AXIS2_PLACEMENT_3D('',#1769,#1770,#1771);
#1769 = CARTESIAN_POINT('',(-64.,-35.,-5.5));
#1770 = DIRECTION('',(1.,0.,-0.));
#1771 = DIRECTION('',(0.,0.,1.));
#1772 = ADVANCED_FACE('',(#1773),#1791,.F.);
#1773 = FACE_BOUND('',#1774,.F.);
#1774 = EDGE_LOOP('',(#1775,#1783,#1784,#1785));
#1775 = ORIENTED_EDGE('',*,*,#1776,.F.);
#1776 = EDGE_CURVE('',#1730,#1777,#1779,.T.);
#1777 = VERTEX_POINT('',#1778);
#1778 = CARTESIAN_POINT('',(60.,-39.,-5.5));
#1779 = LINE('',#1780,#1781);
#1780 = CARTESIAN_POINT('',(-60.,-39.,-5.5));
#1781 = VECTOR('',#1782,1.);
#1782 = DIRECTION('',(1.,0.,-0.));
#1783 = ORIENTED_EDGE('',*,*,#1738,.T.);
#1784 = ORIENTED_EDGE('',*,*,#720,.T.);
#1785 = ORIENTED_EDGE('',*,*,#1786,.F.);
#1786 = EDGE_CURVE('',#1777,#721,#1787,.T.);
#1787 = LINE('',#1788,#1789);
#1788 = CARTESIAN_POINT('',(60.,-39.,-5.5));
#1789 = VECTOR('',#1790,1.);
#1790 = DIRECTION('',(0.,0.,1.));
#1791 = PLANE('',#1792);
#1792 = AXIS2_PLACEMENT_3D('',#1793,#1794,#1795);
#1793 = CARTESIAN_POINT('',(-60.,-39.,-5.5));
#1794 = DIRECTION('',(-0.,1.,0.));
#1795 = DIRECTION('',(0.,0.,1.));
#1796 = ADVANCED_FACE('',(#1797),#1816,.T.);
#1797 = FACE_BOUND('',#1798,.T.);
#1798 = EDGE_LOOP('',(#1799,#1800,#1808,#1815));
#1799 = ORIENTED_EDGE('',*,*,#762,.F.);
#1800 = ORIENTED_EDGE('',*,*,#1801,.F.);
#1801 = EDGE_CURVE('',#1802,#755,#1804,.T.);
#1802 = VERTEX_POINT('',#1803);
#1803 = CARTESIAN_POINT('',(-60.,39.,-5.5));
#1804 = LINE('',#1805,#1806);
#1805 = CARTESIAN_POINT('',(-60.,39.,-5.5));
#1806 = VECTOR('',#1807,1.);
#1807 = DIRECTION('',(0.,0.,1.));
#1808 = ORIENTED_EDGE('',*,*,#1809,.T.);
#1809 = EDGE_CURVE('',#1802,#1754,#1810,.T.);
#1810 = CIRCLE('',#1811,4.);
#1811 = AXIS2_PLACEMENT_3D('',#1812,#1813,#1814);
#1812 = CARTESIAN_POINT('',(-60.,35.,-5.5));
#1813 = DIRECTION('',(0.,0.,1.));
#1814 = DIRECTION('',(1.,0.,-0.));
#1815 = ORIENTED_EDGE('',*,*,#1761,.T.);
#1816 = CYLINDRICAL_SURFACE('',#1817,4.);
#1817 = AXIS2_PLACEMENT_3D('',#1818,#1819,#1820);
#1818 = CARTESIAN_POINT('',(-60.,35.,-5.5));
#1819 = DIRECTION('',(0.,0.,1.));
#1820 = DIRECTION('',(1.,0.,-0.));
#1821 = ADVANCED_FACE('',(#1822),#1841,.T.);
#1822 = FACE_BOUND('',#1823,.T.);
#1823 = EDGE_LOOP('',(#1824,#1825,#1826,#1835));
#1824 = ORIENTED_EDGE('',*,*,#728,.F.);
#1825 = ORIENTED_EDGE('',*,*,#1786,.F.);
#1826 = ORIENTED_EDGE('',*,*,#1827,.T.);
#1827 = EDGE_CURVE('',#1777,#1828,#1830,.T.);
#1828 = VERTEX_POINT('',#1829);
#1829 = CARTESIAN_POINT('',(64.,-35.,-5.5));
#1830 = CIRCLE('',#1831,4.);
#1831 = AXIS2_PLACEMENT_3D('',#1832,#1833,#1834);
#1832 = CARTESIAN_POINT('',(60.,-35.,-5.5));
#1833 = DIRECTION('',(0.,0.,1.));
#1834 = DIRECTION('',(1.,0.,-0.));
#1835 = ORIENTED_EDGE('',*,*,#1836,.T.);
#1836 = EDGE_CURVE('',#1828,#729,#1837,.T.);
#1837 = LINE('',#1838,#1839);
#1838 = CARTESIAN_POINT('',(64.,-35.,-5.5));
#1839 = VECTOR('',#1840,1.);
#1840 = DIRECTION('',(0.,0.,1.));
#1841 = CYLINDRICAL_SURFACE('',#1842,4.);
#1842 = AXIS2_PLACEMENT_3D('',#1843,#1844,#1845);
#1843 = CARTESIAN_POINT('',(60.,-35.,-5.5));
#1844 = DIRECTION('',(0.,0.,1.));
#1845 = DIRECTION('',(1.,0.,-0.));
#1846 = ADVANCED_FACE('',(#1847),#1865,.T.);
#1847 = FACE_BOUND('',#1848,.T.);
#1848 = EDGE_LOOP('',(#1849,#1857,#1858,#1859));
#1849 = ORIENTED_EDGE('',*,*,#1850,.F.);
#1850 = EDGE_CURVE('',#1802,#1851,#1853,.T.);
#1851 = VERTEX_POINT('',#1852);
#1852 = CARTESIAN_POINT('',(60.,39.,-5.5));
#1853 = LINE('',#1854,#1855);
#1854 = CARTESIAN_POINT('',(-60.,39.,-5.5));
#1855 = VECTOR('',#1856,1.);
#1856 = DIRECTION('',(1.,0.,-0.));
#1857 = ORIENTED_EDGE('',*,*,#1801,.T.);
#1858 = ORIENTED_EDGE('',*,*,#754,.T.);
#1859 = ORIENTED_EDGE('',*,*,#1860,.F.);
#1860 = EDGE_CURVE('',#1851,#746,#1861,.T.);
#1861 = LINE('',#1862,#1863);
#1862 = CARTESIAN_POINT('',(60.,39.,-5.5));
#1863 = VECTOR('',#1864,1.);
#1864 = DIRECTION('',(0.,0.,1.));
#1865 = PLANE('',#1866);
#1866 = AXIS2_PLACEMENT_3D('',#1867,#1868,#1869);
#1867 = CARTESIAN_POINT('',(-60.,39.,-5.5));
#1868 = DIRECTION('',(-0.,1.,0.));
#1869 = DIRECTION('',(0.,0.,1.));
#1870 = ADVANCED_FACE('',(#1871),#1889,.T.);
#1871 = FACE_BOUND('',#1872,.T.);
#1872 = EDGE_LOOP('',(#1873,#1874,#1882,#1888));
#1873 = ORIENTED_EDGE('',*,*,#1836,.F.);
#1874 = ORIENTED_EDGE('',*,*,#1875,.T.);
#1875 = EDGE_CURVE('',#1828,#1876,#1878,.T.);
#1876 = VERTEX_POINT('',#1877);
#1877 = CARTESIAN_POINT('',(64.,35.,-5.5));
#1878 = LINE('',#1879,#1880);
#1879 = CARTESIAN_POINT('',(64.,-35.,-5.5));
#1880 = VECTOR('',#1881,1.);
#1881 = DIRECTION('',(-0.,1.,0.));
#1882 = ORIENTED_EDGE('',*,*,#1883,.T.);
#1883 = EDGE_CURVE('',#1876,#738,#1884,.T.);
#1884 = LINE('',#1885,#1886);
#1885 = CARTESIAN_POINT('',(64.,35.,-5.5));
#1886 = VECTOR('',#1887,1.);
#1887 = DIRECTION('',(0.,0.,1.));
#1888 = ORIENTED_EDGE('',*,*,#737,.F.);
#1889 = PLANE('',#1890);
#1890 = AXIS2_PLACEMENT_3D('',#1891,#1892,#1893);
#1891 = CARTESIAN_POINT('',(64.,-35.,-5.5));
#1892 = DIRECTION('',(1.,0.,-0.));
#1893 = DIRECTION('',(0.,0.,1.));
#1894 = ADVANCED_FACE('',(#1895),#1907,.T.);
#1895 = FACE_BOUND('',#1896,.T.);
#1896 = EDGE_LOOP('',(#1897,#1898,#1899,#1906));
#1897 = ORIENTED_EDGE('',*,*,#745,.F.);
#1898 = ORIENTED_EDGE('',*,*,#1883,.F.);
#1899 = ORIENTED_EDGE('',*,*,#1900,.T.);
#1900 = EDGE_CURVE('',#1876,#1851,#1901,.T.);
#1901 = CIRCLE('',#1902,4.);
#1902 = AXIS2_PLACEMENT_3D('',#1903,#1904,#1905);
#1903 = CARTESIAN_POINT('',(60.,35.,-5.5));
#1904 = DIRECTION('',(0.,0.,1.));
#1905 = DIRECTION('',(1.,0.,-0.));
#1906 = ORIENTED_EDGE('',*,*,#1860,.T.);
#1907 = CYLINDRICAL_SURFACE('',#1908,4.);
#1908 = AXIS2_PLACEMENT_3D('',#1909,#1910,#1911);
#1909 = CARTESIAN_POINT('',(60.,35.,-5.5));
#1910 = DIRECTION('',(0.,0.,1.));
#1911 = DIRECTION('',(1.,0.,-0.));
#1912 = ADVANCED_FACE('',(#1913),#1932,.F.);
#1913 = FACE_BOUND('',#1914,.F.);
#1914 = EDGE_LOOP('',(#1915,#1916,#1924,#1931));
#1915 = ORIENTED_EDGE('',*,*,#779,.F.);
#1916 = ORIENTED_EDGE('',*,*,#1917,.F.);
#1917 = EDGE_CURVE('',#1918,#780,#1920,.T.);
#1918 = VERTEX_POINT('',#1919);
#1919 = CARTESIAN_POINT('',(-57.3,-35.,-5.5));
#1920 = LINE('',#1921,#1922);
#1921 = CARTESIAN_POINT('',(-57.3,-35.,-5.6));
#1922 = VECTOR('',#1923,1.);
#1923 = DIRECTION('',(0.,0.,1.));
#1924 = ORIENTED_EDGE('',*,*,#1925,.T.);
#1925 = EDGE_CURVE('',#1918,#1918,#1926,.T.);
#1926 = CIRCLE('',#1927,1.7);
#1927 = AXIS2_PLACEMENT_3D('',#1928,#1929,#1930);
#1928 = CARTESIAN_POINT('',(-59.,-35.,-5.5));
#1929 = DIRECTION('',(0.,0.,1.));
#1930 = DIRECTION('',(1.,0.,-0.));
#1931 = ORIENTED_EDGE('',*,*,#1917,.T.);
#1932 = CYLINDRICAL_SURFACE('',#1933,1.7);
#1933 = AXIS2_PLACEMENT_3D('',#1934,#1935,#1936);
#1934 = CARTESIAN_POINT('',(-59.,-35.,-5.6));
#1935 = DIRECTION('',(0.,0.,1.));
#1936 = DIRECTION('',(1.,0.,-0.));
#1937 = ADVANCED_FACE('',(#1938),#1957,.F.);
#1938 = FACE_BOUND('',#1939,.F.);
#1939 = EDGE_LOOP('',(#1940,#1941,#1949,#1956));
#1940 = ORIENTED_EDGE('',*,*,#790,.F.);
#1941 = ORIENTED_EDGE('',*,*,#1942,.F.);
#1942 = EDGE_CURVE('',#1943,#791,#1945,.T.);
#1943 = VERTEX_POINT('',#1944);
#1944 = CARTESIAN_POINT('',(-57.3,-25.,-5.5));
#1945 = LINE('',#1946,#1947);
#1946 = CARTESIAN_POINT('',(-57.3,-25.,-5.6));
#1947 = VECTOR('',#1948,1.);
#1948 = DIRECTION('',(0.,0.,1.));
#1949 = ORIENTED_EDGE('',*,*,#1950,.T.);
#1950 = EDGE_CURVE('',#1943,#1943,#1951,.T.);
#1951 = CIRCLE('',#1952,1.7);
#1952 = AXIS2_PLACEMENT_3D('',#1953,#1954,#1955);
#1953 = CARTESIAN_POINT('',(-59.,-25.,-5.5));
#1954 = DIRECTION('',(0.,0.,1.));
#1955 = DIRECTION('',(1.,0.,-0.));
#1956 = ORIENTED_EDGE('',*,*,#1942,.T.);
#1957 = CYLINDRICAL_SURFACE('',#1958,1.7);
#1958 = AXIS2_PLACEMENT_3D('',#1959,#1960,#1961);
#1959 = CARTESIAN_POINT('',(-59.,-25.,-5.6));
#1960 = DIRECTION('',(0.,0.,1.));
#1961 = DIRECTION('',(1.,0.,-0.));
#1962 = ADVANCED_FACE('',(#1963),#1982,.F.);
#1963 = FACE_BOUND('',#1964,.F.);
#1964 = EDGE_LOOP('',(#1965,#1966,#1974,#1981));
#1965 = ORIENTED_EDGE('',*,*,#801,.F.);
#1966 = ORIENTED_EDGE('',*,*,#1967,.F.);
#1967 = EDGE_CURVE('',#1968,#802,#1970,.T.);
#1968 = VERTEX_POINT('',#1969);
#1969 = CARTESIAN_POINT('',(-57.3,-15.,-5.5));
#1970 = LINE('',#1971,#1972);
#1971 = CARTESIAN_POINT('',(-57.3,-15.,-5.6));
#1972 = VECTOR('',#1973,1.);
#1973 = DIRECTION('',(0.,0.,1.));
#1974 = ORIENTED_EDGE('',*,*,#1975,.T.);
#1975 = EDGE_CURVE('',#1968,#1968,#1976,.T.);
#1976 = CIRCLE('',#1977,1.7);
#1977 = AXIS2_PLACEMENT_3D('',#1978,#1979,#1980);
#1978 = CARTESIAN_POINT('',(-59.,-15.,-5.5));
#1979 = DIRECTION('',(0.,0.,1.));
#1980 = DIRECTION('',(1.,0.,-0.));
#1981 = ORIENTED_EDGE('',*,*,#1967,.T.);
#1982 = CYLINDRICAL_SURFACE('',#1983,1.7);
#1983 = AXIS2_PLACEMENT_3D('',#1984,#1985,#1986);
#1984 = CARTESIAN_POINT('',(-59.,-15.,-5.6));
#1985 = DIRECTION('',(0.,0.,1.));
#1986 = DIRECTION('',(1.,0.,-0.));
#1987 = ADVANCED_FACE('',(#1988),#2007,.F.);
#1988 = FACE_BOUND('',#1989,.F.);
#1989 = EDGE_LOOP('',(#1990,#1991,#1999,#2006));
#1990 = ORIENTED_EDGE('',*,*,#812,.F.);
#1991 = ORIENTED_EDGE('',*,*,#1992,.F.);
#1992 = EDGE_CURVE('',#1993,#813,#1995,.T.);
#1993 = VERTEX_POINT('',#1994);
#1994 = CARTESIAN_POINT('',(-57.3,-5.,-5.5));
#1995 = LINE('',#1996,#1997);
#1996 = CARTESIAN_POINT('',(-57.3,-5.,-5.6));
#1997 = VECTOR('',#1998,1.);
#1998 = DIRECTION('',(0.,0.,1.));
#1999 = ORIENTED_EDGE('',*,*,#2000,.T.);
#2000 = EDGE_CURVE('',#1993,#1993,#2001,.T.);
#2001 = CIRCLE('',#2002,1.7);
#2002 = AXIS2_PLACEMENT_3D('',#2003,#2004,#2005);
#2003 = CARTESIAN_POINT('',(-59.,-5.,-5.5));
#2004 = DIRECTION('',(0.,0.,1.));
#2005 = DIRECTION('',(1.,0.,-0.));
#2006 = ORIENTED_EDGE('',*,*,#1992,.T.);
#2007 = CYLINDRICAL_SURFACE('',#2008,1.7);
#2008 = AXIS2_PLACEMENT_3D('',#2009,#2010,#2011);
#2009 = CARTESIAN_POINT('',(-59.,-5.,-5.6));
#2010 = DIRECTION('',(0.,0.,1.));
#2011 = DIRECTION('',(1.,0.,-0.));
#2012 = ADVANCED_FACE('',(#2013),#2032,.F.);
#2013 = FACE_BOUND('',#2014,.F.);
#2014 = EDGE_LOOP('',(#2015,#2016,#2024,#2031));
#2015 = ORIENTED_EDGE('',*,*,#823,.F.);
#2016 = ORIENTED_EDGE('',*,*,#2017,.F.);
#2017 = EDGE_CURVE('',#2018,#824,#2020,.T.);
#2018 = VERTEX_POINT('',#2019);
#2019 = CARTESIAN_POINT('',(60.7,-35.,-5.5));
#2020 = LINE('',#2021,#2022);
#2021 = CARTESIAN_POINT('',(60.7,-35.,-5.6));
#2022 = VECTOR('',#2023,1.);
#2023 = DIRECTION('',(0.,0.,1.));
#2024 = ORIENTED_EDGE('',*,*,#2025,.T.);
#2025 = EDGE_CURVE('',#2018,#2018,#2026,.T.);
#2026 = CIRCLE('',#2027,1.7);
#2027 = AXIS2_PLACEMENT_3D('',#2028,#2029,#2030);
#2028 = CARTESIAN_POINT('',(59.,-35.,-5.5));
#2029 = DIRECTION('',(0.,0.,1.));
#2030 = DIRECTION('',(1.,0.,-0.));
#2031 = ORIENTED_EDGE('',*,*,#2017,.T.);
#2032 = CYLINDRICAL_SURFACE('',#2033,1.7);
#2033 = AXIS2_PLACEMENT_3D('',#2034,#2035,#2036);
#2034 = CARTESIAN_POINT('',(59.,-35.,-5.6));
#2035 = DIRECTION('',(0.,0.,1.));
#2036 = DIRECTION('',(1.,0.,-0.));
#2037 = ADVANCED_FACE('',(#2038),#2057,.F.);
#2038 = FACE_BOUND('',#2039,.F.);
#2039 = EDGE_LOOP('',(#2040,#2041,#2049,#2056));
#2040 = ORIENTED_EDGE('',*,*,#834,.F.);
#2041 = ORIENTED_EDGE('',*,*,#2042,.F.);
#2042 = EDGE_CURVE('',#2043,#835,#2045,.T.);
#2043 = VERTEX_POINT('',#2044);
#2044 = CARTESIAN_POINT('',(60.7,-25.,-5.5));
#2045 = LINE('',#2046,#2047);
#2046 = CARTESIAN_POINT('',(60.7,-25.,-5.6));
#2047 = VECTOR('',#2048,1.);
#2048 = DIRECTION('',(0.,0.,1.));
#2049 = ORIENTED_EDGE('',*,*,#2050,.T.);
#2050 = EDGE_CURVE('',#2043,#2043,#2051,.T.);
#2051 = CIRCLE('',#2052,1.7);
#2052 = AXIS2_PLACEMENT_3D('',#2053,#2054,#2055);
#2053 = CARTESIAN_POINT('',(59.,-25.,-5.5));
#2054 = DIRECTION('',(0.,0.,1.));
#2055 = DIRECTION('',(1.,0.,-0.));
#2056 = ORIENTED_EDGE('',*,*,#2042,.T.);
#2057 = CYLINDRICAL_SURFACE('',#2058,1.7);
#2058 = AXIS2_PLACEMENT_3D('',#2059,#2060,#2061);
#2059 = CARTESIAN_POINT('',(59.,-25.,-5.6));
#2060 = DIRECTION('',(0.,0.,1.));
#2061 = DIRECTION('',(1.,0.,-0.));
#2062 = ADVANCED_FACE('',(#2063),#2082,.F.);
#2063 = FACE_BOUND('',#2064,.F.);
#2064 = EDGE_LOOP('',(#2065,#2066,#2074,#2081));
#2065 = ORIENTED_EDGE('',*,*,#845,.F.);
#2066 = ORIENTED_EDGE('',*,*,#2067,.F.);
#2067 = EDGE_CURVE('',#2068,#846,#2070,.T.);
#2068 = VERTEX_POINT('',#2069);
#2069 = CARTESIAN_POINT('',(60.7,-15.,-5.5));
#2070 = LINE('',#2071,#2072);
#2071 = CARTESIAN_POINT('',(60.7,-15.,-5.6));
#2072 = VECTOR('',#2073,1.);
#2073 = DIRECTION('',(0.,0.,1.));
#2074 = ORIENTED_EDGE('',*,*,#2075,.T.);
#2075 = EDGE_CURVE('',#2068,#2068,#2076,.T.);
#2076 = CIRCLE('',#2077,1.7);
#2077 = AXIS2_PLACEMENT_3D('',#2078,#2079,#2080);
#2078 = CARTESIAN_POINT('',(59.,-15.,-5.5));
#2079 = DIRECTION('',(0.,0.,1.));
#2080 = DIRECTION('',(1.,0.,-0.));
#2081 = ORIENTED_EDGE('',*,*,#2067,.T.);
#2082 = CYLINDRICAL_SURFACE('',#2083,1.7);
#2083 = AXIS2_PLACEMENT_3D('',#2084,#2085,#2086);
#2084 = CARTESIAN_POINT('',(59.,-15.,-5.6));
#2085 = DIRECTION('',(0.,0.,1.));
#2086 = DIRECTION('',(1.,0.,-0.));
#2087 = ADVANCED_FACE('',(#2088),#2107,.F.);
#2088 = FACE_BOUND('',#2089,.F.);
#2089 = EDGE_LOOP('',(#2090,#2091,#2099,#2106));
#2090 = ORIENTED_EDGE('',*,*,#856,.F.);
#2091 = ORIENTED_EDGE('',*,*,#2092,.F.);
#2092 = EDGE_CURVE('',#2093,#857,#2095,.T.);
#2093 = VERTEX_POINT('',#2094);
#2094 = CARTESIAN_POINT('',(60.7,-5.,-5.5));
#2095 = LINE('',#2096,#2097);
#2096 = CARTESIAN_POINT('',(60.7,-5.,-5.6));
#2097 = VECTOR('',#2098,1.);
#2098 = DIRECTION('',(0.,0.,1.));
#2099 = ORIENTED_EDGE('',*,*,#2100,.T.);
#2100 = EDGE_CURVE('',#2093,#2093,#2101,.T.);
#2101 = CIRCLE('',#2102,1.7);
#2102 = AXIS2_PLACEMENT_3D('',#2103,#2104,#2105);
#2103 = CARTESIAN_POINT('',(59.,-5.,-5.5));
#2104 = DIRECTION('',(0.,0.,1.));
#2105 = DIRECTION('',(1.,0.,-0.));
#2106 = ORIENTED_EDGE('',*,*,#2092,.T.);
#2107 = CYLINDRICAL_SURFACE('',#2108,1.7);
#2108 = AXIS2_PLACEMENT_3D('',#2109,#2110,#2111);
#2109 = CARTESIAN_POINT('',(59.,-5.,-5.6));
#2110 = DIRECTION('',(0.,0.,1.));
#2111 = DIRECTION('',(1.,0.,-0.));
#2112 = ADVANCED_FACE('',(#2113),#2132,.F.);
#2113 = FACE_BOUND('',#2114,.F.);
#2114 = EDGE_LOOP('',(#2115,#2116,#2124,#2131));
#2115 = ORIENTED_EDGE('',*,*,#867,.F.);
#2116 = ORIENTED_EDGE('',*,*,#2117,.F.);
#2117 = EDGE_CURVE('',#2118,#868,#2120,.T.);
#2118 = VERTEX_POINT('',#2119);
#2119 = CARTESIAN_POINT('',(-57.3,5.,-5.5));
#2120 = LINE('',#2121,#2122);
#2121 = CARTESIAN_POINT('',(-57.3,5.,-5.6));
#2122 = VECTOR('',#2123,1.);
#2123 = DIRECTION('',(0.,0.,1.));
#2124 = ORIENTED_EDGE('',*,*,#2125,.T.);
#2125 = EDGE_CURVE('',#2118,#2118,#2126,.T.);
#2126 = CIRCLE('',#2127,1.7);
#2127 = AXIS2_PLACEMENT_3D('',#2128,#2129,#2130);
#2128 = CARTESIAN_POINT('',(-59.,5.,-5.5));
#2129 = DIRECTION('',(0.,0.,1.));
#2130 = DIRECTION('',(1.,0.,-0.));
#2131 = ORIENTED_EDGE('',*,*,#2117,.T.);
#2132 = CYLINDRICAL_SURFACE('',#2133,1.7);
#2133 = AXIS2_PLACEMENT_3D('',#2134,#2135,#2136);
#2134 = CARTESIAN_POINT('',(-59.,5.,-5.6));
#2135 = DIRECTION('',(0.,0.,1.));
#2136 = DIRECTION('',(1.,0.,-0.));
#2137 = ADVANCED_FACE('',(#2138),#2157,.F.);
#2138 = FACE_BOUND('',#2139,.F.);
#2139 = EDGE_LOOP('',(#2140,#2141,#2149,#2156));
#2140 = ORIENTED_EDGE('',*,*,#878,.F.);
#2141 = ORIENTED_EDGE('',*,*,#2142,.F.);
#2142 = EDGE_CURVE('',#2143,#879,#2145,.T.);
#2143 = VERTEX_POINT('',#2144);
#2144 = CARTESIAN_POINT('',(-57.3,15.,-5.5));
#2145 = LINE('',#2146,#2147);
#2146 = CARTESIAN_POINT('',(-57.3,15.,-5.6));
#2147 = VECTOR('',#2148,1.);
#2148 = DIRECTION('',(0.,0.,1.));
#2149 = ORIENTED_EDGE('',*,*,#2150,.T.);
#2150 = EDGE_CURVE('',#2143,#2143,#2151,.T.);
#2151 = CIRCLE('',#2152,1.7);
#2152 = AXIS2_PLACEMENT_3D('',#2153,#2154,#2155);
#2153 = CARTESIAN_POINT('',(-59.,15.,-5.5));
#2154 = DIRECTION('',(0.,0.,1.));
#2155 = DIRECTION('',(1.,0.,-0.));
#2156 = ORIENTED_EDGE('',*,*,#2142,.T.);
#2157 = CYLINDRICAL_SURFACE('',#2158,1.7);
#2158 = AXIS2_PLACEMENT_3D('',#2159,#2160,#2161);
#2159 = CARTESIAN_POINT('',(-59.,15.,-5.6));
#2160 = DIRECTION('',(0.,0.,1.));
#2161 = DIRECTION('',(1.,0.,-0.));
#2162 = ADVANCED_FACE('',(#2163),#2182,.F.);
#2163 = FACE_BOUND('',#2164,.F.);
#2164 = EDGE_LOOP('',(#2165,#2166,#2174,#2181));
#2165 = ORIENTED_EDGE('',*,*,#889,.F.);
#2166 = ORIENTED_EDGE('',*,*,#2167,.F.);
#2167 = EDGE_CURVE('',#2168,#890,#2170,.T.);
#2168 = VERTEX_POINT('',#2169);
#2169 = CARTESIAN_POINT('',(-57.3,25.,-5.5));
#2170 = LINE('',#2171,#2172);
#2171 = CARTESIAN_POINT('',(-57.3,25.,-5.6));
#2172 = VECTOR('',#2173,1.);
#2173 = DIRECTION('',(0.,0.,1.));
#2174 = ORIENTED_EDGE('',*,*,#2175,.T.);
#2175 = EDGE_CURVE('',#2168,#2168,#2176,.T.);
#2176 = CIRCLE('',#2177,1.7);
#2177 = AXIS2_PLACEMENT_3D('',#2178,#2179,#2180);
#2178 = CARTESIAN_POINT('',(-59.,25.,-5.5));
#2179 = DIRECTION('',(0.,0.,1.));
#2180 = DIRECTION('',(1.,0.,-0.));
#2181 = ORIENTED_EDGE('',*,*,#2167,.T.);
#2182 = CYLINDRICAL_SURFACE('',#2183,1.7);
#2183 = AXIS2_PLACEMENT_3D('',#2184,#2185,#2186);
#2184 = CARTESIAN_POINT('',(-59.,25.,-5.6));
#2185 = DIRECTION('',(0.,0.,1.));
#2186 = DIRECTION('',(1.,0.,-0.));
#2187 = ADVANCED_FACE('',(#2188),#2207,.F.);
#2188 = FACE_BOUND('',#2189,.F.);
#2189 = EDGE_LOOP('',(#2190,#2191,#2199,#2206));
#2190 = ORIENTED_EDGE('',*,*,#900,.F.);
#2191 = ORIENTED_EDGE('',*,*,#2192,.F.);
#2192 = EDGE_CURVE('',#2193,#901,#2195,.T.);
#2193 = VERTEX_POINT('',#2194);
#2194 = CARTESIAN_POINT('',(-57.3,35.,-5.5));
#2195 = LINE('',#2196,#2197);
#2196 = CARTESIAN_POINT('',(-57.3,35.,-5.6));
#2197 = VECTOR('',#2198,1.);
#2198 = DIRECTION('',(0.,0.,1.));
#2199 = ORIENTED_EDGE('',*,*,#2200,.T.);
#2200 = EDGE_CURVE('',#2193,#2193,#2201,.T.);
#2201 = CIRCLE('',#2202,1.7);
#2202 = AXIS2_PLACEMENT_3D('',#2203,#2204,#2205);
#2203 = CARTESIAN_POINT('',(-59.,35.,-5.5));
#2204 = DIRECTION('',(0.,0.,1.));
#2205 = DIRECTION('',(1.,0.,-0.));
#2206 = ORIENTED_EDGE('',*,*,#2192,.T.);
#2207 = CYLINDRICAL_SURFACE('',#2208,1.7);
#2208 = AXIS2_PLACEMENT_3D('',#2209,#2210,#2211);
#2209 = CARTESIAN_POINT('',(-59.,35.,-5.6));
#2210 = DIRECTION('',(0.,0.,1.));
#2211 = DIRECTION('',(1.,0.,-0.));
#2212 = ADVANCED_FACE('',(#2213),#2236,.T.);
#2213 = FACE_BOUND('',#2214,.T.);
#2214 = EDGE_LOOP('',(#2215,#2216,#2217,#2223,#2229,#2235));
#2215 = ORIENTED_EDGE('',*,*,#928,.F.);
#2216 = ORIENTED_EDGE('',*,*,#1055,.T.);
#2217 = ORIENTED_EDGE('',*,*,#2218,.T.);
#2218 = EDGE_CURVE('',#1048,#1115,#2219,.T.);
#2219 = LINE('',#2220,#2221);
#2220 = CARTESIAN_POINT('',(-53.,38.,9.45));
#2221 = VECTOR('',#2222,1.);
#2222 = DIRECTION('',(1.,0.,-0.));
#2223 = ORIENTED_EDGE('',*,*,#2224,.T.);
#2224 = EDGE_CURVE('',#1115,#1252,#2225,.T.);
#2225 = LINE('',#2226,#2227);
#2226 = CARTESIAN_POINT('',(-53.,38.,9.45));
#2227 = VECTOR('',#2228,1.);
#2228 = DIRECTION('',(1.,0.,-0.));
#2229 = ORIENTED_EDGE('',*,*,#2230,.T.);
#2230 = EDGE_CURVE('',#1252,#989,#2231,.T.);
#2231 = LINE('',#2232,#2233);
#2232 = CARTESIAN_POINT('',(-53.,38.,9.45));
#2233 = VECTOR('',#2234,1.);
#2234 = DIRECTION('',(1.,0.,-0.));
#2235 = ORIENTED_EDGE('',*,*,#988,.F.);
#2236 = PLANE('',#2237);
#2237 = AXIS2_PLACEMENT_3D('',#2238,#2239,#2240);
#2238 = CARTESIAN_POINT('',(0.,38.,3.475));
#2239 = DIRECTION('',(0.,1.,0.));
#2240 = DIRECTION('',(0.,-0.,1.));
#2241 = ADVANCED_FACE('',(#2242),#2261,.F.);
#2242 = FACE_BOUND('',#2243,.F.);
#2243 = EDGE_LOOP('',(#2244,#2245,#2253,#2260));
#2244 = ORIENTED_EDGE('',*,*,#936,.F.);
#2245 = ORIENTED_EDGE('',*,*,#2246,.F.);
#2246 = EDGE_CURVE('',#2247,#937,#2249,.T.);
#2247 = VERTEX_POINT('',#2248);
#2248 = CARTESIAN_POINT('',(60.7,5.,-5.5));
#2249 = LINE('',#2250,#2251);
#2250 = CARTESIAN_POINT('',(60.7,5.,-5.6));
#2251 = VECTOR('',#2252,1.);
#2252 = DIRECTION('',(0.,0.,1.));
#2253 = ORIENTED_EDGE('',*,*,#2254,.T.);
#2254 = EDGE_CURVE('',#2247,#2247,#2255,.T.);
#2255 = CIRCLE('',#2256,1.7);
#2256 = AXIS2_PLACEMENT_3D('',#2257,#2258,#2259);
#2257 = CARTESIAN_POINT('',(59.,5.,-5.5));
#2258 = DIRECTION('',(0.,0.,1.));
#2259 = DIRECTION('',(1.,0.,-0.));
#2260 = ORIENTED_EDGE('',*,*,#2246,.T.);
#2261 = CYLINDRICAL_SURFACE('',#2262,1.7);
#2262 = AXIS2_PLACEMENT_3D('',#2263,#2264,#2265);
#2263 = CARTESIAN_POINT('',(59.,5.,-5.6));
#2264 = DIRECTION('',(0.,0.,1.));
#2265 = DIRECTION('',(1.,0.,-0.));
#2266 = ADVANCED_FACE('',(#2267),#2286,.F.);
#2267 = FACE_BOUND('',#2268,.F.);
#2268 = EDGE_LOOP('',(#2269,#2270,#2278,#2285));
#2269 = ORIENTED_EDGE('',*,*,#947,.F.);
#2270 = ORIENTED_EDGE('',*,*,#2271,.F.);
#2271 = EDGE_CURVE('',#2272,#948,#2274,.T.);
#2272 = VERTEX_POINT('',#2273);
#2273 = CARTESIAN_POINT('',(60.7,15.,-5.5));
#2274 = LINE('',#2275,#2276);
#2275 = CARTESIAN_POINT('',(60.7,15.,-5.6));
#2276 = VECTOR('',#2277,1.);
#2277 = DIRECTION('',(0.,0.,1.));
#2278 = ORIENTED_EDGE('',*,*,#2279,.T.);
#2279 = EDGE_CURVE('',#2272,#2272,#2280,.T.);
#2280 = CIRCLE('',#2281,1.7);
#2281 = AXIS2_PLACEMENT_3D('',#2282,#2283,#2284);
#2282 = CARTESIAN_POINT('',(59.,15.,-5.5));
#2283 = DIRECTION('',(0.,0.,1.));
#2284 = DIRECTION('',(1.,0.,-0.));
#2285 = ORIENTED_EDGE('',*,*,#2271,.T.);
#2286 = CYLINDRICAL_SURFACE('',#2287,1.7);
#2287 = AXIS2_PLACEMENT_3D('',#2288,#2289,#2290);
#2288 = CARTESIAN_POINT('',(59.,15.,-5.6));
#2289 = DIRECTION('',(0.,0.,1.));
#2290 = DIRECTION('',(1.,0.,-0.));
#2291 = ADVANCED_FACE('',(#2292),#2311,.F.);
#2292 = FACE_BOUND('',#2293,.F.);
#2293 = EDGE_LOOP('',(#2294,#2295,#2303,#2310));
#2294 = ORIENTED_EDGE('',*,*,#958,.F.);
#2295 = ORIENTED_EDGE('',*,*,#2296,.F.);
#2296 = EDGE_CURVE('',#2297,#959,#2299,.T.);
#2297 = VERTEX_POINT('',#2298);
#2298 = CARTESIAN_POINT('',(60.7,25.,-5.5));
#2299 = LINE('',#2300,#2301);
#2300 = CARTESIAN_POINT('',(60.7,25.,-5.6));
#2301 = VECTOR('',#2302,1.);
#2302 = DIRECTION('',(0.,0.,1.));
#2303 = ORIENTED_EDGE('',*,*,#2304,.T.);
#2304 = EDGE_CURVE('',#2297,#2297,#2305,.T.);
#2305 = CIRCLE('',#2306,1.7);
#2306 = AXIS2_PLACEMENT_3D('',#2307,#2308,#2309);
#2307 = CARTESIAN_POINT('',(59.,25.,-5.5));
#2308 = DIRECTION('',(0.,0.,1.));
#2309 = DIRECTION('',(1.,0.,-0.));
#2310 = ORIENTED_EDGE('',*,*,#2296,.T.);
#2311 = CYLINDRICAL_SURFACE('',#2312,1.7);
#2312 = AXIS2_PLACEMENT_3D('',#2313,#2314,#2315);
#2313 = CARTESIAN_POINT('',(59.,25.,-5.6));
#2314 = DIRECTION('',(0.,0.,1.));
#2315 = DIRECTION('',(1.,0.,-0.));
#2316 = ADVANCED_FACE('',(#2317),#2336,.F.);
#2317 = FACE_BOUND('',#2318,.F.);
#2318 = EDGE_LOOP('',(#2319,#2320,#2328,#2335));
#2319 = ORIENTED_EDGE('',*,*,#969,.F.);
#2320 = ORIENTED_EDGE('',*,*,#2321,.F.);
#2321 = EDGE_CURVE('',#2322,#970,#2324,.T.);
#2322 = VERTEX_POINT('',#2323);
#2323 = CARTESIAN_POINT('',(60.7,35.,-5.5));
#2324 = LINE('',#2325,#2326);
#2325 = CARTESIAN_POINT('',(60.7,35.,-5.6));
#2326 = VECTOR('',#2327,1.);
#2327 = DIRECTION('',(0.,0.,1.));
#2328 = ORIENTED_EDGE('',*,*,#2329,.T.);
#2329 = EDGE_CURVE('',#2322,#2322,#2330,.T.);
#2330 = CIRCLE('',#2331,1.7);
#2331 = AXIS2_PLACEMENT_3D('',#2332,#2333,#2334);
#2332 = CARTESIAN_POINT('',(59.,35.,-5.5));
#2333 = DIRECTION('',(0.,0.,1.));
#2334 = DIRECTION('',(1.,0.,-0.));
#2335 = ORIENTED_EDGE('',*,*,#2321,.T.);
#2336 = CYLINDRICAL_SURFACE('',#2337,1.7);
#2337 = AXIS2_PLACEMENT_3D('',#2338,#2339,#2340);
#2338 = CARTESIAN_POINT('',(59.,35.,-5.6));
#2339 = DIRECTION('',(0.,0.,1.));
#2340 = DIRECTION('',(1.,0.,-0.));
#2341 = ADVANCED_FACE('',(#2342),#2348,.T.);
#2342 = FACE_BOUND('',#2343,.T.);
#2343 = EDGE_LOOP('',(#2344,#2345,#2346,#2347));
#2344 = ORIENTED_EDGE('',*,*,#1242,.F.);
#2345 = ORIENTED_EDGE('',*,*,#996,.T.);
#2346 = ORIENTED_EDGE('',*,*,#2230,.F.);
#2347 = ORIENTED_EDGE('',*,*,#1251,.F.);
#2348 = PLANE('',#2349);
#2349 = AXIS2_PLACEMENT_3D('',#2350,#2351,#2352);
#2350 = CARTESIAN_POINT('',(52.095897210486,37.092389678224,9.45));
#2351 = DIRECTION('',(0.,0.,1.));
#2352 = DIRECTION('',(1.,0.,-0.));
#2353 = ADVANCED_FACE('',(#2354),#2360,.T.);
#2354 = FACE_BOUND('',#2355,.T.);
#2355 = EDGE_LOOP('',(#2356,#2357,#2358,#2359));
#2356 = ORIENTED_EDGE('',*,*,#2218,.F.);
#2357 = ORIENTED_EDGE('',*,*,#1047,.F.);
#2358 = ORIENTED_EDGE('',*,*,#1132,.F.);
#2359 = ORIENTED_EDGE('',*,*,#1123,.F.);
#2360 = PLANE('',#2361);
#2361 = AXIS2_PLACEMENT_3D('',#2362,#2363,#2364);
#2362 = CARTESIAN_POINT('',(-52.09589721048,37.092389678224,9.45));
#2363 = DIRECTION('',(0.,0.,1.));
#2364 = DIRECTION('',(1.,0.,-0.));
#2365 = ADVANCED_FACE('',(#2366),#2372,.T.);
#2366 = FACE_BOUND('',#2367,.T.);
#2367 = EDGE_LOOP('',(#2368,#2369,#2370,#2371));
#2368 = ORIENTED_EDGE('',*,*,#2224,.F.);
#2369 = ORIENTED_EDGE('',*,*,#1114,.F.);
#2370 = ORIENTED_EDGE('',*,*,#1208,.T.);
#2371 = ORIENTED_EDGE('',*,*,#1260,.F.);
#2372 = PLANE('',#2373);
#2373 = AXIS2_PLACEMENT_3D('',#2374,#2375,#2376);
#2374 = CARTESIAN_POINT('',(-53.,36.5,9.45));
#2375 = DIRECTION('',(0.,0.,1.));
#2376 = DIRECTION('',(1.,0.,-0.));
#2377 = ADVANCED_FACE('',(#2378,#2381),#2392,.T.);
#2378 = FACE_BOUND('',#2379,.T.);
#2379 = EDGE_LOOP('',(#2380));
#2380 = ORIENTED_EDGE('',*,*,#1097,.T.);
#2381 = FACE_BOUND('',#2382,.T.);
#2382 = EDGE_LOOP('',(#2383));
#2383 = ORIENTED_EDGE('',*,*,#2384,.F.);
#2384 = EDGE_CURVE('',#2385,#2385,#2387,.T.);
#2385 = VERTEX_POINT('',#2386);
#2386 = CARTESIAN_POINT('',(-48.3,35.,10.5));
#2387 = CIRCLE('',#2388,1.7);
#2388 = AXIS2_PLACEMENT_3D('',#2389,#2390,#2391);
#2389 = CARTESIAN_POINT('',(-50.,35.,10.5));
#2390 = DIRECTION('',(0.,0.,1.));
#2391 = DIRECTION('',(1.,0.,-0.));
#2392 = PLANE('',#2393);
#2393 = AXIS2_PLACEMENT_3D('',#2394,#2395,#2396);
#2394 = CARTESIAN_POINT('',(-50.,35.,10.5));
#2395 = DIRECTION('',(0.,0.,1.));
#2396 = DIRECTION('',(1.,0.,-0.));
#2397 = ADVANCED_FACE('',(#2398,#2401),#2412,.T.);
#2398 = FACE_BOUND('',#2399,.T.);
#2399 = EDGE_LOOP('',(#2400));
#2400 = ORIENTED_EDGE('',*,*,#1234,.T.);
#2401 = FACE_BOUND('',#2402,.T.);
#2402 = EDGE_LOOP('',(#2403));
#2403 = ORIENTED_EDGE('',*,*,#2404,.F.);
#2404 = EDGE_CURVE('',#2405,#2405,#2407,.T.);
#2405 = VERTEX_POINT('',#2406);
#2406 = CARTESIAN_POINT('',(51.7,35.,10.5));
#2407 = CIRCLE('',#2408,1.7);
#2408 = AXIS2_PLACEMENT_3D('',#2409,#2410,#2411);
#2409 = CARTESIAN_POINT('',(50.,35.,10.5));
#2410 = DIRECTION('',(0.,0.,1.));
#2411 = DIRECTION('',(1.,0.,-0.));
#2412 = PLANE('',#2413);
#2413 = AXIS2_PLACEMENT_3D('',#2414,#2415,#2416);
#2414 = CARTESIAN_POINT('',(50.,35.,10.5));
#2415 = DIRECTION('',(0.,0.,1.));
#2416 = DIRECTION('',(1.,0.,-0.));
#2417 = ADVANCED_FACE('',(#2418,#2428,#2431,#2434,#2437,#2440,#2443,
    #2453,#2456,#2459,#2462,#2472,#2475,#2478,#2481,#2484,#2487,#2490,
    #2501,#2504,#2507,#2510,#2521),#2524,.T.);
#2418 = FACE_BOUND('',#2419,.T.);
#2419 = EDGE_LOOP('',(#2420,#2421,#2422,#2423,#2424,#2425,#2426,#2427));
#2420 = ORIENTED_EDGE('',*,*,#1729,.F.);
#2421 = ORIENTED_EDGE('',*,*,#1753,.T.);
#2422 = ORIENTED_EDGE('',*,*,#1809,.F.);
#2423 = ORIENTED_EDGE('',*,*,#1850,.T.);
#2424 = ORIENTED_EDGE('',*,*,#1900,.F.);
#2425 = ORIENTED_EDGE('',*,*,#1875,.F.);
#2426 = ORIENTED_EDGE('',*,*,#1827,.F.);
#2427 = ORIENTED_EDGE('',*,*,#1776,.F.);
#2428 = FACE_BOUND('',#2429,.T.);
#2429 = EDGE_LOOP('',(#2430));
#2430 = ORIENTED_EDGE('',*,*,#2025,.T.);
#2431 = FACE_BOUND('',#2432,.T.);
#2432 = EDGE_LOOP('',(#2433));
#2433 = ORIENTED_EDGE('',*,*,#1704,.T.);
#2434 = FACE_BOUND('',#2435,.T.);
#2435 = EDGE_LOOP('',(#2436));
#2436 = ORIENTED_EDGE('',*,*,#2050,.T.);
#2437 = FACE_BOUND('',#2438,.T.);
#2438 = EDGE_LOOP('',(#2439));
#2439 = ORIENTED_EDGE('',*,*,#2075,.T.);
#2440 = FACE_BOUND('',#2441,.T.);
#2441 = EDGE_LOOP('',(#2442));
#2442 = ORIENTED_EDGE('',*,*,#2100,.T.);
#2443 = FACE_BOUND('',#2444,.T.);
#2444 = EDGE_LOOP('',(#2445,#2446,#2447,#2448,#2449,#2450,#2451,#2452));
#2445 = ORIENTED_EDGE('',*,*,#1458,.T.);
#2446 = ORIENTED_EDGE('',*,*,#1287,.T.);
#2447 = ORIENTED_EDGE('',*,*,#1310,.T.);
#2448 = ORIENTED_EDGE('',*,*,#1336,.T.);
#2449 = ORIENTED_EDGE('',*,*,#1360,.F.);
#2450 = ORIENTED_EDGE('',*,*,#1385,.T.);
#2451 = ORIENTED_EDGE('',*,*,#1408,.F.);
#2452 = ORIENTED_EDGE('',*,*,#1434,.T.);
#2453 = FACE_BOUND('',#2454,.T.);
#2454 = EDGE_LOOP('',(#2455));
#2455 = ORIENTED_EDGE('',*,*,#1679,.T.);
#2456 = FACE_BOUND('',#2457,.T.);
#2457 = EDGE_LOOP('',(#2458));
#2458 = ORIENTED_EDGE('',*,*,#1925,.T.);
#2459 = FACE_BOUND('',#2460,.T.);
#2460 = EDGE_LOOP('',(#2461));
#2461 = ORIENTED_EDGE('',*,*,#1950,.T.);
#2462 = FACE_BOUND('',#2463,.T.);
#2463 = EDGE_LOOP('',(#2464,#2465,#2466,#2467,#2468,#2469,#2470,#2471));
#2464 = ORIENTED_EDGE('',*,*,#1654,.T.);
#2465 = ORIENTED_EDGE('',*,*,#1483,.T.);
#2466 = ORIENTED_EDGE('',*,*,#1506,.T.);
#2467 = ORIENTED_EDGE('',*,*,#1532,.T.);
#2468 = ORIENTED_EDGE('',*,*,#1556,.F.);
#2469 = ORIENTED_EDGE('',*,*,#1581,.T.);
#2470 = ORIENTED_EDGE('',*,*,#1604,.F.);
#2471 = ORIENTED_EDGE('',*,*,#1630,.T.);
#2472 = FACE_BOUND('',#2473,.T.);
#2473 = EDGE_LOOP('',(#2474));
#2474 = ORIENTED_EDGE('',*,*,#1975,.T.);
#2475 = FACE_BOUND('',#2476,.T.);
#2476 = EDGE_LOOP('',(#2477));
#2477 = ORIENTED_EDGE('',*,*,#2000,.T.);
#2478 = FACE_BOUND('',#2479,.T.);
#2479 = EDGE_LOOP('',(#2480));
#2480 = ORIENTED_EDGE('',*,*,#2254,.T.);
#2481 = FACE_BOUND('',#2482,.T.);
#2482 = EDGE_LOOP('',(#2483));
#2483 = ORIENTED_EDGE('',*,*,#2279,.T.);
#2484 = FACE_BOUND('',#2485,.T.);
#2485 = EDGE_LOOP('',(#2486));
#2486 = ORIENTED_EDGE('',*,*,#2304,.T.);
#2487 = FACE_BOUND('',#2488,.T.);
#2488 = EDGE_LOOP('',(#2489));
#2489 = ORIENTED_EDGE('',*,*,#2329,.T.);
#2490 = FACE_BOUND('',#2491,.T.);
#2491 = EDGE_LOOP('',(#2492));
#2492 = ORIENTED_EDGE('',*,*,#2493,.T.);
#2493 = EDGE_CURVE('',#2494,#2494,#2496,.T.);
#2494 = VERTEX_POINT('',#2495);
#2495 = CARTESIAN_POINT('',(51.7,35.,-5.5));
#2496 = CIRCLE('',#2497,1.7);
#2497 = AXIS2_PLACEMENT_3D('',#2498,#2499,#2500);
#2498 = CARTESIAN_POINT('',(50.,35.,-5.5));
#2499 = DIRECTION('',(0.,0.,1.));
#2500 = DIRECTION('',(1.,0.,-0.));
#2501 = FACE_BOUND('',#2502,.T.);
#2502 = EDGE_LOOP('',(#2503));
#2503 = ORIENTED_EDGE('',*,*,#2125,.T.);
#2504 = FACE_BOUND('',#2505,.T.);
#2505 = EDGE_LOOP('',(#2506));
#2506 = ORIENTED_EDGE('',*,*,#2150,.T.);
#2507 = FACE_BOUND('',#2508,.T.);
#2508 = EDGE_LOOP('',(#2509));
#2509 = ORIENTED_EDGE('',*,*,#2175,.T.);
#2510 = FACE_BOUND('',#2511,.T.);
#2511 = EDGE_LOOP('',(#2512));
#2512 = ORIENTED_EDGE('',*,*,#2513,.T.);
#2513 = EDGE_CURVE('',#2514,#2514,#2516,.T.);
#2514 = VERTEX_POINT('',#2515);
#2515 = CARTESIAN_POINT('',(-48.3,35.,-5.5));
#2516 = CIRCLE('',#2517,1.7);
#2517 = AXIS2_PLACEMENT_3D('',#2518,#2519,#2520);
#2518 = CARTESIAN_POINT('',(-50.,35.,-5.5));
#2519 = DIRECTION('',(0.,0.,1.));
#2520 = DIRECTION('',(1.,0.,-0.));
#2521 = FACE_BOUND('',#2522,.T.);
#2522 = EDGE_LOOP('',(#2523));
#2523 = ORIENTED_EDGE('',*,*,#2200,.T.);
#2524 = PLANE('',#2525);
#2525 = AXIS2_PLACEMENT_3D('',#2526,#2527,#2528);
#2526 = CARTESIAN_POINT('',(-2.246516676019E-15,0.,-5.5));
#2527 = DIRECTION('',(-0.,-0.,-1.));
#2528 = DIRECTION('',(-1.,0.,0.));
#2529 = ADVANCED_FACE('',(#2530),#2541,.F.);
#2530 = FACE_BOUND('',#2531,.F.);
#2531 = EDGE_LOOP('',(#2532,#2533,#2539,#2540));
#2532 = ORIENTED_EDGE('',*,*,#2384,.F.);
#2533 = ORIENTED_EDGE('',*,*,#2534,.F.);
#2534 = EDGE_CURVE('',#2514,#2385,#2535,.T.);
#2535 = LINE('',#2536,#2537);
#2536 = CARTESIAN_POINT('',(-48.3,35.,-5.6));
#2537 = VECTOR('',#2538,1.);
#2538 = DIRECTION('',(0.,0.,1.));
#2539 = ORIENTED_EDGE('',*,*,#2513,.T.);
#2540 = ORIENTED_EDGE('',*,*,#2534,.T.);
#2541 = CYLINDRICAL_SURFACE('',#2542,1.7);
#2542 = AXIS2_PLACEMENT_3D('',#2543,#2544,#2545);
#2543 = CARTESIAN_POINT('',(-50.,35.,-5.6));
#2544 = DIRECTION('',(0.,0.,1.));
#2545 = DIRECTION('',(1.,0.,-0.));
#2546 = ADVANCED_FACE('',(#2547),#2558,.F.);
#2547 = FACE_BOUND('',#2548,.F.);
#2548 = EDGE_LOOP('',(#2549,#2550,#2556,#2557));
#2549 = ORIENTED_EDGE('',*,*,#2404,.F.);
#2550 = ORIENTED_EDGE('',*,*,#2551,.F.);
#2551 = EDGE_CURVE('',#2494,#2405,#2552,.T.);
#2552 = LINE('',#2553,#2554);
#2553 = CARTESIAN_POINT('',(51.7,35.,-5.6));
#2554 = VECTOR('',#2555,1.);
#2555 = DIRECTION('',(0.,0.,1.));
#2556 = ORIENTED_EDGE('',*,*,#2493,.T.);
#2557 = ORIENTED_EDGE('',*,*,#2551,.T.);
#2558 = CYLINDRICAL_SURFACE('',#2559,1.7);
#2559 = AXIS2_PLACEMENT_3D('',#2560,#2561,#2562);
#2560 = CARTESIAN_POINT('',(50.,35.,-5.6));
#2561 = DIRECTION('',(0.,0.,1.));
#2562 = DIRECTION('',(1.,0.,-0.));
#2563 = ( GEOMETRIC_REPRESENTATION_CONTEXT(3) 
GLOBAL_UNCERTAINTY_ASSIGNED_CONTEXT((#2567)) 
GLOBAL_UNIT_ASSIGNED_CONTEXT((#2564,#2565,#2566)) REPRESENTATION_CONTEXT
('Context #1','3D Context with UNIT and UNCERTAINTY') );
#2564 = ( LENGTH_UNIT() NAMED_UNIT(*) SI_UNIT(.MILLI.,.METRE.) );
#2565 = ( NAMED_UNIT(*) PLANE_ANGLE_UNIT() SI_UNIT($,.RADIAN.) );
#2566 = ( NAMED_UNIT(*) SI_UNIT($,.STERADIAN.) SOLID_ANGLE_UNIT() );
#2567 = UNCERTAINTY_MEASURE_WITH_UNIT(LENGTH_MEASURE(1.E-07),#2564,
  'distance_accuracy_value','confusion accuracy');
#2568 = PRODUCT_RELATED_PRODUCT_CATEGORY('part',$,(#7));
ENDSEC;
END-ISO-10303-21;
