ISO-10303-21;
HEADER;
FILE_DESCRIPTION(('FreeCAD Model'),'2;1');
FILE_NAME('Open CASCADE Shape Model','2026-09-04T06:05:27',('Author'),(
    ''),'Open CASCADE STEP processor 7.8','FreeCAD','Unknown');
FILE_SCHEMA(('AUTOMOTIVE_DESIGN { 1 0 10303 214 1 1 1 1 }'));
ENDSEC;
DATA;
#1 = APPLICATION_PROTOCOL_DEFINITION('international standard',
  'automotive_design',2000,#2);
#2 = APPLICATION_CONTEXT(
  'core data for automotive mechanical design processes');
#3 = SHAPE_DEFINITION_REPRESENTATION(#4,#10);
#4 = PRODUCT_DEFINITION_SHAPE('','',#5);
#5 = PRODUCT_DEFINITION('design','',#6,#9);
#6 = PRODUCT_DEFINITION_FORMATION('','',#7);
#7 = PRODUCT('StepExport_board_and_bracket_all_parts',
  'StepExport_board_and_bracket_all_parts','',(#8));
#8 = PRODUCT_CONTEXT('',#2,'mechanical');
#9 = PRODUCT_DEFINITION_CONTEXT('part definition',#2,'design');
#10 = SHAPE_REPRESENTATION('',(#11,#15,#19,#23,#27),#31);
#11 = AXIS2_PLACEMENT_3D('',#12,#13,#14);
#12 = CARTESIAN_POINT('',(0.,0.,0.));
#13 = DIRECTION('',(0.,0.,1.));
#14 = DIRECTION('',(1.,0.,-0.));
#15 = AXIS2_PLACEMENT_3D('',#16,#17,#18);
#16 = CARTESIAN_POINT('',(-65.,50.,0.));
#17 = DIRECTION('',(0.,-0.,1.));
#18 = DIRECTION('',(2.22044604925E-16,1.,0.));
#19 = AXIS2_PLACEMENT_3D('',#20,#21,#22);
#20 = CARTESIAN_POINT('',(54.,55.,36.1522));
#21 = DIRECTION('',(0.,0.,-1.));
#22 = DIRECTION('',(1.,0.,0.));
#23 = AXIS2_PLACEMENT_3D('',#24,#25,#26);
#24 = CARTESIAN_POINT('',(54.,-45.,5.5));
#25 = DIRECTION('',(0.,0.,1.));
#26 = DIRECTION('',(1.,0.,0.));
#27 = AXIS2_PLACEMENT_3D('',#28,#29,#30);
#28 = CARTESIAN_POINT('',(-75.,-65.,5.329070518201E-15));
#29 = DIRECTION('',(0.,0.,-1.));
#30 = DIRECTION('',(1.,0.,0.));
#31 = ( GEOMETRIC_REPRESENTATION_CONTEXT(3) 
GLOBAL_UNCERTAINTY_ASSIGNED_CONTEXT((#35)) GLOBAL_UNIT_ASSIGNED_CONTEXT(
(#32,#33,#34)) REPRESENTATION_CONTEXT('Context #1',
  '3D Context with UNIT and UNCERTAINTY') );
#32 = ( LENGTH_UNIT() NAMED_UNIT(*) SI_UNIT(.MILLI.,.METRE.) );
#33 = ( NAMED_UNIT(*) PLANE_ANGLE_UNIT() SI_UNIT($,.RADIAN.) );
#34 = ( NAMED_UNIT(*) SI_UNIT($,.STERADIAN.) SOLID_ANGLE_UNIT() );
#35 = UNCERTAINTY_MEASURE_WITH_UNIT(LENGTH_MEASURE(1.E-07),#32,
  'distance_accuracy_value','confusion accuracy');
#36 = PRODUCT_RELATED_PRODUCT_CATEGORY('part',$,(#7));
#37 = SHAPE_DEFINITION_REPRESENTATION(#38,#44);
#38 = PRODUCT_DEFINITION_SHAPE('','',#39);
#39 = PRODUCT_DEFINITION('design','',#40,#43);
#40 = PRODUCT_DEFINITION_FORMATION('','',#41);
#41 = PRODUCT('Part B tilt base','Part B tilt base','',(#42));
#42 = PRODUCT_CONTEXT('',#2,'mechanical');
#43 = PRODUCT_DEFINITION_CONTEXT('part definition',#2,'design');
#44 = ADVANCED_BREP_SHAPE_REPRESENTATION('',(#11,#45),#3436);
#45 = MANIFOLD_SOLID_BREP('',#46);
#46 = CLOSED_SHELL('',(#47,#87,#479,#504,#1052,#1069,#1091,#1108,#1125,
    #1142,#1159,#1176,#1188,#1205,#1222,#1239,#1256,#1273,#1285,#1302,
    #1319,#1336,#1353,#1370,#1387,#1404,#1421,#1443,#1460,#1477,#1494,
    #1511,#1528,#1545,#1557,#1574,#1591,#1608,#1625,#1642,#1659,#1676,
    #1693,#1710,#1765,#1789,#1922,#1938,#1962,#2143,#2159,#2175,#2187,
    #2327,#2375,#2399,#2423,#2576,#2587,#2603,#2620,#2631,#2663,#2696,
    #2713,#2730,#2749,#2766,#2783,#2800,#2812,#2829,#2860,#2885,#2914,
    #2926,#2959,#2976,#2988,#3005,#3048,#3072,#3096,#3113,#3130,#3157,
    #3174,#3206,#3237,#3262,#3286,#3303,#3321,#3345,#3371,#3388,#3400,
    #3412,#3424));
#47 = ADVANCED_FACE('',(#48),#82,.T.);
#48 = FACE_BOUND('',#49,.T.);
#49 = EDGE_LOOP('',(#50,#60,#68,#76));
#50 = ORIENTED_EDGE('',*,*,#51,.F.);
#51 = EDGE_CURVE('',#52,#54,#56,.T.);
#52 = VERTEX_POINT('',#53);
#53 = CARTESIAN_POINT('',(50.,39.,0.));
#54 = VERTEX_POINT('',#55);
#55 = CARTESIAN_POINT('',(60.,39.,0.));
#56 = LINE('',#57,#58);
#57 = CARTESIAN_POINT('',(-60.,39.,0.));
#58 = VECTOR('',#59,1.);
#59 = DIRECTION('',(1.,0.,-0.));
#60 = ORIENTED_EDGE('',*,*,#61,.T.);
#61 = EDGE_CURVE('',#52,#62,#64,.T.);
#62 = VERTEX_POINT('',#63);
#63 = CARTESIAN_POINT('',(50.,39.,4.));
#64 = LINE('',#65,#66);
#65 = CARTESIAN_POINT('',(50.,39.,0.));
#66 = VECTOR('',#67,1.);
#67 = DIRECTION('',(0.,0.,1.));
#68 = ORIENTED_EDGE('',*,*,#69,.T.);
#69 = EDGE_CURVE('',#62,#70,#72,.T.);
#70 = VERTEX_POINT('',#71);
#71 = CARTESIAN_POINT('',(60.,39.,4.));
#72 = LINE('',#73,#74);
#73 = CARTESIAN_POINT('',(-60.,39.,4.));
#74 = VECTOR('',#75,1.);
#75 = DIRECTION('',(1.,0.,-0.));
#76 = ORIENTED_EDGE('',*,*,#77,.F.);
#77 = EDGE_CURVE('',#54,#70,#78,.T.);
#78 = LINE('',#79,#80);
#79 = CARTESIAN_POINT('',(60.,39.,0.));
#80 = VECTOR('',#81,1.);
#81 = DIRECTION('',(0.,0.,1.));
#82 = PLANE('',#83);
#83 = AXIS2_PLACEMENT_3D('',#84,#85,#86);
#84 = CARTESIAN_POINT('',(-60.,39.,0.));
#85 = DIRECTION('',(-0.,1.,0.));
#86 = DIRECTION('',(0.,0.,1.));
#87 = ADVANCED_FACE('',(#88,#217,#228,#239,#250,#261,#272,#283,#294,#305
    ,#375,#386,#397,#408,#419,#430,#441,#452,#463),#474,.T.);
#88 = FACE_BOUND('',#89,.T.);
#89 = EDGE_LOOP('',(#90,#101,#109,#118,#126,#135,#143,#152,#160,#169,
    #177,#184,#185,#194,#202,#211));
#90 = ORIENTED_EDGE('',*,*,#91,.F.);
#91 = EDGE_CURVE('',#92,#94,#96,.T.);
#92 = VERTEX_POINT('',#93);
#93 = CARTESIAN_POINT('',(-64.,-35.,0.));
#94 = VERTEX_POINT('',#95);
#95 = CARTESIAN_POINT('',(-60.,-39.,0.));
#96 = CIRCLE('',#97,4.);
#97 = AXIS2_PLACEMENT_3D('',#98,#99,#100);
#98 = CARTESIAN_POINT('',(-60.,-35.,0.));
#99 = DIRECTION('',(0.,0.,1.));
#100 = DIRECTION('',(1.,0.,-0.));
#101 = ORIENTED_EDGE('',*,*,#102,.T.);
#102 = EDGE_CURVE('',#92,#103,#105,.T.);
#103 = VERTEX_POINT('',#104);
#104 = CARTESIAN_POINT('',(-64.,35.,0.));
#105 = LINE('',#106,#107);
#106 = CARTESIAN_POINT('',(-64.,-35.,0.));
#107 = VECTOR('',#108,1.);
#108 = DIRECTION('',(-0.,1.,0.));
#109 = ORIENTED_EDGE('',*,*,#110,.F.);
#110 = EDGE_CURVE('',#111,#103,#113,.T.);
#111 = VERTEX_POINT('',#112);
#112 = CARTESIAN_POINT('',(-60.,39.,0.));
#113 = CIRCLE('',#114,4.);
#114 = AXIS2_PLACEMENT_3D('',#115,#116,#117);
#115 = CARTESIAN_POINT('',(-60.,35.,0.));
#116 = DIRECTION('',(0.,0.,1.));
#117 = DIRECTION('',(1.,0.,-0.));
#118 = ORIENTED_EDGE('',*,*,#119,.T.);
#119 = EDGE_CURVE('',#111,#120,#122,.T.);
#120 = VERTEX_POINT('',#121);
#121 = CARTESIAN_POINT('',(-50.,39.,0.));
#122 = LINE('',#123,#124);
#123 = CARTESIAN_POINT('',(-60.,39.,0.));
#124 = VECTOR('',#125,1.);
#125 = DIRECTION('',(1.,0.,-0.));
#126 = ORIENTED_EDGE('',*,*,#127,.T.);
#127 = EDGE_CURVE('',#120,#128,#130,.T.);
#128 = VERTEX_POINT('',#129);
#129 = CARTESIAN_POINT('',(-46.,43.,0.));
#130 = CIRCLE('',#131,4.);
#131 = AXIS2_PLACEMENT_3D('',#132,#133,#134);
#132 = CARTESIAN_POINT('',(-50.,43.,0.));
#133 = DIRECTION('',(0.,0.,1.));
#134 = DIRECTION('',(1.,0.,-0.));
#135 = ORIENTED_EDGE('',*,*,#136,.T.);
#136 = EDGE_CURVE('',#128,#137,#139,.T.);
#137 = VERTEX_POINT('',#138);
#138 = CARTESIAN_POINT('',(-46.,55.,0.));
#139 = LINE('',#140,#141);
#140 = CARTESIAN_POINT('',(-46.,43.,0.));
#141 = VECTOR('',#142,1.);
#142 = DIRECTION('',(0.,1.,0.));
#143 = ORIENTED_EDGE('',*,*,#144,.F.);
#144 = EDGE_CURVE('',#145,#137,#147,.T.);
#145 = VERTEX_POINT('',#146);
#146 = CARTESIAN_POINT('',(-42.,59.,0.));
#147 = CIRCLE('',#148,4.);
#148 = AXIS2_PLACEMENT_3D('',#149,#150,#151);
#149 = CARTESIAN_POINT('',(-42.,55.,0.));
#150 = DIRECTION('',(0.,0.,1.));
#151 = DIRECTION('',(1.,0.,0.));
#152 = ORIENTED_EDGE('',*,*,#153,.T.);
#153 = EDGE_CURVE('',#145,#154,#156,.T.);
#154 = VERTEX_POINT('',#155);
#155 = CARTESIAN_POINT('',(42.,59.,0.));
#156 = LINE('',#157,#158);
#157 = CARTESIAN_POINT('',(-42.,59.,0.));
#158 = VECTOR('',#159,1.);
#159 = DIRECTION('',(1.,0.,0.));
#160 = ORIENTED_EDGE('',*,*,#161,.F.);
#161 = EDGE_CURVE('',#162,#154,#164,.T.);
#162 = VERTEX_POINT('',#163);
#163 = CARTESIAN_POINT('',(46.,55.,0.));
#164 = CIRCLE('',#165,4.);
#165 = AXIS2_PLACEMENT_3D('',#166,#167,#168);
#166 = CARTESIAN_POINT('',(42.,55.,0.));
#167 = DIRECTION('',(0.,0.,1.));
#168 = DIRECTION('',(1.,0.,0.));
#169 = ORIENTED_EDGE('',*,*,#170,.F.);
#170 = EDGE_CURVE('',#171,#162,#173,.T.);
#171 = VERTEX_POINT('',#172);
#172 = CARTESIAN_POINT('',(46.,43.,0.));
#173 = LINE('',#174,#175);
#174 = CARTESIAN_POINT('',(46.,43.,0.));
#175 = VECTOR('',#176,1.);
#176 = DIRECTION('',(0.,1.,0.));
#177 = ORIENTED_EDGE('',*,*,#178,.T.);
#178 = EDGE_CURVE('',#171,#52,#179,.T.);
#179 = CIRCLE('',#180,4.);
#180 = AXIS2_PLACEMENT_3D('',#181,#182,#183);
#181 = CARTESIAN_POINT('',(50.,43.,0.));
#182 = DIRECTION('',(0.,0.,1.));
#183 = DIRECTION('',(1.,0.,-0.));
#184 = ORIENTED_EDGE('',*,*,#51,.T.);
#185 = ORIENTED_EDGE('',*,*,#186,.F.);
#186 = EDGE_CURVE('',#187,#54,#189,.T.);
#187 = VERTEX_POINT('',#188);
#188 = CARTESIAN_POINT('',(64.,35.,0.));
#189 = CIRCLE('',#190,4.);
#190 = AXIS2_PLACEMENT_3D('',#191,#192,#193);
#191 = CARTESIAN_POINT('',(60.,35.,0.));
#192 = DIRECTION('',(0.,0.,1.));
#193 = DIRECTION('',(1.,0.,-0.));
#194 = ORIENTED_EDGE('',*,*,#195,.F.);
#195 = EDGE_CURVE('',#196,#187,#198,.T.);
#196 = VERTEX_POINT('',#197);
#197 = CARTESIAN_POINT('',(64.,-35.,0.));
#198 = LINE('',#199,#200);
#199 = CARTESIAN_POINT('',(64.,-35.,0.));
#200 = VECTOR('',#201,1.);
#201 = DIRECTION('',(-0.,1.,0.));
#202 = ORIENTED_EDGE('',*,*,#203,.F.);
#203 = EDGE_CURVE('',#204,#196,#206,.T.);
#204 = VERTEX_POINT('',#205);
#205 = CARTESIAN_POINT('',(60.,-39.,0.));
#206 = CIRCLE('',#207,4.);
#207 = AXIS2_PLACEMENT_3D('',#208,#209,#210);
#208 = CARTESIAN_POINT('',(60.,-35.,0.));
#209 = DIRECTION('',(0.,0.,1.));
#210 = DIRECTION('',(1.,0.,-0.));
#211 = ORIENTED_EDGE('',*,*,#212,.F.);
#212 = EDGE_CURVE('',#94,#204,#213,.T.);
#213 = LINE('',#214,#215);
#214 = CARTESIAN_POINT('',(-60.,-39.,0.));
#215 = VECTOR('',#216,1.);
#216 = DIRECTION('',(1.,0.,-0.));
#217 = FACE_BOUND('',#218,.T.);
#218 = EDGE_LOOP('',(#219));
#219 = ORIENTED_EDGE('',*,*,#220,.T.);
#220 = EDGE_CURVE('',#221,#221,#223,.T.);
#221 = VERTEX_POINT('',#222);
#222 = CARTESIAN_POINT('',(60.7,-35.,0.));
#223 = CIRCLE('',#224,1.7);
#224 = AXIS2_PLACEMENT_3D('',#225,#226,#227);
#225 = CARTESIAN_POINT('',(59.,-35.,0.));
#226 = DIRECTION('',(0.,0.,1.));
#227 = DIRECTION('',(1.,0.,-0.));
#228 = FACE_BOUND('',#229,.T.);
#229 = EDGE_LOOP('',(#230));
#230 = ORIENTED_EDGE('',*,*,#231,.T.);
#231 = EDGE_CURVE('',#232,#232,#234,.T.);
#232 = VERTEX_POINT('',#233);
#233 = CARTESIAN_POINT('',(60.7,-25.,0.));
#234 = CIRCLE('',#235,1.7);
#235 = AXIS2_PLACEMENT_3D('',#236,#237,#238);
#236 = CARTESIAN_POINT('',(59.,-25.,0.));
#237 = DIRECTION('',(0.,0.,1.));
#238 = DIRECTION('',(1.,0.,-0.));
#239 = FACE_BOUND('',#240,.T.);
#240 = EDGE_LOOP('',(#241));
#241 = ORIENTED_EDGE('',*,*,#242,.T.);
#242 = EDGE_CURVE('',#243,#243,#245,.T.);
#243 = VERTEX_POINT('',#244);
#244 = CARTESIAN_POINT('',(60.7,-15.,0.));
#245 = CIRCLE('',#246,1.7);
#246 = AXIS2_PLACEMENT_3D('',#247,#248,#249);
#247 = CARTESIAN_POINT('',(59.,-15.,0.));
#248 = DIRECTION('',(0.,0.,1.));
#249 = DIRECTION('',(1.,0.,-0.));
#250 = FACE_BOUND('',#251,.T.);
#251 = EDGE_LOOP('',(#252));
#252 = ORIENTED_EDGE('',*,*,#253,.T.);
#253 = EDGE_CURVE('',#254,#254,#256,.T.);
#254 = VERTEX_POINT('',#255);
#255 = CARTESIAN_POINT('',(60.7,-5.,0.));
#256 = CIRCLE('',#257,1.7);
#257 = AXIS2_PLACEMENT_3D('',#258,#259,#260);
#258 = CARTESIAN_POINT('',(59.,-5.,0.));
#259 = DIRECTION('',(0.,0.,1.));
#260 = DIRECTION('',(1.,0.,-0.));
#261 = FACE_BOUND('',#262,.T.);
#262 = EDGE_LOOP('',(#263));
#263 = ORIENTED_EDGE('',*,*,#264,.T.);
#264 = EDGE_CURVE('',#265,#265,#267,.T.);
#265 = VERTEX_POINT('',#266);
#266 = CARTESIAN_POINT('',(60.7,5.,0.));
#267 = CIRCLE('',#268,1.7);
#268 = AXIS2_PLACEMENT_3D('',#269,#270,#271);
#269 = CARTESIAN_POINT('',(59.,5.,0.));
#270 = DIRECTION('',(0.,0.,1.));
#271 = DIRECTION('',(1.,0.,-0.));
#272 = FACE_BOUND('',#273,.T.);
#273 = EDGE_LOOP('',(#274));
#274 = ORIENTED_EDGE('',*,*,#275,.T.);
#275 = EDGE_CURVE('',#276,#276,#278,.T.);
#276 = VERTEX_POINT('',#277);
#277 = CARTESIAN_POINT('',(-57.3,-35.,0.));
#278 = CIRCLE('',#279,1.7);
#279 = AXIS2_PLACEMENT_3D('',#280,#281,#282);
#280 = CARTESIAN_POINT('',(-59.,-35.,0.));
#281 = DIRECTION('',(0.,0.,1.));
#282 = DIRECTION('',(1.,0.,-0.));
#283 = FACE_BOUND('',#284,.T.);
#284 = EDGE_LOOP('',(#285));
#285 = ORIENTED_EDGE('',*,*,#286,.T.);
#286 = EDGE_CURVE('',#287,#287,#289,.T.);
#287 = VERTEX_POINT('',#288);
#288 = CARTESIAN_POINT('',(-57.3,-25.,0.));
#289 = CIRCLE('',#290,1.7);
#290 = AXIS2_PLACEMENT_3D('',#291,#292,#293);
#291 = CARTESIAN_POINT('',(-59.,-25.,0.));
#292 = DIRECTION('',(0.,0.,1.));
#293 = DIRECTION('',(1.,0.,-0.));
#294 = FACE_BOUND('',#295,.T.);
#295 = EDGE_LOOP('',(#296));
#296 = ORIENTED_EDGE('',*,*,#297,.T.);
#297 = EDGE_CURVE('',#298,#298,#300,.T.);
#298 = VERTEX_POINT('',#299);
#299 = CARTESIAN_POINT('',(-57.3,-15.,0.));
#300 = CIRCLE('',#301,1.7);
#301 = AXIS2_PLACEMENT_3D('',#302,#303,#304);
#302 = CARTESIAN_POINT('',(-59.,-15.,0.));
#303 = DIRECTION('',(0.,0.,1.));
#304 = DIRECTION('',(1.,0.,-0.));
#305 = FACE_BOUND('',#306,.T.);
#306 = EDGE_LOOP('',(#307,#318,#326,#335,#343,#352,#360,#369));
#307 = ORIENTED_EDGE('',*,*,#308,.T.);
#308 = EDGE_CURVE('',#309,#311,#313,.T.);
#309 = VERTEX_POINT('',#310);
#310 = CARTESIAN_POINT('',(-30.153,-10.67,0.));
#311 = VERTEX_POINT('',#312);
#312 = CARTESIAN_POINT('',(-27.153,-13.67,0.));
#313 = CIRCLE('',#314,3.);
#314 = AXIS2_PLACEMENT_3D('',#315,#316,#317);
#315 = CARTESIAN_POINT('',(-27.153,-10.67,0.));
#316 = DIRECTION('',(0.,0.,1.));
#317 = DIRECTION('',(1.,0.,-0.));
#318 = ORIENTED_EDGE('',*,*,#319,.F.);
#319 = EDGE_CURVE('',#320,#311,#322,.T.);
#320 = VERTEX_POINT('',#321);
#321 = CARTESIAN_POINT('',(26.847,-13.67,0.));
#322 = LINE('',#323,#324);
#323 = CARTESIAN_POINT('',(-43.5765,-13.67,0.));
#324 = VECTOR('',#325,1.);
#325 = DIRECTION('',(-1.,0.,0.));
#326 = ORIENTED_EDGE('',*,*,#327,.T.);
#327 = EDGE_CURVE('',#320,#328,#330,.T.);
#328 = VERTEX_POINT('',#329);
#329 = CARTESIAN_POINT('',(29.847,-10.67,0.));
#330 = CIRCLE('',#331,3.);
#331 = AXIS2_PLACEMENT_3D('',#332,#333,#334);
#332 = CARTESIAN_POINT('',(26.847,-10.67,0.));
#333 = DIRECTION('',(0.,0.,1.));
#334 = DIRECTION('',(1.,0.,-0.));
#335 = ORIENTED_EDGE('',*,*,#336,.T.);
#336 = EDGE_CURVE('',#328,#337,#339,.T.);
#337 = VERTEX_POINT('',#338);
#338 = CARTESIAN_POINT('',(29.847,24.33,0.));
#339 = LINE('',#340,#341);
#340 = CARTESIAN_POINT('',(29.847,-24.835,0.));
#341 = VECTOR('',#342,1.);
#342 = DIRECTION('',(0.,1.,0.));
#343 = ORIENTED_EDGE('',*,*,#344,.T.);
#344 = EDGE_CURVE('',#337,#345,#347,.T.);
#345 = VERTEX_POINT('',#346);
#346 = CARTESIAN_POINT('',(26.847,27.33,0.));
#347 = CIRCLE('',#348,3.);
#348 = AXIS2_PLACEMENT_3D('',#349,#350,#351);
#349 = CARTESIAN_POINT('',(26.847,24.33,0.));
#350 = DIRECTION('',(0.,0.,1.));
#351 = DIRECTION('',(1.,0.,-0.));
#352 = ORIENTED_EDGE('',*,*,#353,.T.);
#353 = EDGE_CURVE('',#345,#354,#356,.T.);
#354 = VERTEX_POINT('',#355);
#355 = CARTESIAN_POINT('',(-27.153,27.33,0.));
#356 = LINE('',#357,#358);
#357 = CARTESIAN_POINT('',(-43.5765,27.33,0.));
#358 = VECTOR('',#359,1.);
#359 = DIRECTION('',(-1.,0.,0.));
#360 = ORIENTED_EDGE('',*,*,#361,.T.);
#361 = EDGE_CURVE('',#354,#362,#364,.T.);
#362 = VERTEX_POINT('',#363);
#363 = CARTESIAN_POINT('',(-30.153,24.33,0.));
#364 = CIRCLE('',#365,3.);
#365 = AXIS2_PLACEMENT_3D('',#366,#367,#368);
#366 = CARTESIAN_POINT('',(-27.153,24.33,0.));
#367 = DIRECTION('',(0.,0.,1.));
#368 = DIRECTION('',(1.,0.,-0.));
#369 = ORIENTED_EDGE('',*,*,#370,.F.);
#370 = EDGE_CURVE('',#309,#362,#371,.T.);
#371 = LINE('',#372,#373);
#372 = CARTESIAN_POINT('',(-30.153,-24.835,0.));
#373 = VECTOR('',#374,1.);
#374 = DIRECTION('',(0.,1.,0.));
#375 = FACE_BOUND('',#376,.T.);
#376 = EDGE_LOOP('',(#377));
#377 = ORIENTED_EDGE('',*,*,#378,.T.);
#378 = EDGE_CURVE('',#379,#379,#381,.T.);
#379 = VERTEX_POINT('',#380);
#380 = CARTESIAN_POINT('',(-57.3,-5.,0.));
#381 = CIRCLE('',#382,1.7);
#382 = AXIS2_PLACEMENT_3D('',#383,#384,#385);
#383 = CARTESIAN_POINT('',(-59.,-5.,0.));
#384 = DIRECTION('',(0.,0.,1.));
#385 = DIRECTION('',(1.,0.,-0.));
#386 = FACE_BOUND('',#387,.T.);
#387 = EDGE_LOOP('',(#388));
#388 = ORIENTED_EDGE('',*,*,#389,.T.);
#389 = EDGE_CURVE('',#390,#390,#392,.T.);
#390 = VERTEX_POINT('',#391);
#391 = CARTESIAN_POINT('',(-57.3,5.,0.));
#392 = CIRCLE('',#393,1.7);
#393 = AXIS2_PLACEMENT_3D('',#394,#395,#396);
#394 = CARTESIAN_POINT('',(-59.,5.,0.));
#395 = DIRECTION('',(0.,0.,1.));
#396 = DIRECTION('',(1.,0.,-0.));
#397 = FACE_BOUND('',#398,.T.);
#398 = EDGE_LOOP('',(#399));
#399 = ORIENTED_EDGE('',*,*,#400,.T.);
#400 = EDGE_CURVE('',#401,#401,#403,.T.);
#401 = VERTEX_POINT('',#402);
#402 = CARTESIAN_POINT('',(60.7,15.,0.));
#403 = CIRCLE('',#404,1.7);
#404 = AXIS2_PLACEMENT_3D('',#405,#406,#407);
#405 = CARTESIAN_POINT('',(59.,15.,0.));
#406 = DIRECTION('',(0.,0.,1.));
#407 = DIRECTION('',(1.,0.,-0.));
#408 = FACE_BOUND('',#409,.T.);
#409 = EDGE_LOOP('',(#410));
#410 = ORIENTED_EDGE('',*,*,#411,.T.);
#411 = EDGE_CURVE('',#412,#412,#414,.T.);
#412 = VERTEX_POINT('',#413);
#413 = CARTESIAN_POINT('',(60.7,25.,0.));
#414 = CIRCLE('',#415,1.7);
#415 = AXIS2_PLACEMENT_3D('',#416,#417,#418);
#416 = CARTESIAN_POINT('',(59.,25.,0.));
#417 = DIRECTION('',(0.,0.,1.));
#418 = DIRECTION('',(1.,0.,-0.));
#419 = FACE_BOUND('',#420,.T.);
#420 = EDGE_LOOP('',(#421));
#421 = ORIENTED_EDGE('',*,*,#422,.T.);
#422 = EDGE_CURVE('',#423,#423,#425,.T.);
#423 = VERTEX_POINT('',#424);
#424 = CARTESIAN_POINT('',(60.7,35.,0.));
#425 = CIRCLE('',#426,1.7);
#426 = AXIS2_PLACEMENT_3D('',#427,#428,#429);
#427 = CARTESIAN_POINT('',(59.,35.,0.));
#428 = DIRECTION('',(0.,0.,1.));
#429 = DIRECTION('',(1.,0.,-0.));
#430 = FACE_BOUND('',#431,.T.);
#431 = EDGE_LOOP('',(#432));
#432 = ORIENTED_EDGE('',*,*,#433,.T.);
#433 = EDGE_CURVE('',#434,#434,#436,.T.);
#434 = VERTEX_POINT('',#435);
#435 = CARTESIAN_POINT('',(-57.3,15.,0.));
#436 = CIRCLE('',#437,1.7);
#437 = AXIS2_PLACEMENT_3D('',#438,#439,#440);
#438 = CARTESIAN_POINT('',(-59.,15.,0.));
#439 = DIRECTION('',(0.,0.,1.));
#440 = DIRECTION('',(1.,0.,-0.));
#441 = FACE_BOUND('',#442,.T.);
#442 = EDGE_LOOP('',(#443));
#443 = ORIENTED_EDGE('',*,*,#444,.T.);
#444 = EDGE_CURVE('',#445,#445,#447,.T.);
#445 = VERTEX_POINT('',#446);
#446 = CARTESIAN_POINT('',(-57.3,25.,0.));
#447 = CIRCLE('',#448,1.7);
#448 = AXIS2_PLACEMENT_3D('',#449,#450,#451);
#449 = CARTESIAN_POINT('',(-59.,25.,0.));
#450 = DIRECTION('',(0.,0.,1.));
#451 = DIRECTION('',(1.,0.,-0.));
#452 = FACE_BOUND('',#453,.T.);
#453 = EDGE_LOOP('',(#454));
#454 = ORIENTED_EDGE('',*,*,#455,.T.);
#455 = EDGE_CURVE('',#456,#456,#458,.T.);
#456 = VERTEX_POINT('',#457);
#457 = CARTESIAN_POINT('',(3.4,49.,0.));
#458 = CIRCLE('',#459,3.4);
#459 = AXIS2_PLACEMENT_3D('',#460,#461,#462);
#460 = CARTESIAN_POINT('',(0.,49.,0.));
#461 = DIRECTION('',(0.,0.,1.));
#462 = DIRECTION('',(1.,0.,-0.));
#463 = FACE_BOUND('',#464,.T.);
#464 = EDGE_LOOP('',(#465));
#465 = ORIENTED_EDGE('',*,*,#466,.T.);
#466 = EDGE_CURVE('',#467,#467,#469,.T.);
#467 = VERTEX_POINT('',#468);
#468 = CARTESIAN_POINT('',(-57.3,35.,0.));
#469 = CIRCLE('',#470,1.7);
#470 = AXIS2_PLACEMENT_3D('',#471,#472,#473);
#471 = CARTESIAN_POINT('',(-59.,35.,0.));
#472 = DIRECTION('',(0.,0.,1.));
#473 = DIRECTION('',(1.,0.,-0.));
#474 = PLANE('',#475);
#475 = AXIS2_PLACEMENT_3D('',#476,#477,#478);
#476 = CARTESIAN_POINT('',(4.155854301772E-15,7.881055363949,0.));
#477 = DIRECTION('',(-0.,-0.,-1.));
#478 = DIRECTION('',(-1.,0.,0.));
#479 = ADVANCED_FACE('',(#480),#499,.T.);
#480 = FACE_BOUND('',#481,.T.);
#481 = EDGE_LOOP('',(#482,#491,#497,#498));
#482 = ORIENTED_EDGE('',*,*,#483,.F.);
#483 = EDGE_CURVE('',#484,#70,#486,.T.);
#484 = VERTEX_POINT('',#485);
#485 = CARTESIAN_POINT('',(64.,35.,4.));
#486 = CIRCLE('',#487,4.);
#487 = AXIS2_PLACEMENT_3D('',#488,#489,#490);
#488 = CARTESIAN_POINT('',(60.,35.,4.));
#489 = DIRECTION('',(0.,0.,1.));
#490 = DIRECTION('',(1.,0.,-0.));
#491 = ORIENTED_EDGE('',*,*,#492,.F.);
#492 = EDGE_CURVE('',#187,#484,#493,.T.);
#493 = LINE('',#494,#495);
#494 = CARTESIAN_POINT('',(64.,35.,0.));
#495 = VECTOR('',#496,1.);
#496 = DIRECTION('',(0.,0.,1.));
#497 = ORIENTED_EDGE('',*,*,#186,.T.);
#498 = ORIENTED_EDGE('',*,*,#77,.T.);
#499 = CYLINDRICAL_SURFACE('',#500,4.);
#500 = AXIS2_PLACEMENT_3D('',#501,#502,#503);
#501 = CARTESIAN_POINT('',(60.,35.,0.));
#502 = DIRECTION('',(0.,0.,1.));
#503 = DIRECTION('',(1.,0.,-0.));
#504 = ADVANCED_FACE('',(#505,#626,#637,#648,#659,#670,#681,#763,#833,
    #844,#855,#866,#877,#959,#970,#981,#992,#1003,#1014,#1025,#1036),
  #1047,.T.);
#505 = FACE_BOUND('',#506,.T.);
#506 = EDGE_LOOP('',(#507,#518,#526,#535,#541,#542,#543,#552,#560,#569,
    #577,#586,#594,#603,#611,#620));
#507 = ORIENTED_EDGE('',*,*,#508,.T.);
#508 = EDGE_CURVE('',#509,#511,#513,.T.);
#509 = VERTEX_POINT('',#510);
#510 = CARTESIAN_POINT('',(-64.,-35.,4.));
#511 = VERTEX_POINT('',#512);
#512 = CARTESIAN_POINT('',(-60.,-39.,4.));
#513 = CIRCLE('',#514,4.);
#514 = AXIS2_PLACEMENT_3D('',#515,#516,#517);
#515 = CARTESIAN_POINT('',(-60.,-35.,4.));
#516 = DIRECTION('',(0.,0.,1.));
#517 = DIRECTION('',(1.,0.,-0.));
#518 = ORIENTED_EDGE('',*,*,#519,.T.);
#519 = EDGE_CURVE('',#511,#520,#522,.T.);
#520 = VERTEX_POINT('',#521);
#521 = CARTESIAN_POINT('',(60.,-39.,4.));
#522 = LINE('',#523,#524);
#523 = CARTESIAN_POINT('',(-60.,-39.,4.));
#524 = VECTOR('',#525,1.);
#525 = DIRECTION('',(1.,0.,-0.));
#526 = ORIENTED_EDGE('',*,*,#527,.T.);
#527 = EDGE_CURVE('',#520,#528,#530,.T.);
#528 = VERTEX_POINT('',#529);
#529 = CARTESIAN_POINT('',(64.,-35.,4.));
#530 = CIRCLE('',#531,4.);
#531 = AXIS2_PLACEMENT_3D('',#532,#533,#534);
#532 = CARTESIAN_POINT('',(60.,-35.,4.));
#533 = DIRECTION('',(0.,0.,1.));
#534 = DIRECTION('',(1.,0.,-0.));
#535 = ORIENTED_EDGE('',*,*,#536,.T.);
#536 = EDGE_CURVE('',#528,#484,#537,.T.);
#537 = LINE('',#538,#539);
#538 = CARTESIAN_POINT('',(64.,-35.,4.));
#539 = VECTOR('',#540,1.);
#540 = DIRECTION('',(-0.,1.,0.));
#541 = ORIENTED_EDGE('',*,*,#483,.T.);
#542 = ORIENTED_EDGE('',*,*,#69,.F.);
#543 = ORIENTED_EDGE('',*,*,#544,.F.);
#544 = EDGE_CURVE('',#545,#62,#547,.T.);
#545 = VERTEX_POINT('',#546);
#546 = CARTESIAN_POINT('',(46.,43.,4.));
#547 = CIRCLE('',#548,4.);
#548 = AXIS2_PLACEMENT_3D('',#549,#550,#551);
#549 = CARTESIAN_POINT('',(50.,43.,4.));
#550 = DIRECTION('',(0.,0.,1.));
#551 = DIRECTION('',(1.,0.,-0.));
#552 = ORIENTED_EDGE('',*,*,#553,.T.);
#553 = EDGE_CURVE('',#545,#554,#556,.T.);
#554 = VERTEX_POINT('',#555);
#555 = CARTESIAN_POINT('',(46.,55.,4.));
#556 = LINE('',#557,#558);
#557 = CARTESIAN_POINT('',(46.,43.,4.));
#558 = VECTOR('',#559,1.);
#559 = DIRECTION('',(0.,1.,0.));
#560 = ORIENTED_EDGE('',*,*,#561,.T.);
#561 = EDGE_CURVE('',#554,#562,#564,.T.);
#562 = VERTEX_POINT('',#563);
#563 = CARTESIAN_POINT('',(42.,59.,4.));
#564 = CIRCLE('',#565,4.);
#565 = AXIS2_PLACEMENT_3D('',#566,#567,#568);
#566 = CARTESIAN_POINT('',(42.,55.,4.));
#567 = DIRECTION('',(0.,0.,1.));
#568 = DIRECTION('',(1.,0.,0.));
#569 = ORIENTED_EDGE('',*,*,#570,.F.);
#570 = EDGE_CURVE('',#571,#562,#573,.T.);
#571 = VERTEX_POINT('',#572);
#572 = CARTESIAN_POINT('',(-42.,59.,4.));
#573 = LINE('',#574,#575);
#574 = CARTESIAN_POINT('',(-42.,59.,4.));
#575 = VECTOR('',#576,1.);
#576 = DIRECTION('',(1.,0.,0.));
#577 = ORIENTED_EDGE('',*,*,#578,.T.);
#578 = EDGE_CURVE('',#571,#579,#581,.T.);
#579 = VERTEX_POINT('',#580);
#580 = CARTESIAN_POINT('',(-46.,55.,4.));
#581 = CIRCLE('',#582,4.);
#582 = AXIS2_PLACEMENT_3D('',#583,#584,#585);
#583 = CARTESIAN_POINT('',(-42.,55.,4.));
#584 = DIRECTION('',(0.,0.,1.));
#585 = DIRECTION('',(1.,0.,0.));
#586 = ORIENTED_EDGE('',*,*,#587,.F.);
#587 = EDGE_CURVE('',#588,#579,#590,.T.);
#588 = VERTEX_POINT('',#589);
#589 = CARTESIAN_POINT('',(-46.,43.,4.));
#590 = LINE('',#591,#592);
#591 = CARTESIAN_POINT('',(-46.,43.,4.));
#592 = VECTOR('',#593,1.);
#593 = DIRECTION('',(0.,1.,0.));
#594 = ORIENTED_EDGE('',*,*,#595,.F.);
#595 = EDGE_CURVE('',#596,#588,#598,.T.);
#596 = VERTEX_POINT('',#597);
#597 = CARTESIAN_POINT('',(-50.,39.,4.));
#598 = CIRCLE('',#599,4.);
#599 = AXIS2_PLACEMENT_3D('',#600,#601,#602);
#600 = CARTESIAN_POINT('',(-50.,43.,4.));
#601 = DIRECTION('',(0.,0.,1.));
#602 = DIRECTION('',(1.,0.,-0.));
#603 = ORIENTED_EDGE('',*,*,#604,.F.);
#604 = EDGE_CURVE('',#605,#596,#607,.T.);
#605 = VERTEX_POINT('',#606);
#606 = CARTESIAN_POINT('',(-60.,39.,4.));
#607 = LINE('',#608,#609);
#608 = CARTESIAN_POINT('',(-60.,39.,4.));
#609 = VECTOR('',#610,1.);
#610 = DIRECTION('',(1.,0.,-0.));
#611 = ORIENTED_EDGE('',*,*,#612,.T.);
#612 = EDGE_CURVE('',#605,#613,#615,.T.);
#613 = VERTEX_POINT('',#614);
#614 = CARTESIAN_POINT('',(-64.,35.,4.));
#615 = CIRCLE('',#616,4.);
#616 = AXIS2_PLACEMENT_3D('',#617,#618,#619);
#617 = CARTESIAN_POINT('',(-60.,35.,4.));
#618 = DIRECTION('',(0.,0.,1.));
#619 = DIRECTION('',(1.,0.,-0.));
#620 = ORIENTED_EDGE('',*,*,#621,.F.);
#621 = EDGE_CURVE('',#509,#613,#622,.T.);
#622 = LINE('',#623,#624);
#623 = CARTESIAN_POINT('',(-64.,-35.,4.));
#624 = VECTOR('',#625,1.);
#625 = DIRECTION('',(-0.,1.,0.));
#626 = FACE_BOUND('',#627,.T.);
#627 = EDGE_LOOP('',(#628));
#628 = ORIENTED_EDGE('',*,*,#629,.F.);
#629 = EDGE_CURVE('',#630,#630,#632,.T.);
#630 = VERTEX_POINT('',#631);
#631 = CARTESIAN_POINT('',(-57.3,-35.,4.));
#632 = CIRCLE('',#633,1.7);
#633 = AXIS2_PLACEMENT_3D('',#634,#635,#636);
#634 = CARTESIAN_POINT('',(-59.,-35.,4.));
#635 = DIRECTION('',(0.,0.,1.));
#636 = DIRECTION('',(1.,0.,-0.));
#637 = FACE_BOUND('',#638,.T.);
#638 = EDGE_LOOP('',(#639));
#639 = ORIENTED_EDGE('',*,*,#640,.F.);
#640 = EDGE_CURVE('',#641,#641,#643,.T.);
#641 = VERTEX_POINT('',#642);
#642 = CARTESIAN_POINT('',(-57.3,-25.,4.));
#643 = CIRCLE('',#644,1.7);
#644 = AXIS2_PLACEMENT_3D('',#645,#646,#647);
#645 = CARTESIAN_POINT('',(-59.,-25.,4.));
#646 = DIRECTION('',(0.,0.,1.));
#647 = DIRECTION('',(1.,0.,-0.));
#648 = FACE_BOUND('',#649,.T.);
#649 = EDGE_LOOP('',(#650));
#650 = ORIENTED_EDGE('',*,*,#651,.F.);
#651 = EDGE_CURVE('',#652,#652,#654,.T.);
#652 = VERTEX_POINT('',#653);
#653 = CARTESIAN_POINT('',(-57.3,-15.,4.));
#654 = CIRCLE('',#655,1.7);
#655 = AXIS2_PLACEMENT_3D('',#656,#657,#658);
#656 = CARTESIAN_POINT('',(-59.,-15.,4.));
#657 = DIRECTION('',(0.,0.,1.));
#658 = DIRECTION('',(1.,0.,-0.));
#659 = FACE_BOUND('',#660,.T.);
#660 = EDGE_LOOP('',(#661));
#661 = ORIENTED_EDGE('',*,*,#662,.F.);
#662 = EDGE_CURVE('',#663,#663,#665,.T.);
#663 = VERTEX_POINT('',#664);
#664 = CARTESIAN_POINT('',(-57.3,-5.,4.));
#665 = CIRCLE('',#666,1.7);
#666 = AXIS2_PLACEMENT_3D('',#667,#668,#669);
#667 = CARTESIAN_POINT('',(-59.,-5.,4.));
#668 = DIRECTION('',(0.,0.,1.));
#669 = DIRECTION('',(1.,0.,-0.));
#670 = FACE_BOUND('',#671,.T.);
#671 = EDGE_LOOP('',(#672));
#672 = ORIENTED_EDGE('',*,*,#673,.F.);
#673 = EDGE_CURVE('',#674,#674,#676,.T.);
#674 = VERTEX_POINT('',#675);
#675 = CARTESIAN_POINT('',(-57.3,5.,4.));
#676 = CIRCLE('',#677,1.7);
#677 = AXIS2_PLACEMENT_3D('',#678,#679,#680);
#678 = CARTESIAN_POINT('',(-59.,5.,4.));
#679 = DIRECTION('',(0.,0.,1.));
#680 = DIRECTION('',(1.,0.,-0.));
#681 = FACE_BOUND('',#682,.T.);
#682 = EDGE_LOOP('',(#683,#693,#701,#709,#717,#725,#733,#741,#749,#757)
  );
#683 = ORIENTED_EDGE('',*,*,#684,.F.);
#684 = EDGE_CURVE('',#685,#687,#689,.T.);
#685 = VERTEX_POINT('',#686);
#686 = CARTESIAN_POINT('',(-48.9,-20.,4.));
#687 = VERTEX_POINT('',#688);
#688 = CARTESIAN_POINT('',(-34.9,-20.,4.));
#689 = LINE('',#690,#691);
#690 = CARTESIAN_POINT('',(-38.9,-20.,4.));
#691 = VECTOR('',#692,1.);
#692 = DIRECTION('',(1.,0.,-0.));
#693 = ORIENTED_EDGE('',*,*,#694,.T.);
#694 = EDGE_CURVE('',#685,#695,#697,.T.);
#695 = VERTEX_POINT('',#696);
#696 = CARTESIAN_POINT('',(-48.9,-12.,4.));
#697 = LINE('',#698,#699);
#698 = CARTESIAN_POINT('',(-48.9,-20.,4.));
#699 = VECTOR('',#700,1.);
#700 = DIRECTION('',(0.,1.,0.));
#701 = ORIENTED_EDGE('',*,*,#702,.F.);
#702 = EDGE_CURVE('',#703,#695,#705,.T.);
#703 = VERTEX_POINT('',#704);
#704 = CARTESIAN_POINT('',(-38.9,-12.,4.));
#705 = LINE('',#706,#707);
#706 = CARTESIAN_POINT('',(-38.9,-12.,4.));
#707 = VECTOR('',#708,1.);
#708 = DIRECTION('',(-1.,0.,0.));
#709 = ORIENTED_EDGE('',*,*,#710,.T.);
#710 = EDGE_CURVE('',#703,#711,#713,.T.);
#711 = VERTEX_POINT('',#712);
#712 = CARTESIAN_POINT('',(-38.9,12.,4.));
#713 = LINE('',#714,#715);
#714 = CARTESIAN_POINT('',(-38.9,-20.,4.));
#715 = VECTOR('',#716,1.);
#716 = DIRECTION('',(-0.,1.,0.));
#717 = ORIENTED_EDGE('',*,*,#718,.T.);
#718 = EDGE_CURVE('',#711,#719,#721,.T.);
#719 = VERTEX_POINT('',#720);
#720 = CARTESIAN_POINT('',(-48.9,12.,4.));
#721 = LINE('',#722,#723);
#722 = CARTESIAN_POINT('',(-38.9,12.,4.));
#723 = VECTOR('',#724,1.);
#724 = DIRECTION('',(-1.,0.,0.));
#725 = ORIENTED_EDGE('',*,*,#726,.T.);
#726 = EDGE_CURVE('',#719,#727,#729,.T.);
#727 = VERTEX_POINT('',#728);
#728 = CARTESIAN_POINT('',(-48.9,20.,4.));
#729 = LINE('',#730,#731);
#730 = CARTESIAN_POINT('',(-48.9,12.,4.));
#731 = VECTOR('',#732,1.);
#732 = DIRECTION('',(0.,1.,0.));
#733 = ORIENTED_EDGE('',*,*,#734,.F.);
#734 = EDGE_CURVE('',#735,#727,#737,.T.);
#735 = VERTEX_POINT('',#736);
#736 = CARTESIAN_POINT('',(-38.9,20.,4.));
#737 = LINE('',#738,#739);
#738 = CARTESIAN_POINT('',(-38.9,20.,4.));
#739 = VECTOR('',#740,1.);
#740 = DIRECTION('',(-1.,0.,0.));
#741 = ORIENTED_EDGE('',*,*,#742,.T.);
#742 = EDGE_CURVE('',#735,#743,#745,.T.);
#743 = VERTEX_POINT('',#744);
#744 = CARTESIAN_POINT('',(-38.9,33.,4.));
#745 = LINE('',#746,#747);
#746 = CARTESIAN_POINT('',(-38.9,-20.,4.));
#747 = VECTOR('',#748,1.);
#748 = DIRECTION('',(-0.,1.,0.));
#749 = ORIENTED_EDGE('',*,*,#750,.T.);
#750 = EDGE_CURVE('',#743,#751,#753,.T.);
#751 = VERTEX_POINT('',#752);
#752 = CARTESIAN_POINT('',(-34.9,33.,4.));
#753 = LINE('',#754,#755);
#754 = CARTESIAN_POINT('',(-38.9,33.,4.));
#755 = VECTOR('',#756,1.);
#756 = DIRECTION('',(1.,0.,-0.));
#757 = ORIENTED_EDGE('',*,*,#758,.F.);
#758 = EDGE_CURVE('',#687,#751,#759,.T.);
#759 = LINE('',#760,#761);
#760 = CARTESIAN_POINT('',(-34.9,-20.,4.));
#761 = VECTOR('',#762,1.);
#762 = DIRECTION('',(-0.,1.,0.));
#763 = FACE_BOUND('',#764,.T.);
#764 = EDGE_LOOP('',(#765,#776,#784,#793,#801,#810,#818,#827));
#765 = ORIENTED_EDGE('',*,*,#766,.F.);
#766 = EDGE_CURVE('',#767,#769,#771,.T.);
#767 = VERTEX_POINT('',#768);
#768 = CARTESIAN_POINT('',(-30.153,-10.67,4.));
#769 = VERTEX_POINT('',#770);
#770 = CARTESIAN_POINT('',(-27.153,-13.67,4.));
#771 = CIRCLE('',#772,3.);
#772 = AXIS2_PLACEMENT_3D('',#773,#774,#775);
#773 = CARTESIAN_POINT('',(-27.153,-10.67,4.));
#774 = DIRECTION('',(0.,0.,1.));
#775 = DIRECTION('',(1.,0.,-0.));
#776 = ORIENTED_EDGE('',*,*,#777,.T.);
#777 = EDGE_CURVE('',#767,#778,#780,.T.);
#778 = VERTEX_POINT('',#779);
#779 = CARTESIAN_POINT('',(-30.153,24.33,4.));
#780 = LINE('',#781,#782);
#781 = CARTESIAN_POINT('',(-30.153,-24.835,4.));
#782 = VECTOR('',#783,1.);
#783 = DIRECTION('',(0.,1.,0.));
#784 = ORIENTED_EDGE('',*,*,#785,.F.);
#785 = EDGE_CURVE('',#786,#778,#788,.T.);
#786 = VERTEX_POINT('',#787);
#787 = CARTESIAN_POINT('',(-27.153,27.33,4.));
#788 = CIRCLE('',#789,3.);
#789 = AXIS2_PLACEMENT_3D('',#790,#791,#792);
#790 = CARTESIAN_POINT('',(-27.153,24.33,4.));
#791 = DIRECTION('',(0.,0.,1.));
#792 = DIRECTION('',(1.,0.,-0.));
#793 = ORIENTED_EDGE('',*,*,#794,.F.);
#794 = EDGE_CURVE('',#795,#786,#797,.T.);
#795 = VERTEX_POINT('',#796);
#796 = CARTESIAN_POINT('',(26.847,27.33,4.));
#797 = LINE('',#798,#799);
#798 = CARTESIAN_POINT('',(-43.5765,27.33,4.));
#799 = VECTOR('',#800,1.);
#800 = DIRECTION('',(-1.,0.,0.));
#801 = ORIENTED_EDGE('',*,*,#802,.F.);
#802 = EDGE_CURVE('',#803,#795,#805,.T.);
#803 = VERTEX_POINT('',#804);
#804 = CARTESIAN_POINT('',(29.847,24.33,4.));
#805 = CIRCLE('',#806,3.);
#806 = AXIS2_PLACEMENT_3D('',#807,#808,#809);
#807 = CARTESIAN_POINT('',(26.847,24.33,4.));
#808 = DIRECTION('',(0.,0.,1.));
#809 = DIRECTION('',(1.,0.,-0.));
#810 = ORIENTED_EDGE('',*,*,#811,.F.);
#811 = EDGE_CURVE('',#812,#803,#814,.T.);
#812 = VERTEX_POINT('',#813);
#813 = CARTESIAN_POINT('',(29.847,-10.67,4.));
#814 = LINE('',#815,#816);
#815 = CARTESIAN_POINT('',(29.847,-24.835,4.));
#816 = VECTOR('',#817,1.);
#817 = DIRECTION('',(0.,1.,0.));
#818 = ORIENTED_EDGE('',*,*,#819,.F.);
#819 = EDGE_CURVE('',#820,#812,#822,.T.);
#820 = VERTEX_POINT('',#821);
#821 = CARTESIAN_POINT('',(26.847,-13.67,4.));
#822 = CIRCLE('',#823,3.);
#823 = AXIS2_PLACEMENT_3D('',#824,#825,#826);
#824 = CARTESIAN_POINT('',(26.847,-10.67,4.));
#825 = DIRECTION('',(0.,0.,1.));
#826 = DIRECTION('',(1.,0.,-0.));
#827 = ORIENTED_EDGE('',*,*,#828,.T.);
#828 = EDGE_CURVE('',#820,#769,#829,.T.);
#829 = LINE('',#830,#831);
#830 = CARTESIAN_POINT('',(-43.5765,-13.67,4.));
#831 = VECTOR('',#832,1.);
#832 = DIRECTION('',(-1.,0.,0.));
#833 = FACE_BOUND('',#834,.T.);
#834 = EDGE_LOOP('',(#835));
#835 = ORIENTED_EDGE('',*,*,#836,.F.);
#836 = EDGE_CURVE('',#837,#837,#839,.T.);
#837 = VERTEX_POINT('',#838);
#838 = CARTESIAN_POINT('',(60.7,-35.,4.));
#839 = CIRCLE('',#840,1.7);
#840 = AXIS2_PLACEMENT_3D('',#841,#842,#843);
#841 = CARTESIAN_POINT('',(59.,-35.,4.));
#842 = DIRECTION('',(0.,0.,1.));
#843 = DIRECTION('',(1.,0.,-0.));
#844 = FACE_BOUND('',#845,.T.);
#845 = EDGE_LOOP('',(#846));
#846 = ORIENTED_EDGE('',*,*,#847,.F.);
#847 = EDGE_CURVE('',#848,#848,#850,.T.);
#848 = VERTEX_POINT('',#849);
#849 = CARTESIAN_POINT('',(60.7,-25.,4.));
#850 = CIRCLE('',#851,1.7);
#851 = AXIS2_PLACEMENT_3D('',#852,#853,#854);
#852 = CARTESIAN_POINT('',(59.,-25.,4.));
#853 = DIRECTION('',(0.,0.,1.));
#854 = DIRECTION('',(1.,0.,-0.));
#855 = FACE_BOUND('',#856,.T.);
#856 = EDGE_LOOP('',(#857));
#857 = ORIENTED_EDGE('',*,*,#858,.F.);
#858 = EDGE_CURVE('',#859,#859,#861,.T.);
#859 = VERTEX_POINT('',#860);
#860 = CARTESIAN_POINT('',(60.7,-15.,4.));
#861 = CIRCLE('',#862,1.7);
#862 = AXIS2_PLACEMENT_3D('',#863,#864,#865);
#863 = CARTESIAN_POINT('',(59.,-15.,4.));
#864 = DIRECTION('',(0.,0.,1.));
#865 = DIRECTION('',(1.,0.,-0.));
#866 = FACE_BOUND('',#867,.T.);
#867 = EDGE_LOOP('',(#868));
#868 = ORIENTED_EDGE('',*,*,#869,.F.);
#869 = EDGE_CURVE('',#870,#870,#872,.T.);
#870 = VERTEX_POINT('',#871);
#871 = CARTESIAN_POINT('',(60.7,-5.,4.));
#872 = CIRCLE('',#873,1.7);
#873 = AXIS2_PLACEMENT_3D('',#874,#875,#876);
#874 = CARTESIAN_POINT('',(59.,-5.,4.));
#875 = DIRECTION('',(0.,0.,1.));
#876 = DIRECTION('',(1.,0.,-0.));
#877 = FACE_BOUND('',#878,.T.);
#878 = EDGE_LOOP('',(#879,#889,#897,#905,#913,#921,#929,#937,#945,#953)
  );
#879 = ORIENTED_EDGE('',*,*,#880,.T.);
#880 = EDGE_CURVE('',#881,#883,#885,.T.);
#881 = VERTEX_POINT('',#882);
#882 = CARTESIAN_POINT('',(34.9,-20.,4.));
#883 = VERTEX_POINT('',#884);
#884 = CARTESIAN_POINT('',(34.9,33.,4.));
#885 = LINE('',#886,#887);
#886 = CARTESIAN_POINT('',(34.9,-20.,4.));
#887 = VECTOR('',#888,1.);
#888 = DIRECTION('',(-0.,1.,0.));
#889 = ORIENTED_EDGE('',*,*,#890,.T.);
#890 = EDGE_CURVE('',#883,#891,#893,.T.);
#891 = VERTEX_POINT('',#892);
#892 = CARTESIAN_POINT('',(38.9,33.,4.));
#893 = LINE('',#894,#895);
#894 = CARTESIAN_POINT('',(34.9,33.,4.));
#895 = VECTOR('',#896,1.);
#896 = DIRECTION('',(1.,0.,-0.));
#897 = ORIENTED_EDGE('',*,*,#898,.F.);
#898 = EDGE_CURVE('',#899,#891,#901,.T.);
#899 = VERTEX_POINT('',#900);
#900 = CARTESIAN_POINT('',(38.9,20.,4.));
#901 = LINE('',#902,#903);
#902 = CARTESIAN_POINT('',(38.9,-20.,4.));
#903 = VECTOR('',#904,1.);
#904 = DIRECTION('',(-0.,1.,0.));
#905 = ORIENTED_EDGE('',*,*,#906,.T.);
#906 = EDGE_CURVE('',#899,#907,#909,.T.);
#907 = VERTEX_POINT('',#908);
#908 = CARTESIAN_POINT('',(48.9,20.,4.));
#909 = LINE('',#910,#911);
#910 = CARTESIAN_POINT('',(38.9,20.,4.));
#911 = VECTOR('',#912,1.);
#912 = DIRECTION('',(1.,0.,0.));
#913 = ORIENTED_EDGE('',*,*,#914,.F.);
#914 = EDGE_CURVE('',#915,#907,#917,.T.);
#915 = VERTEX_POINT('',#916);
#916 = CARTESIAN_POINT('',(48.9,12.,4.));
#917 = LINE('',#918,#919);
#918 = CARTESIAN_POINT('',(48.9,12.,4.));
#919 = VECTOR('',#920,1.);
#920 = DIRECTION('',(0.,1.,0.));
#921 = ORIENTED_EDGE('',*,*,#922,.F.);
#922 = EDGE_CURVE('',#923,#915,#925,.T.);
#923 = VERTEX_POINT('',#924);
#924 = CARTESIAN_POINT('',(38.9,12.,4.));
#925 = LINE('',#926,#927);
#926 = CARTESIAN_POINT('',(38.9,12.,4.));
#927 = VECTOR('',#928,1.);
#928 = DIRECTION('',(1.,0.,0.));
#929 = ORIENTED_EDGE('',*,*,#930,.F.);
#930 = EDGE_CURVE('',#931,#923,#933,.T.);
#931 = VERTEX_POINT('',#932);
#932 = CARTESIAN_POINT('',(38.9,-12.,4.));
#933 = LINE('',#934,#935);
#934 = CARTESIAN_POINT('',(38.9,-20.,4.));
#935 = VECTOR('',#936,1.);
#936 = DIRECTION('',(-0.,1.,0.));
#937 = ORIENTED_EDGE('',*,*,#938,.T.);
#938 = EDGE_CURVE('',#931,#939,#941,.T.);
#939 = VERTEX_POINT('',#940);
#940 = CARTESIAN_POINT('',(48.9,-12.,4.));
#941 = LINE('',#942,#943);
#942 = CARTESIAN_POINT('',(38.9,-12.,4.));
#943 = VECTOR('',#944,1.);
#944 = DIRECTION('',(1.,0.,0.));
#945 = ORIENTED_EDGE('',*,*,#946,.F.);
#946 = EDGE_CURVE('',#947,#939,#949,.T.);
#947 = VERTEX_POINT('',#948);
#948 = CARTESIAN_POINT('',(48.9,-20.,4.));
#949 = LINE('',#950,#951);
#950 = CARTESIAN_POINT('',(48.9,-20.,4.));
#951 = VECTOR('',#952,1.);
#952 = DIRECTION('',(0.,1.,0.));
#953 = ORIENTED_EDGE('',*,*,#954,.F.);
#954 = EDGE_CURVE('',#881,#947,#955,.T.);
#955 = LINE('',#956,#957);
#956 = CARTESIAN_POINT('',(38.9,-20.,4.));
#957 = VECTOR('',#958,1.);
#958 = DIRECTION('',(1.,0.,0.));
#959 = FACE_BOUND('',#960,.T.);
#960 = EDGE_LOOP('',(#961));
#961 = ORIENTED_EDGE('',*,*,#962,.F.);
#962 = EDGE_CURVE('',#963,#963,#965,.T.);
#963 = VERTEX_POINT('',#964);
#964 = CARTESIAN_POINT('',(60.7,5.,4.));
#965 = CIRCLE('',#966,1.7);
#966 = AXIS2_PLACEMENT_3D('',#967,#968,#969);
#967 = CARTESIAN_POINT('',(59.,5.,4.));
#968 = DIRECTION('',(0.,0.,1.));
#969 = DIRECTION('',(1.,0.,-0.));
#970 = FACE_BOUND('',#971,.T.);
#971 = EDGE_LOOP('',(#972));
#972 = ORIENTED_EDGE('',*,*,#973,.F.);
#973 = EDGE_CURVE('',#974,#974,#976,.T.);
#974 = VERTEX_POINT('',#975);
#975 = CARTESIAN_POINT('',(-57.3,15.,4.));
#976 = CIRCLE('',#977,1.7);
#977 = AXIS2_PLACEMENT_3D('',#978,#979,#980);
#978 = CARTESIAN_POINT('',(-59.,15.,4.));
#979 = DIRECTION('',(0.,0.,1.));
#980 = DIRECTION('',(1.,0.,-0.));
#981 = FACE_BOUND('',#982,.T.);
#982 = EDGE_LOOP('',(#983));
#983 = ORIENTED_EDGE('',*,*,#984,.F.);
#984 = EDGE_CURVE('',#985,#985,#987,.T.);
#985 = VERTEX_POINT('',#986);
#986 = CARTESIAN_POINT('',(-57.3,25.,4.));
#987 = CIRCLE('',#988,1.7);
#988 = AXIS2_PLACEMENT_3D('',#989,#990,#991);
#989 = CARTESIAN_POINT('',(-59.,25.,4.));
#990 = DIRECTION('',(0.,0.,1.));
#991 = DIRECTION('',(1.,0.,-0.));
#992 = FACE_BOUND('',#993,.T.);
#993 = EDGE_LOOP('',(#994));
#994 = ORIENTED_EDGE('',*,*,#995,.F.);
#995 = EDGE_CURVE('',#996,#996,#998,.T.);
#996 = VERTEX_POINT('',#997);
#997 = CARTESIAN_POINT('',(-57.3,35.,4.));
#998 = CIRCLE('',#999,1.7);
#999 = AXIS2_PLACEMENT_3D('',#1000,#1001,#1002);
#1000 = CARTESIAN_POINT('',(-59.,35.,4.));
#1001 = DIRECTION('',(0.,0.,1.));
#1002 = DIRECTION('',(1.,0.,-0.));
#1003 = FACE_BOUND('',#1004,.T.);
#1004 = EDGE_LOOP('',(#1005));
#1005 = ORIENTED_EDGE('',*,*,#1006,.F.);
#1006 = EDGE_CURVE('',#1007,#1007,#1009,.T.);
#1007 = VERTEX_POINT('',#1008);
#1008 = CARTESIAN_POINT('',(60.7,15.,4.));
#1009 = CIRCLE('',#1010,1.7);
#1010 = AXIS2_PLACEMENT_3D('',#1011,#1012,#1013);
#1011 = CARTESIAN_POINT('',(59.,15.,4.));
#1012 = DIRECTION('',(0.,0.,1.));
#1013 = DIRECTION('',(1.,0.,-0.));
#1014 = FACE_BOUND('',#1015,.T.);
#1015 = EDGE_LOOP('',(#1016));
#1016 = ORIENTED_EDGE('',*,*,#1017,.F.);
#1017 = EDGE_CURVE('',#1018,#1018,#1020,.T.);
#1018 = VERTEX_POINT('',#1019);
#1019 = CARTESIAN_POINT('',(60.7,25.,4.));
#1020 = CIRCLE('',#1021,1.7);
#1021 = AXIS2_PLACEMENT_3D('',#1022,#1023,#1024);
#1022 = CARTESIAN_POINT('',(59.,25.,4.));
#1023 = DIRECTION('',(0.,0.,1.));
#1024 = DIRECTION('',(1.,0.,-0.));
#1025 = FACE_BOUND('',#1026,.T.);
#1026 = EDGE_LOOP('',(#1027));
#1027 = ORIENTED_EDGE('',*,*,#1028,.F.);
#1028 = EDGE_CURVE('',#1029,#1029,#1031,.T.);
#1029 = VERTEX_POINT('',#1030);
#1030 = CARTESIAN_POINT('',(3.4,49.,4.));
#1031 = CIRCLE('',#1032,3.4);
#1032 = AXIS2_PLACEMENT_3D('',#1033,#1034,#1035);
#1033 = CARTESIAN_POINT('',(0.,49.,4.));
#1034 = DIRECTION('',(0.,0.,1.));
#1035 = DIRECTION('',(1.,0.,-0.));
#1036 = FACE_BOUND('',#1037,.T.);
#1037 = EDGE_LOOP('',(#1038));
#1038 = ORIENTED_EDGE('',*,*,#1039,.F.);
#1039 = EDGE_CURVE('',#1040,#1040,#1042,.T.);
#1040 = VERTEX_POINT('',#1041);
#1041 = CARTESIAN_POINT('',(60.7,35.,4.));
#1042 = CIRCLE('',#1043,1.7);
#1043 = AXIS2_PLACEMENT_3D('',#1044,#1045,#1046);
#1044 = CARTESIAN_POINT('',(59.,35.,4.));
#1045 = DIRECTION('',(0.,0.,1.));
#1046 = DIRECTION('',(1.,0.,-0.));
#1047 = PLANE('',#1048);
#1048 = AXIS2_PLACEMENT_3D('',#1049,#1050,#1051);
#1049 = CARTESIAN_POINT('',(2.077927150886E-15,7.881055363949,4.));
#1050 = DIRECTION('',(0.,0.,1.));
#1051 = DIRECTION('',(1.,0.,-0.));
#1052 = ADVANCED_FACE('',(#1053),#1064,.F.);
#1053 = FACE_BOUND('',#1054,.F.);
#1054 = EDGE_LOOP('',(#1055,#1056,#1062,#1063));
#1055 = ORIENTED_EDGE('',*,*,#544,.F.);
#1056 = ORIENTED_EDGE('',*,*,#1057,.F.);
#1057 = EDGE_CURVE('',#171,#545,#1058,.T.);
#1058 = LINE('',#1059,#1060);
#1059 = CARTESIAN_POINT('',(46.,43.,0.));
#1060 = VECTOR('',#1061,1.);
#1061 = DIRECTION('',(0.,0.,1.));
#1062 = ORIENTED_EDGE('',*,*,#178,.T.);
#1063 = ORIENTED_EDGE('',*,*,#61,.T.);
#1064 = CYLINDRICAL_SURFACE('',#1065,4.);
#1065 = AXIS2_PLACEMENT_3D('',#1066,#1067,#1068);
#1066 = CARTESIAN_POINT('',(50.,43.,0.));
#1067 = DIRECTION('',(0.,0.,1.));
#1068 = DIRECTION('',(1.,0.,-0.));
#1069 = ADVANCED_FACE('',(#1070),#1086,.T.);
#1070 = FACE_BOUND('',#1071,.T.);
#1071 = EDGE_LOOP('',(#1072,#1073,#1079,#1080));
#1072 = ORIENTED_EDGE('',*,*,#508,.F.);
#1073 = ORIENTED_EDGE('',*,*,#1074,.F.);
#1074 = EDGE_CURVE('',#92,#509,#1075,.T.);
#1075 = LINE('',#1076,#1077);
#1076 = CARTESIAN_POINT('',(-64.,-35.,0.));
#1077 = VECTOR('',#1078,1.);
#1078 = DIRECTION('',(0.,0.,1.));
#1079 = ORIENTED_EDGE('',*,*,#91,.T.);
#1080 = ORIENTED_EDGE('',*,*,#1081,.T.);
#1081 = EDGE_CURVE('',#94,#511,#1082,.T.);
#1082 = LINE('',#1083,#1084);
#1083 = CARTESIAN_POINT('',(-60.,-39.,0.));
#1084 = VECTOR('',#1085,1.);
#1085 = DIRECTION('',(0.,0.,1.));
#1086 = CYLINDRICAL_SURFACE('',#1087,4.);
#1087 = AXIS2_PLACEMENT_3D('',#1088,#1089,#1090);
#1088 = CARTESIAN_POINT('',(-60.,-35.,0.));
#1089 = DIRECTION('',(0.,0.,1.));
#1090 = DIRECTION('',(1.,0.,-0.));
#1091 = ADVANCED_FACE('',(#1092),#1103,.F.);
#1092 = FACE_BOUND('',#1093,.F.);
#1093 = EDGE_LOOP('',(#1094,#1095,#1096,#1102));
#1094 = ORIENTED_EDGE('',*,*,#1074,.F.);
#1095 = ORIENTED_EDGE('',*,*,#102,.T.);
#1096 = ORIENTED_EDGE('',*,*,#1097,.T.);
#1097 = EDGE_CURVE('',#103,#613,#1098,.T.);
#1098 = LINE('',#1099,#1100);
#1099 = CARTESIAN_POINT('',(-64.,35.,0.));
#1100 = VECTOR('',#1101,1.);
#1101 = DIRECTION('',(0.,0.,1.));
#1102 = ORIENTED_EDGE('',*,*,#621,.F.);
#1103 = PLANE('',#1104);
#1104 = AXIS2_PLACEMENT_3D('',#1105,#1106,#1107);
#1105 = CARTESIAN_POINT('',(-64.,-35.,0.));
#1106 = DIRECTION('',(1.,0.,-0.));
#1107 = DIRECTION('',(0.,0.,1.));
#1108 = ADVANCED_FACE('',(#1109),#1120,.F.);
#1109 = FACE_BOUND('',#1110,.F.);
#1110 = EDGE_LOOP('',(#1111,#1112,#1113,#1114));
#1111 = ORIENTED_EDGE('',*,*,#212,.F.);
#1112 = ORIENTED_EDGE('',*,*,#1081,.T.);
#1113 = ORIENTED_EDGE('',*,*,#519,.T.);
#1114 = ORIENTED_EDGE('',*,*,#1115,.F.);
#1115 = EDGE_CURVE('',#204,#520,#1116,.T.);
#1116 = LINE('',#1117,#1118);
#1117 = CARTESIAN_POINT('',(60.,-39.,0.));
#1118 = VECTOR('',#1119,1.);
#1119 = DIRECTION('',(0.,0.,1.));
#1120 = PLANE('',#1121);
#1121 = AXIS2_PLACEMENT_3D('',#1122,#1123,#1124);
#1122 = CARTESIAN_POINT('',(-60.,-39.,0.));
#1123 = DIRECTION('',(-0.,1.,0.));
#1124 = DIRECTION('',(0.,0.,1.));
#1125 = ADVANCED_FACE('',(#1126),#1137,.T.);
#1126 = FACE_BOUND('',#1127,.T.);
#1127 = EDGE_LOOP('',(#1128,#1129,#1135,#1136));
#1128 = ORIENTED_EDGE('',*,*,#612,.F.);
#1129 = ORIENTED_EDGE('',*,*,#1130,.F.);
#1130 = EDGE_CURVE('',#111,#605,#1131,.T.);
#1131 = LINE('',#1132,#1133);
#1132 = CARTESIAN_POINT('',(-60.,39.,0.));
#1133 = VECTOR('',#1134,1.);
#1134 = DIRECTION('',(0.,0.,1.));
#1135 = ORIENTED_EDGE('',*,*,#110,.T.);
#1136 = ORIENTED_EDGE('',*,*,#1097,.T.);
#1137 = CYLINDRICAL_SURFACE('',#1138,4.);
#1138 = AXIS2_PLACEMENT_3D('',#1139,#1140,#1141);
#1139 = CARTESIAN_POINT('',(-60.,35.,0.));
#1140 = DIRECTION('',(0.,0.,1.));
#1141 = DIRECTION('',(1.,0.,-0.));
#1142 = ADVANCED_FACE('',(#1143),#1154,.T.);
#1143 = FACE_BOUND('',#1144,.T.);
#1144 = EDGE_LOOP('',(#1145,#1146,#1147,#1148));
#1145 = ORIENTED_EDGE('',*,*,#527,.F.);
#1146 = ORIENTED_EDGE('',*,*,#1115,.F.);
#1147 = ORIENTED_EDGE('',*,*,#203,.T.);
#1148 = ORIENTED_EDGE('',*,*,#1149,.T.);
#1149 = EDGE_CURVE('',#196,#528,#1150,.T.);
#1150 = LINE('',#1151,#1152);
#1151 = CARTESIAN_POINT('',(64.,-35.,0.));
#1152 = VECTOR('',#1153,1.);
#1153 = DIRECTION('',(0.,0.,1.));
#1154 = CYLINDRICAL_SURFACE('',#1155,4.);
#1155 = AXIS2_PLACEMENT_3D('',#1156,#1157,#1158);
#1156 = CARTESIAN_POINT('',(60.,-35.,0.));
#1157 = DIRECTION('',(0.,0.,1.));
#1158 = DIRECTION('',(1.,0.,-0.));
#1159 = ADVANCED_FACE('',(#1160),#1171,.T.);
#1160 = FACE_BOUND('',#1161,.T.);
#1161 = EDGE_LOOP('',(#1162,#1163,#1164,#1165));
#1162 = ORIENTED_EDGE('',*,*,#119,.F.);
#1163 = ORIENTED_EDGE('',*,*,#1130,.T.);
#1164 = ORIENTED_EDGE('',*,*,#604,.T.);
#1165 = ORIENTED_EDGE('',*,*,#1166,.F.);
#1166 = EDGE_CURVE('',#120,#596,#1167,.T.);
#1167 = LINE('',#1168,#1169);
#1168 = CARTESIAN_POINT('',(-50.,39.,0.));
#1169 = VECTOR('',#1170,1.);
#1170 = DIRECTION('',(0.,0.,1.));
#1171 = PLANE('',#1172);
#1172 = AXIS2_PLACEMENT_3D('',#1173,#1174,#1175);
#1173 = CARTESIAN_POINT('',(-60.,39.,0.));
#1174 = DIRECTION('',(-0.,1.,0.));
#1175 = DIRECTION('',(0.,0.,1.));
#1176 = ADVANCED_FACE('',(#1177),#1183,.T.);
#1177 = FACE_BOUND('',#1178,.T.);
#1178 = EDGE_LOOP('',(#1179,#1180,#1181,#1182));
#1179 = ORIENTED_EDGE('',*,*,#1149,.F.);
#1180 = ORIENTED_EDGE('',*,*,#195,.T.);
#1181 = ORIENTED_EDGE('',*,*,#492,.T.);
#1182 = ORIENTED_EDGE('',*,*,#536,.F.);
#1183 = PLANE('',#1184);
#1184 = AXIS2_PLACEMENT_3D('',#1185,#1186,#1187);
#1185 = CARTESIAN_POINT('',(64.,-35.,0.));
#1186 = DIRECTION('',(1.,0.,-0.));
#1187 = DIRECTION('',(0.,0.,1.));
#1188 = ADVANCED_FACE('',(#1189),#1200,.F.);
#1189 = FACE_BOUND('',#1190,.F.);
#1190 = EDGE_LOOP('',(#1191,#1197,#1198,#1199));
#1191 = ORIENTED_EDGE('',*,*,#1192,.T.);
#1192 = EDGE_CURVE('',#128,#588,#1193,.T.);
#1193 = LINE('',#1194,#1195);
#1194 = CARTESIAN_POINT('',(-46.,43.,0.));
#1195 = VECTOR('',#1196,1.);
#1196 = DIRECTION('',(0.,0.,1.));
#1197 = ORIENTED_EDGE('',*,*,#595,.F.);
#1198 = ORIENTED_EDGE('',*,*,#1166,.F.);
#1199 = ORIENTED_EDGE('',*,*,#127,.T.);
#1200 = CYLINDRICAL_SURFACE('',#1201,4.);
#1201 = AXIS2_PLACEMENT_3D('',#1202,#1203,#1204);
#1202 = CARTESIAN_POINT('',(-50.,43.,0.));
#1203 = DIRECTION('',(0.,0.,1.));
#1204 = DIRECTION('',(1.,0.,-0.));
#1205 = ADVANCED_FACE('',(#1206),#1217,.F.);
#1206 = FACE_BOUND('',#1207,.F.);
#1207 = EDGE_LOOP('',(#1208,#1209,#1210,#1216));
#1208 = ORIENTED_EDGE('',*,*,#1192,.F.);
#1209 = ORIENTED_EDGE('',*,*,#136,.T.);
#1210 = ORIENTED_EDGE('',*,*,#1211,.T.);
#1211 = EDGE_CURVE('',#137,#579,#1212,.T.);
#1212 = LINE('',#1213,#1214);
#1213 = CARTESIAN_POINT('',(-46.,55.,0.));
#1214 = VECTOR('',#1215,1.);
#1215 = DIRECTION('',(0.,0.,1.));
#1216 = ORIENTED_EDGE('',*,*,#587,.F.);
#1217 = PLANE('',#1218);
#1218 = AXIS2_PLACEMENT_3D('',#1219,#1220,#1221);
#1219 = CARTESIAN_POINT('',(-46.,43.,0.));
#1220 = DIRECTION('',(1.,0.,0.));
#1221 = DIRECTION('',(0.,0.,1.));
#1222 = ADVANCED_FACE('',(#1223),#1234,.T.);
#1223 = FACE_BOUND('',#1224,.T.);
#1224 = EDGE_LOOP('',(#1225,#1226,#1232,#1233));
#1225 = ORIENTED_EDGE('',*,*,#578,.F.);
#1226 = ORIENTED_EDGE('',*,*,#1227,.F.);
#1227 = EDGE_CURVE('',#145,#571,#1228,.T.);
#1228 = LINE('',#1229,#1230);
#1229 = CARTESIAN_POINT('',(-42.,59.,0.));
#1230 = VECTOR('',#1231,1.);
#1231 = DIRECTION('',(0.,0.,1.));
#1232 = ORIENTED_EDGE('',*,*,#144,.T.);
#1233 = ORIENTED_EDGE('',*,*,#1211,.T.);
#1234 = CYLINDRICAL_SURFACE('',#1235,4.);
#1235 = AXIS2_PLACEMENT_3D('',#1236,#1237,#1238);
#1236 = CARTESIAN_POINT('',(-42.,55.,0.));
#1237 = DIRECTION('',(0.,0.,1.));
#1238 = DIRECTION('',(1.,0.,0.));
#1239 = ADVANCED_FACE('',(#1240),#1251,.T.);
#1240 = FACE_BOUND('',#1241,.T.);
#1241 = EDGE_LOOP('',(#1242,#1243,#1244,#1245));
#1242 = ORIENTED_EDGE('',*,*,#153,.F.);
#1243 = ORIENTED_EDGE('',*,*,#1227,.T.);
#1244 = ORIENTED_EDGE('',*,*,#570,.T.);
#1245 = ORIENTED_EDGE('',*,*,#1246,.F.);
#1246 = EDGE_CURVE('',#154,#562,#1247,.T.);
#1247 = LINE('',#1248,#1249);
#1248 = CARTESIAN_POINT('',(42.,59.,0.));
#1249 = VECTOR('',#1250,1.);
#1250 = DIRECTION('',(0.,0.,1.));
#1251 = PLANE('',#1252);
#1252 = AXIS2_PLACEMENT_3D('',#1253,#1254,#1255);
#1253 = CARTESIAN_POINT('',(-42.,59.,0.));
#1254 = DIRECTION('',(0.,1.,0.));
#1255 = DIRECTION('',(0.,0.,1.));
#1256 = ADVANCED_FACE('',(#1257),#1268,.T.);
#1257 = FACE_BOUND('',#1258,.T.);
#1258 = EDGE_LOOP('',(#1259,#1260,#1261,#1267));
#1259 = ORIENTED_EDGE('',*,*,#1057,.F.);
#1260 = ORIENTED_EDGE('',*,*,#170,.T.);
#1261 = ORIENTED_EDGE('',*,*,#1262,.T.);
#1262 = EDGE_CURVE('',#162,#554,#1263,.T.);
#1263 = LINE('',#1264,#1265);
#1264 = CARTESIAN_POINT('',(46.,55.,0.));
#1265 = VECTOR('',#1266,1.);
#1266 = DIRECTION('',(0.,0.,1.));
#1267 = ORIENTED_EDGE('',*,*,#553,.F.);
#1268 = PLANE('',#1269);
#1269 = AXIS2_PLACEMENT_3D('',#1270,#1271,#1272);
#1270 = CARTESIAN_POINT('',(46.,43.,0.));
#1271 = DIRECTION('',(1.,0.,0.));
#1272 = DIRECTION('',(0.,0.,1.));
#1273 = ADVANCED_FACE('',(#1274),#1280,.T.);
#1274 = FACE_BOUND('',#1275,.T.);
#1275 = EDGE_LOOP('',(#1276,#1277,#1278,#1279));
#1276 = ORIENTED_EDGE('',*,*,#561,.F.);
#1277 = ORIENTED_EDGE('',*,*,#1262,.F.);
#1278 = ORIENTED_EDGE('',*,*,#161,.T.);
#1279 = ORIENTED_EDGE('',*,*,#1246,.T.);
#1280 = CYLINDRICAL_SURFACE('',#1281,4.);
#1281 = AXIS2_PLACEMENT_3D('',#1282,#1283,#1284);
#1282 = CARTESIAN_POINT('',(42.,55.,0.));
#1283 = DIRECTION('',(0.,0.,1.));
#1284 = DIRECTION('',(1.,0.,0.));
#1285 = ADVANCED_FACE('',(#1286),#1297,.F.);
#1286 = FACE_BOUND('',#1287,.F.);
#1287 = EDGE_LOOP('',(#1288,#1289,#1295,#1296));
#1288 = ORIENTED_EDGE('',*,*,#836,.F.);
#1289 = ORIENTED_EDGE('',*,*,#1290,.F.);
#1290 = EDGE_CURVE('',#221,#837,#1291,.T.);
#1291 = LINE('',#1292,#1293);
#1292 = CARTESIAN_POINT('',(60.7,-35.,-0.1));
#1293 = VECTOR('',#1294,1.);
#1294 = DIRECTION('',(0.,0.,1.));
#1295 = ORIENTED_EDGE('',*,*,#220,.T.);
#1296 = ORIENTED_EDGE('',*,*,#1290,.T.);
#1297 = CYLINDRICAL_SURFACE('',#1298,1.7);
#1298 = AXIS2_PLACEMENT_3D('',#1299,#1300,#1301);
#1299 = CARTESIAN_POINT('',(59.,-35.,-0.1));
#1300 = DIRECTION('',(0.,0.,1.));
#1301 = DIRECTION('',(1.,0.,-0.));
#1302 = ADVANCED_FACE('',(#1303),#1314,.F.);
#1303 = FACE_BOUND('',#1304,.F.);
#1304 = EDGE_LOOP('',(#1305,#1306,#1312,#1313));
#1305 = ORIENTED_EDGE('',*,*,#847,.F.);
#1306 = ORIENTED_EDGE('',*,*,#1307,.F.);
#1307 = EDGE_CURVE('',#232,#848,#1308,.T.);
#1308 = LINE('',#1309,#1310);
#1309 = CARTESIAN_POINT('',(60.7,-25.,-0.1));
#1310 = VECTOR('',#1311,1.);
#1311 = DIRECTION('',(0.,0.,1.));
#1312 = ORIENTED_EDGE('',*,*,#231,.T.);
#1313 = ORIENTED_EDGE('',*,*,#1307,.T.);
#1314 = CYLINDRICAL_SURFACE('',#1315,1.7);
#1315 = AXIS2_PLACEMENT_3D('',#1316,#1317,#1318);
#1316 = CARTESIAN_POINT('',(59.,-25.,-0.1));
#1317 = DIRECTION('',(0.,0.,1.));
#1318 = DIRECTION('',(1.,0.,-0.));
#1319 = ADVANCED_FACE('',(#1320),#1331,.F.);
#1320 = FACE_BOUND('',#1321,.F.);
#1321 = EDGE_LOOP('',(#1322,#1323,#1329,#1330));
#1322 = ORIENTED_EDGE('',*,*,#858,.F.);
#1323 = ORIENTED_EDGE('',*,*,#1324,.F.);
#1324 = EDGE_CURVE('',#243,#859,#1325,.T.);
#1325 = LINE('',#1326,#1327);
#1326 = CARTESIAN_POINT('',(60.7,-15.,-0.1));
#1327 = VECTOR('',#1328,1.);
#1328 = DIRECTION('',(0.,0.,1.));
#1329 = ORIENTED_EDGE('',*,*,#242,.T.);
#1330 = ORIENTED_EDGE('',*,*,#1324,.T.);
#1331 = CYLINDRICAL_SURFACE('',#1332,1.7);
#1332 = AXIS2_PLACEMENT_3D('',#1333,#1334,#1335);
#1333 = CARTESIAN_POINT('',(59.,-15.,-0.1));
#1334 = DIRECTION('',(0.,0.,1.));
#1335 = DIRECTION('',(1.,0.,-0.));
#1336 = ADVANCED_FACE('',(#1337),#1348,.F.);
#1337 = FACE_BOUND('',#1338,.F.);
#1338 = EDGE_LOOP('',(#1339,#1340,#1346,#1347));
#1339 = ORIENTED_EDGE('',*,*,#869,.F.);
#1340 = ORIENTED_EDGE('',*,*,#1341,.F.);
#1341 = EDGE_CURVE('',#254,#870,#1342,.T.);
#1342 = LINE('',#1343,#1344);
#1343 = CARTESIAN_POINT('',(60.7,-5.,-0.1));
#1344 = VECTOR('',#1345,1.);
#1345 = DIRECTION('',(0.,0.,1.));
#1346 = ORIENTED_EDGE('',*,*,#253,.T.);
#1347 = ORIENTED_EDGE('',*,*,#1341,.T.);
#1348 = CYLINDRICAL_SURFACE('',#1349,1.7);
#1349 = AXIS2_PLACEMENT_3D('',#1350,#1351,#1352);
#1350 = CARTESIAN_POINT('',(59.,-5.,-0.1));
#1351 = DIRECTION('',(0.,0.,1.));
#1352 = DIRECTION('',(1.,0.,-0.));
#1353 = ADVANCED_FACE('',(#1354),#1365,.F.);
#1354 = FACE_BOUND('',#1355,.F.);
#1355 = EDGE_LOOP('',(#1356,#1357,#1363,#1364));
#1356 = ORIENTED_EDGE('',*,*,#962,.F.);
#1357 = ORIENTED_EDGE('',*,*,#1358,.F.);
#1358 = EDGE_CURVE('',#265,#963,#1359,.T.);
#1359 = LINE('',#1360,#1361);
#1360 = CARTESIAN_POINT('',(60.7,5.,-0.1));
#1361 = VECTOR('',#1362,1.);
#1362 = DIRECTION('',(0.,0.,1.));
#1363 = ORIENTED_EDGE('',*,*,#264,.T.);
#1364 = ORIENTED_EDGE('',*,*,#1358,.T.);
#1365 = CYLINDRICAL_SURFACE('',#1366,1.7);
#1366 = AXIS2_PLACEMENT_3D('',#1367,#1368,#1369);
#1367 = CARTESIAN_POINT('',(59.,5.,-0.1));
#1368 = DIRECTION('',(0.,0.,1.));
#1369 = DIRECTION('',(1.,0.,-0.));
#1370 = ADVANCED_FACE('',(#1371),#1382,.F.);
#1371 = FACE_BOUND('',#1372,.F.);
#1372 = EDGE_LOOP('',(#1373,#1374,#1380,#1381));
#1373 = ORIENTED_EDGE('',*,*,#629,.F.);
#1374 = ORIENTED_EDGE('',*,*,#1375,.F.);
#1375 = EDGE_CURVE('',#276,#630,#1376,.T.);
#1376 = LINE('',#1377,#1378);
#1377 = CARTESIAN_POINT('',(-57.3,-35.,-0.1));
#1378 = VECTOR('',#1379,1.);
#1379 = DIRECTION('',(0.,0.,1.));
#1380 = ORIENTED_EDGE('',*,*,#275,.T.);
#1381 = ORIENTED_EDGE('',*,*,#1375,.T.);
#1382 = CYLINDRICAL_SURFACE('',#1383,1.7);
#1383 = AXIS2_PLACEMENT_3D('',#1384,#1385,#1386);
#1384 = CARTESIAN_POINT('',(-59.,-35.,-0.1));
#1385 = DIRECTION('',(0.,0.,1.));
#1386 = DIRECTION('',(1.,0.,-0.));
#1387 = ADVANCED_FACE('',(#1388),#1399,.F.);
#1388 = FACE_BOUND('',#1389,.F.);
#1389 = EDGE_LOOP('',(#1390,#1391,#1397,#1398));
#1390 = ORIENTED_EDGE('',*,*,#640,.F.);
#1391 = ORIENTED_EDGE('',*,*,#1392,.F.);
#1392 = EDGE_CURVE('',#287,#641,#1393,.T.);
#1393 = LINE('',#1394,#1395);
#1394 = CARTESIAN_POINT('',(-57.3,-25.,-0.1));
#1395 = VECTOR('',#1396,1.);
#1396 = DIRECTION('',(0.,0.,1.));
#1397 = ORIENTED_EDGE('',*,*,#286,.T.);
#1398 = ORIENTED_EDGE('',*,*,#1392,.T.);
#1399 = CYLINDRICAL_SURFACE('',#1400,1.7);
#1400 = AXIS2_PLACEMENT_3D('',#1401,#1402,#1403);
#1401 = CARTESIAN_POINT('',(-59.,-25.,-0.1));
#1402 = DIRECTION('',(0.,0.,1.));
#1403 = DIRECTION('',(1.,0.,-0.));
#1404 = ADVANCED_FACE('',(#1405),#1416,.F.);
#1405 = FACE_BOUND('',#1406,.F.);
#1406 = EDGE_LOOP('',(#1407,#1408,#1414,#1415));
#1407 = ORIENTED_EDGE('',*,*,#651,.F.);
#1408 = ORIENTED_EDGE('',*,*,#1409,.F.);
#1409 = EDGE_CURVE('',#298,#652,#1410,.T.);
#1410 = LINE('',#1411,#1412);
#1411 = CARTESIAN_POINT('',(-57.3,-15.,-0.1));
#1412 = VECTOR('',#1413,1.);
#1413 = DIRECTION('',(0.,0.,1.));
#1414 = ORIENTED_EDGE('',*,*,#297,.T.);
#1415 = ORIENTED_EDGE('',*,*,#1409,.T.);
#1416 = CYLINDRICAL_SURFACE('',#1417,1.7);
#1417 = AXIS2_PLACEMENT_3D('',#1418,#1419,#1420);
#1418 = CARTESIAN_POINT('',(-59.,-15.,-0.1));
#1419 = DIRECTION('',(0.,0.,1.));
#1420 = DIRECTION('',(1.,0.,-0.));
#1421 = ADVANCED_FACE('',(#1422),#1438,.F.);
#1422 = FACE_BOUND('',#1423,.F.);
#1423 = EDGE_LOOP('',(#1424,#1425,#1431,#1432));
#1424 = ORIENTED_EDGE('',*,*,#766,.F.);
#1425 = ORIENTED_EDGE('',*,*,#1426,.F.);
#1426 = EDGE_CURVE('',#309,#767,#1427,.T.);
#1427 = LINE('',#1428,#1429);
#1428 = CARTESIAN_POINT('',(-30.153,-10.67,-0.1));
#1429 = VECTOR('',#1430,1.);
#1430 = DIRECTION('',(0.,0.,1.));
#1431 = ORIENTED_EDGE('',*,*,#308,.T.);
#1432 = ORIENTED_EDGE('',*,*,#1433,.T.);
#1433 = EDGE_CURVE('',#311,#769,#1434,.T.);
#1434 = LINE('',#1435,#1436);
#1435 = CARTESIAN_POINT('',(-27.153,-13.67,-0.1));
#1436 = VECTOR('',#1437,1.);
#1437 = DIRECTION('',(0.,0.,1.));
#1438 = CYLINDRICAL_SURFACE('',#1439,3.);
#1439 = AXIS2_PLACEMENT_3D('',#1440,#1441,#1442);
#1440 = CARTESIAN_POINT('',(-27.153,-10.67,-0.1));
#1441 = DIRECTION('',(0.,0.,1.));
#1442 = DIRECTION('',(1.,0.,0.));
#1443 = ADVANCED_FACE('',(#1444),#1455,.T.);
#1444 = FACE_BOUND('',#1445,.T.);
#1445 = EDGE_LOOP('',(#1446,#1447,#1448,#1454));
#1446 = ORIENTED_EDGE('',*,*,#1426,.F.);
#1447 = ORIENTED_EDGE('',*,*,#370,.T.);
#1448 = ORIENTED_EDGE('',*,*,#1449,.T.);
#1449 = EDGE_CURVE('',#362,#778,#1450,.T.);
#1450 = LINE('',#1451,#1452);
#1451 = CARTESIAN_POINT('',(-30.153,24.33,-0.1));
#1452 = VECTOR('',#1453,1.);
#1453 = DIRECTION('',(0.,0.,1.));
#1454 = ORIENTED_EDGE('',*,*,#777,.F.);
#1455 = PLANE('',#1456);
#1456 = AXIS2_PLACEMENT_3D('',#1457,#1458,#1459);
#1457 = CARTESIAN_POINT('',(-30.153,-10.67,-0.1));
#1458 = DIRECTION('',(1.,0.,0.));
#1459 = DIRECTION('',(0.,0.,1.));
#1460 = ADVANCED_FACE('',(#1461),#1472,.T.);
#1461 = FACE_BOUND('',#1462,.T.);
#1462 = EDGE_LOOP('',(#1463,#1464,#1465,#1466));
#1463 = ORIENTED_EDGE('',*,*,#319,.T.);
#1464 = ORIENTED_EDGE('',*,*,#1433,.T.);
#1465 = ORIENTED_EDGE('',*,*,#828,.F.);
#1466 = ORIENTED_EDGE('',*,*,#1467,.F.);
#1467 = EDGE_CURVE('',#320,#820,#1468,.T.);
#1468 = LINE('',#1469,#1470);
#1469 = CARTESIAN_POINT('',(26.847,-13.67,-0.1));
#1470 = VECTOR('',#1471,1.);
#1471 = DIRECTION('',(0.,0.,1.));
#1472 = PLANE('',#1473);
#1473 = AXIS2_PLACEMENT_3D('',#1474,#1475,#1476);
#1474 = CARTESIAN_POINT('',(-27.153,-13.67,-0.1));
#1475 = DIRECTION('',(0.,1.,0.));
#1476 = DIRECTION('',(0.,0.,1.));
#1477 = ADVANCED_FACE('',(#1478),#1489,.F.);
#1478 = FACE_BOUND('',#1479,.F.);
#1479 = EDGE_LOOP('',(#1480,#1481,#1487,#1488));
#1480 = ORIENTED_EDGE('',*,*,#785,.F.);
#1481 = ORIENTED_EDGE('',*,*,#1482,.F.);
#1482 = EDGE_CURVE('',#354,#786,#1483,.T.);
#1483 = LINE('',#1484,#1485);
#1484 = CARTESIAN_POINT('',(-27.153,27.33,-0.1));
#1485 = VECTOR('',#1486,1.);
#1486 = DIRECTION('',(0.,0.,1.));
#1487 = ORIENTED_EDGE('',*,*,#361,.T.);
#1488 = ORIENTED_EDGE('',*,*,#1449,.T.);
#1489 = CYLINDRICAL_SURFACE('',#1490,3.);
#1490 = AXIS2_PLACEMENT_3D('',#1491,#1492,#1493);
#1491 = CARTESIAN_POINT('',(-27.153,24.33,-0.1));
#1492 = DIRECTION('',(0.,0.,1.));
#1493 = DIRECTION('',(1.,0.,0.));
#1494 = ADVANCED_FACE('',(#1495),#1506,.F.);
#1495 = FACE_BOUND('',#1496,.F.);
#1496 = EDGE_LOOP('',(#1497,#1498,#1499,#1500));
#1497 = ORIENTED_EDGE('',*,*,#819,.F.);
#1498 = ORIENTED_EDGE('',*,*,#1467,.F.);
#1499 = ORIENTED_EDGE('',*,*,#327,.T.);
#1500 = ORIENTED_EDGE('',*,*,#1501,.T.);
#1501 = EDGE_CURVE('',#328,#812,#1502,.T.);
#1502 = LINE('',#1503,#1504);
#1503 = CARTESIAN_POINT('',(29.847,-10.67,-0.1));
#1504 = VECTOR('',#1505,1.);
#1505 = DIRECTION('',(0.,0.,1.));
#1506 = CYLINDRICAL_SURFACE('',#1507,3.);
#1507 = AXIS2_PLACEMENT_3D('',#1508,#1509,#1510);
#1508 = CARTESIAN_POINT('',(26.847,-10.67,-0.1));
#1509 = DIRECTION('',(0.,0.,1.));
#1510 = DIRECTION('',(1.,0.,0.));
#1511 = ADVANCED_FACE('',(#1512),#1523,.F.);
#1512 = FACE_BOUND('',#1513,.F.);
#1513 = EDGE_LOOP('',(#1514,#1515,#1516,#1517));
#1514 = ORIENTED_EDGE('',*,*,#353,.T.);
#1515 = ORIENTED_EDGE('',*,*,#1482,.T.);
#1516 = ORIENTED_EDGE('',*,*,#794,.F.);
#1517 = ORIENTED_EDGE('',*,*,#1518,.F.);
#1518 = EDGE_CURVE('',#345,#795,#1519,.T.);
#1519 = LINE('',#1520,#1521);
#1520 = CARTESIAN_POINT('',(26.847,27.33,-0.1));
#1521 = VECTOR('',#1522,1.);
#1522 = DIRECTION('',(0.,0.,1.));
#1523 = PLANE('',#1524);
#1524 = AXIS2_PLACEMENT_3D('',#1525,#1526,#1527);
#1525 = CARTESIAN_POINT('',(-27.153,27.33,-0.1));
#1526 = DIRECTION('',(0.,1.,0.));
#1527 = DIRECTION('',(0.,0.,1.));
#1528 = ADVANCED_FACE('',(#1529),#1540,.F.);
#1529 = FACE_BOUND('',#1530,.F.);
#1530 = EDGE_LOOP('',(#1531,#1532,#1533,#1539));
#1531 = ORIENTED_EDGE('',*,*,#1501,.F.);
#1532 = ORIENTED_EDGE('',*,*,#336,.T.);
#1533 = ORIENTED_EDGE('',*,*,#1534,.T.);
#1534 = EDGE_CURVE('',#337,#803,#1535,.T.);
#1535 = LINE('',#1536,#1537);
#1536 = CARTESIAN_POINT('',(29.847,24.33,-0.1));
#1537 = VECTOR('',#1538,1.);
#1538 = DIRECTION('',(0.,0.,1.));
#1539 = ORIENTED_EDGE('',*,*,#811,.F.);
#1540 = PLANE('',#1541);
#1541 = AXIS2_PLACEMENT_3D('',#1542,#1543,#1544);
#1542 = CARTESIAN_POINT('',(29.847,-10.67,-0.1));
#1543 = DIRECTION('',(1.,0.,0.));
#1544 = DIRECTION('',(0.,0.,1.));
#1545 = ADVANCED_FACE('',(#1546),#1552,.F.);
#1546 = FACE_BOUND('',#1547,.F.);
#1547 = EDGE_LOOP('',(#1548,#1549,#1550,#1551));
#1548 = ORIENTED_EDGE('',*,*,#802,.F.);
#1549 = ORIENTED_EDGE('',*,*,#1534,.F.);
#1550 = ORIENTED_EDGE('',*,*,#344,.T.);
#1551 = ORIENTED_EDGE('',*,*,#1518,.T.);
#1552 = CYLINDRICAL_SURFACE('',#1553,3.);
#1553 = AXIS2_PLACEMENT_3D('',#1554,#1555,#1556);
#1554 = CARTESIAN_POINT('',(26.847,24.33,-0.1));
#1555 = DIRECTION('',(0.,0.,1.));
#1556 = DIRECTION('',(1.,0.,0.));
#1557 = ADVANCED_FACE('',(#1558),#1569,.F.);
#1558 = FACE_BOUND('',#1559,.F.);
#1559 = EDGE_LOOP('',(#1560,#1561,#1567,#1568));
#1560 = ORIENTED_EDGE('',*,*,#662,.F.);
#1561 = ORIENTED_EDGE('',*,*,#1562,.F.);
#1562 = EDGE_CURVE('',#379,#663,#1563,.T.);
#1563 = LINE('',#1564,#1565);
#1564 = CARTESIAN_POINT('',(-57.3,-5.,-0.1));
#1565 = VECTOR('',#1566,1.);
#1566 = DIRECTION('',(0.,0.,1.));
#1567 = ORIENTED_EDGE('',*,*,#378,.T.);
#1568 = ORIENTED_EDGE('',*,*,#1562,.T.);
#1569 = CYLINDRICAL_SURFACE('',#1570,1.7);
#1570 = AXIS2_PLACEMENT_3D('',#1571,#1572,#1573);
#1571 = CARTESIAN_POINT('',(-59.,-5.,-0.1));
#1572 = DIRECTION('',(0.,0.,1.));
#1573 = DIRECTION('',(1.,0.,-0.));
#1574 = ADVANCED_FACE('',(#1575),#1586,.F.);
#1575 = FACE_BOUND('',#1576,.F.);
#1576 = EDGE_LOOP('',(#1577,#1578,#1584,#1585));
#1577 = ORIENTED_EDGE('',*,*,#673,.F.);
#1578 = ORIENTED_EDGE('',*,*,#1579,.F.);
#1579 = EDGE_CURVE('',#390,#674,#1580,.T.);
#1580 = LINE('',#1581,#1582);
#1581 = CARTESIAN_POINT('',(-57.3,5.,-0.1));
#1582 = VECTOR('',#1583,1.);
#1583 = DIRECTION('',(0.,0.,1.));
#1584 = ORIENTED_EDGE('',*,*,#389,.T.);
#1585 = ORIENTED_EDGE('',*,*,#1579,.T.);
#1586 = CYLINDRICAL_SURFACE('',#1587,1.7);
#1587 = AXIS2_PLACEMENT_3D('',#1588,#1589,#1590);
#1588 = CARTESIAN_POINT('',(-59.,5.,-0.1));
#1589 = DIRECTION('',(0.,0.,1.));
#1590 = DIRECTION('',(1.,0.,-0.));
#1591 = ADVANCED_FACE('',(#1592),#1603,.F.);
#1592 = FACE_BOUND('',#1593,.F.);
#1593 = EDGE_LOOP('',(#1594,#1595,#1601,#1602));
#1594 = ORIENTED_EDGE('',*,*,#1006,.F.);
#1595 = ORIENTED_EDGE('',*,*,#1596,.F.);
#1596 = EDGE_CURVE('',#401,#1007,#1597,.T.);
#1597 = LINE('',#1598,#1599);
#1598 = CARTESIAN_POINT('',(60.7,15.,-0.1));
#1599 = VECTOR('',#1600,1.);
#1600 = DIRECTION('',(0.,0.,1.));
#1601 = ORIENTED_EDGE('',*,*,#400,.T.);
#1602 = ORIENTED_EDGE('',*,*,#1596,.T.);
#1603 = CYLINDRICAL_SURFACE('',#1604,1.7);
#1604 = AXIS2_PLACEMENT_3D('',#1605,#1606,#1607);
#1605 = CARTESIAN_POINT('',(59.,15.,-0.1));
#1606 = DIRECTION('',(0.,0.,1.));
#1607 = DIRECTION('',(1.,0.,-0.));
#1608 = ADVANCED_FACE('',(#1609),#1620,.F.);
#1609 = FACE_BOUND('',#1610,.F.);
#1610 = EDGE_LOOP('',(#1611,#1612,#1618,#1619));
#1611 = ORIENTED_EDGE('',*,*,#1017,.F.);
#1612 = ORIENTED_EDGE('',*,*,#1613,.F.);
#1613 = EDGE_CURVE('',#412,#1018,#1614,.T.);
#1614 = LINE('',#1615,#1616);
#1615 = CARTESIAN_POINT('',(60.7,25.,-0.1));
#1616 = VECTOR('',#1617,1.);
#1617 = DIRECTION('',(0.,0.,1.));
#1618 = ORIENTED_EDGE('',*,*,#411,.T.);
#1619 = ORIENTED_EDGE('',*,*,#1613,.T.);
#1620 = CYLINDRICAL_SURFACE('',#1621,1.7);
#1621 = AXIS2_PLACEMENT_3D('',#1622,#1623,#1624);
#1622 = CARTESIAN_POINT('',(59.,25.,-0.1));
#1623 = DIRECTION('',(0.,0.,1.));
#1624 = DIRECTION('',(1.,0.,-0.));
#1625 = ADVANCED_FACE('',(#1626),#1637,.F.);
#1626 = FACE_BOUND('',#1627,.F.);
#1627 = EDGE_LOOP('',(#1628,#1629,#1635,#1636));
#1628 = ORIENTED_EDGE('',*,*,#1039,.F.);
#1629 = ORIENTED_EDGE('',*,*,#1630,.F.);
#1630 = EDGE_CURVE('',#423,#1040,#1631,.T.);
#1631 = LINE('',#1632,#1633);
#1632 = CARTESIAN_POINT('',(60.7,35.,-0.1));
#1633 = VECTOR('',#1634,1.);
#1634 = DIRECTION('',(0.,0.,1.));
#1635 = ORIENTED_EDGE('',*,*,#422,.T.);
#1636 = ORIENTED_EDGE('',*,*,#1630,.T.);
#1637 = CYLINDRICAL_SURFACE('',#1638,1.7);
#1638 = AXIS2_PLACEMENT_3D('',#1639,#1640,#1641);
#1639 = CARTESIAN_POINT('',(59.,35.,-0.1));
#1640 = DIRECTION('',(0.,0.,1.));
#1641 = DIRECTION('',(1.,0.,-0.));
#1642 = ADVANCED_FACE('',(#1643),#1654,.F.);
#1643 = FACE_BOUND('',#1644,.F.);
#1644 = EDGE_LOOP('',(#1645,#1646,#1652,#1653));
#1645 = ORIENTED_EDGE('',*,*,#973,.F.);
#1646 = ORIENTED_EDGE('',*,*,#1647,.F.);
#1647 = EDGE_CURVE('',#434,#974,#1648,.T.);
#1648 = LINE('',#1649,#1650);
#1649 = CARTESIAN_POINT('',(-57.3,15.,-0.1));
#1650 = VECTOR('',#1651,1.);
#1651 = DIRECTION('',(0.,0.,1.));
#1652 = ORIENTED_EDGE('',*,*,#433,.T.);
#1653 = ORIENTED_EDGE('',*,*,#1647,.T.);
#1654 = CYLINDRICAL_SURFACE('',#1655,1.7);
#1655 = AXIS2_PLACEMENT_3D('',#1656,#1657,#1658);
#1656 = CARTESIAN_POINT('',(-59.,15.,-0.1));
#1657 = DIRECTION('',(0.,0.,1.));
#1658 = DIRECTION('',(1.,0.,-0.));
#1659 = ADVANCED_FACE('',(#1660),#1671,.F.);
#1660 = FACE_BOUND('',#1661,.F.);
#1661 = EDGE_LOOP('',(#1662,#1663,#1669,#1670));
#1662 = ORIENTED_EDGE('',*,*,#984,.F.);
#1663 = ORIENTED_EDGE('',*,*,#1664,.F.);
#1664 = EDGE_CURVE('',#445,#985,#1665,.T.);
#1665 = LINE('',#1666,#1667);
#1666 = CARTESIAN_POINT('',(-57.3,25.,-0.1));
#1667 = VECTOR('',#1668,1.);
#1668 = DIRECTION('',(0.,0.,1.));
#1669 = ORIENTED_EDGE('',*,*,#444,.T.);
#1670 = ORIENTED_EDGE('',*,*,#1664,.T.);
#1671 = CYLINDRICAL_SURFACE('',#1672,1.7);
#1672 = AXIS2_PLACEMENT_3D('',#1673,#1674,#1675);
#1673 = CARTESIAN_POINT('',(-59.,25.,-0.1));
#1674 = DIRECTION('',(0.,0.,1.));
#1675 = DIRECTION('',(1.,0.,-0.));
#1676 = ADVANCED_FACE('',(#1677),#1688,.F.);
#1677 = FACE_BOUND('',#1678,.F.);
#1678 = EDGE_LOOP('',(#1679,#1680,#1686,#1687));
#1679 = ORIENTED_EDGE('',*,*,#1028,.F.);
#1680 = ORIENTED_EDGE('',*,*,#1681,.F.);
#1681 = EDGE_CURVE('',#456,#1029,#1682,.T.);
#1682 = LINE('',#1683,#1684);
#1683 = CARTESIAN_POINT('',(3.4,49.,-0.1));
#1684 = VECTOR('',#1685,1.);
#1685 = DIRECTION('',(0.,0.,1.));
#1686 = ORIENTED_EDGE('',*,*,#455,.T.);
#1687 = ORIENTED_EDGE('',*,*,#1681,.T.);
#1688 = CYLINDRICAL_SURFACE('',#1689,3.4);
#1689 = AXIS2_PLACEMENT_3D('',#1690,#1691,#1692);
#1690 = CARTESIAN_POINT('',(0.,49.,-0.1));
#1691 = DIRECTION('',(0.,0.,1.));
#1692 = DIRECTION('',(1.,0.,-0.));
#1693 = ADVANCED_FACE('',(#1694),#1705,.F.);
#1694 = FACE_BOUND('',#1695,.F.);
#1695 = EDGE_LOOP('',(#1696,#1697,#1703,#1704));
#1696 = ORIENTED_EDGE('',*,*,#995,.F.);
#1697 = ORIENTED_EDGE('',*,*,#1698,.F.);
#1698 = EDGE_CURVE('',#467,#996,#1699,.T.);
#1699 = LINE('',#1700,#1701);
#1700 = CARTESIAN_POINT('',(-57.3,35.,-0.1));
#1701 = VECTOR('',#1702,1.);
#1702 = DIRECTION('',(0.,0.,1.));
#1703 = ORIENTED_EDGE('',*,*,#466,.T.);
#1704 = ORIENTED_EDGE('',*,*,#1698,.T.);
#1705 = CYLINDRICAL_SURFACE('',#1706,1.7);
#1706 = AXIS2_PLACEMENT_3D('',#1707,#1708,#1709);
#1707 = CARTESIAN_POINT('',(-59.,35.,-0.1));
#1708 = DIRECTION('',(0.,0.,1.));
#1709 = DIRECTION('',(1.,0.,-0.));
#1710 = ADVANCED_FACE('',(#1711),#1760,.T.);
#1711 = FACE_BOUND('',#1712,.T.);
#1712 = EDGE_LOOP('',(#1713,#1721,#1729,#1737,#1745,#1753,#1759));
#1713 = ORIENTED_EDGE('',*,*,#1714,.T.);
#1714 = EDGE_CURVE('',#687,#1715,#1717,.T.);
#1715 = VERTEX_POINT('',#1716);
#1716 = CARTESIAN_POINT('',(-34.9,-20.,14.));
#1717 = LINE('',#1718,#1719);
#1718 = CARTESIAN_POINT('',(-34.9,-20.,4.));
#1719 = VECTOR('',#1720,1.);
#1720 = DIRECTION('',(0.,0.,1.));
#1721 = ORIENTED_EDGE('',*,*,#1722,.F.);
#1722 = EDGE_CURVE('',#1723,#1715,#1725,.T.);
#1723 = VERTEX_POINT('',#1724);
#1724 = CARTESIAN_POINT('',(-37.9,-20.,14.));
#1725 = LINE('',#1726,#1727);
#1726 = CARTESIAN_POINT('',(-38.9,-20.,14.));
#1727 = VECTOR('',#1728,1.);
#1728 = DIRECTION('',(1.,0.,-0.));
#1729 = ORIENTED_EDGE('',*,*,#1730,.F.);
#1730 = EDGE_CURVE('',#1731,#1723,#1733,.T.);
#1731 = VERTEX_POINT('',#1732);
#1732 = CARTESIAN_POINT('',(-37.9,-20.,12.232678721406));
#1733 = LINE('',#1734,#1735);
#1734 = CARTESIAN_POINT('',(-37.9,-20.,16.674222914002));
#1735 = VECTOR('',#1736,1.);
#1736 = DIRECTION('',(0.,-0.,1.));
#1737 = ORIENTED_EDGE('',*,*,#1738,.T.);
#1738 = EDGE_CURVE('',#1731,#1739,#1741,.T.);
#1739 = VERTEX_POINT('',#1740);
#1740 = CARTESIAN_POINT('',(-38.9,-20.,12.232678721406));
#1741 = LINE('',#1742,#1743);
#1742 = CARTESIAN_POINT('',(-38.9,-20.,12.232678721406));
#1743 = VECTOR('',#1744,1.);
#1744 = DIRECTION('',(-1.,0.,-0.));
#1745 = ORIENTED_EDGE('',*,*,#1746,.F.);
#1746 = EDGE_CURVE('',#1747,#1739,#1749,.T.);
#1747 = VERTEX_POINT('',#1748);
#1748 = CARTESIAN_POINT('',(-38.9,-20.,10.));
#1749 = LINE('',#1750,#1751);
#1750 = CARTESIAN_POINT('',(-38.9,-20.,4.));
#1751 = VECTOR('',#1752,1.);
#1752 = DIRECTION('',(0.,0.,1.));
#1753 = ORIENTED_EDGE('',*,*,#1754,.F.);
#1754 = EDGE_CURVE('',#685,#1747,#1755,.T.);
#1755 = LINE('',#1756,#1757);
#1756 = CARTESIAN_POINT('',(-48.9,-20.,4.));
#1757 = VECTOR('',#1758,1.);
#1758 = DIRECTION('',(0.857492925713,0.,0.514495755428));
#1759 = ORIENTED_EDGE('',*,*,#684,.T.);
#1760 = PLANE('',#1761);
#1761 = AXIS2_PLACEMENT_3D('',#1762,#1763,#1764);
#1762 = CARTESIAN_POINT('',(-40.05758116992,-20.,7.555007377556));
#1763 = DIRECTION('',(-0.,-1.,-0.));
#1764 = DIRECTION('',(0.,0.,-1.));
#1765 = ADVANCED_FACE('',(#1766),#1784,.F.);
#1766 = FACE_BOUND('',#1767,.F.);
#1767 = EDGE_LOOP('',(#1768,#1769,#1777,#1783));
#1768 = ORIENTED_EDGE('',*,*,#694,.T.);
#1769 = ORIENTED_EDGE('',*,*,#1770,.T.);
#1770 = EDGE_CURVE('',#695,#1771,#1773,.T.);
#1771 = VERTEX_POINT('',#1772);
#1772 = CARTESIAN_POINT('',(-38.9,-12.,10.));
#1773 = LINE('',#1774,#1775);
#1774 = CARTESIAN_POINT('',(-48.9,-12.,4.));
#1775 = VECTOR('',#1776,1.);
#1776 = DIRECTION('',(0.857492925713,0.,0.514495755428));
#1777 = ORIENTED_EDGE('',*,*,#1778,.F.);
#1778 = EDGE_CURVE('',#1747,#1771,#1779,.T.);
#1779 = LINE('',#1780,#1781);
#1780 = CARTESIAN_POINT('',(-38.9,-20.,10.));
#1781 = VECTOR('',#1782,1.);
#1782 = DIRECTION('',(0.,1.,0.));
#1783 = ORIENTED_EDGE('',*,*,#1754,.F.);
#1784 = PLANE('',#1785);
#1785 = AXIS2_PLACEMENT_3D('',#1786,#1787,#1788);
#1786 = CARTESIAN_POINT('',(-48.9,-20.,4.));
#1787 = DIRECTION('',(0.514495755428,0.,-0.857492925713));
#1788 = DIRECTION('',(0.857492925713,0.,0.514495755428));
#1789 = ADVANCED_FACE('',(#1790,#1868,#1879),#1917,.T.);
#1790 = FACE_BOUND('',#1791,.T.);
#1791 = EDGE_LOOP('',(#1792,#1793,#1794,#1802,#1811,#1819,#1827,#1835,
    #1844,#1853,#1861));
#1792 = ORIENTED_EDGE('',*,*,#1714,.F.);
#1793 = ORIENTED_EDGE('',*,*,#758,.T.);
#1794 = ORIENTED_EDGE('',*,*,#1795,.T.);
#1795 = EDGE_CURVE('',#751,#1796,#1798,.T.);
#1796 = VERTEX_POINT('',#1797);
#1797 = CARTESIAN_POINT('',(-34.9,33.,8.));
#1798 = LINE('',#1799,#1800);
#1799 = CARTESIAN_POINT('',(-34.9,33.,4.));
#1800 = VECTOR('',#1801,1.);
#1801 = DIRECTION('',(0.,0.,1.));
#1802 = ORIENTED_EDGE('',*,*,#1803,.T.);
#1803 = EDGE_CURVE('',#1796,#1804,#1806,.T.);
#1804 = VERTEX_POINT('',#1805);
#1805 = CARTESIAN_POINT('',(-34.9,38.838576045578,12.6176));
#1806 = CIRCLE('',#1807,6.);
#1807 = AXIS2_PLACEMENT_3D('',#1808,#1809,#1810);
#1808 = CARTESIAN_POINT('',(-34.9,33.,14.));
#1809 = DIRECTION('',(1.,0.,0.));
#1810 = DIRECTION('',(-0.,0.,1.));
#1811 = ORIENTED_EDGE('',*,*,#1812,.T.);
#1812 = EDGE_CURVE('',#1804,#1813,#1815,.T.);
#1813 = VERTEX_POINT('',#1814);
#1814 = CARTESIAN_POINT('',(-34.9,38.7999,12.6176));
#1815 = LINE('',#1816,#1817);
#1816 = CARTESIAN_POINT('',(-34.9,22.432773127211,12.6176));
#1817 = VECTOR('',#1818,1.);
#1818 = DIRECTION('',(0.,-1.,0.));
#1819 = ORIENTED_EDGE('',*,*,#1820,.T.);
#1820 = EDGE_CURVE('',#1813,#1821,#1823,.T.);
#1821 = VERTEX_POINT('',#1822);
#1822 = CARTESIAN_POINT('',(-34.9,38.7999,15.3824));
#1823 = LINE('',#1824,#1825);
#1824 = CARTESIAN_POINT('',(-34.9,38.7999,17.226458568749));
#1825 = VECTOR('',#1826,1.);
#1826 = DIRECTION('',(0.,-0.,1.));
#1827 = ORIENTED_EDGE('',*,*,#1828,.F.);
#1828 = EDGE_CURVE('',#1829,#1821,#1831,.T.);
#1829 = VERTEX_POINT('',#1830);
#1830 = CARTESIAN_POINT('',(-34.9,38.838576045578,15.3824));
#1831 = LINE('',#1832,#1833);
#1832 = CARTESIAN_POINT('',(-34.9,22.432773127211,15.3824));
#1833 = VECTOR('',#1834,1.);
#1834 = DIRECTION('',(0.,-1.,0.));
#1835 = ORIENTED_EDGE('',*,*,#1836,.T.);
#1836 = EDGE_CURVE('',#1829,#1837,#1839,.T.);
#1837 = VERTEX_POINT('',#1838);
#1838 = CARTESIAN_POINT('',(-34.9,33.,20.));
#1839 = CIRCLE('',#1840,6.);
#1840 = AXIS2_PLACEMENT_3D('',#1841,#1842,#1843);
#1841 = CARTESIAN_POINT('',(-34.9,33.,14.));
#1842 = DIRECTION('',(1.,0.,0.));
#1843 = DIRECTION('',(-0.,0.,1.));
#1844 = ORIENTED_EDGE('',*,*,#1845,.T.);
#1845 = EDGE_CURVE('',#1837,#1846,#1848,.T.);
#1846 = VERTEX_POINT('',#1847);
#1847 = CARTESIAN_POINT('',(-34.9,29.076886768103,18.539733755377));
#1848 = CIRCLE('',#1849,6.);
#1849 = AXIS2_PLACEMENT_3D('',#1850,#1851,#1852);
#1850 = CARTESIAN_POINT('',(-34.9,33.,14.));
#1851 = DIRECTION('',(1.,0.,0.));
#1852 = DIRECTION('',(-0.,0.,1.));
#1853 = ORIENTED_EDGE('',*,*,#1854,.F.);
#1854 = EDGE_CURVE('',#1855,#1846,#1857,.T.);
#1855 = VERTEX_POINT('',#1856);
#1856 = CARTESIAN_POINT('',(-34.9,-1.65416688176,54.100981505833));
#1857 = LINE('',#1858,#1859);
#1858 = CARTESIAN_POINT('',(-34.9,-1.65416688176,54.100981505833));
#1859 = VECTOR('',#1860,1.);
#1860 = DIRECTION('',(0.,0.653852205316,-0.756622292563));
#1861 = ORIENTED_EDGE('',*,*,#1862,.F.);
#1862 = EDGE_CURVE('',#1715,#1855,#1863,.T.);
#1863 = CIRCLE('',#1864,53.);
#1864 = AXIS2_PLACEMENT_3D('',#1865,#1866,#1867);
#1865 = CARTESIAN_POINT('',(-34.9,33.,14.));
#1866 = DIRECTION('',(-1.,0.,0.));
#1867 = DIRECTION('',(-0.,-0.987227283376,-0.159318206614));
#1868 = FACE_BOUND('',#1869,.T.);
#1869 = EDGE_LOOP('',(#1870));
#1870 = ORIENTED_EDGE('',*,*,#1871,.F.);
#1871 = EDGE_CURVE('',#1872,#1872,#1874,.T.);
#1872 = VERTEX_POINT('',#1873);
#1873 = CARTESIAN_POINT('',(-34.9,33.,15.7));
#1874 = CIRCLE('',#1875,1.7);
#1875 = AXIS2_PLACEMENT_3D('',#1876,#1877,#1878);
#1876 = CARTESIAN_POINT('',(-34.9,33.,14.));
#1877 = DIRECTION('',(1.,0.,0.));
#1878 = DIRECTION('',(-0.,0.,1.));
#1879 = FACE_BOUND('',#1880,.T.);
#1880 = EDGE_LOOP('',(#1881,#1892,#1901,#1910));
#1881 = ORIENTED_EDGE('',*,*,#1882,.F.);
#1882 = EDGE_CURVE('',#1883,#1885,#1887,.T.);
#1883 = VERTEX_POINT('',#1884);
#1884 = CARTESIAN_POINT('',(-34.9,-13.67405795773,12.443621588924));
#1885 = VERTEX_POINT('',#1886);
#1886 = CARTESIAN_POINT('',(-34.9,-10.27594667172,12.556933935769));
#1887 = CIRCLE('',#1888,1.7);
#1888 = AXIS2_PLACEMENT_3D('',#1889,#1890,#1891);
#1889 = CARTESIAN_POINT('',(-34.9,-11.97500231472,12.500277762346));
#1890 = DIRECTION('',(1.,0.,0.));
#1891 = DIRECTION('',(-0.,0.,1.));
#1892 = ORIENTED_EDGE('',*,*,#1893,.T.);
#1893 = EDGE_CURVE('',#1883,#1894,#1896,.T.);
#1894 = VERTEX_POINT('',#1895);
#1895 = CARTESIAN_POINT('',(-34.9,-1.753981977709,45.193761182216));
#1896 = CIRCLE('',#1897,46.7);
#1897 = AXIS2_PLACEMENT_3D('',#1898,#1899,#1900);
#1898 = CARTESIAN_POINT('',(-34.9,33.,14.));
#1899 = DIRECTION('',(-1.,0.,0.));
#1900 = DIRECTION('',(-0.,-0.999444495883,-3.332716083675E-02));
#1901 = ORIENTED_EDGE('',*,*,#1902,.F.);
#1902 = EDGE_CURVE('',#1903,#1894,#1905,.T.);
#1903 = VERTEX_POINT('',#1904);
#1904 = CARTESIAN_POINT('',(-34.9,0.776286517456,42.9226950576));
#1905 = CIRCLE('',#1906,1.7);
#1906 = AXIS2_PLACEMENT_3D('',#1907,#1908,#1909);
#1907 = CARTESIAN_POINT('',(-34.9,-0.488847730126,44.058228119908));
#1908 = DIRECTION('',(1.,0.,0.));
#1909 = DIRECTION('',(-0.,0.,1.));
#1910 = ORIENTED_EDGE('',*,*,#1911,.F.);
#1911 = EDGE_CURVE('',#1885,#1903,#1912,.T.);
#1912 = CIRCLE('',#1913,43.3);
#1913 = AXIS2_PLACEMENT_3D('',#1914,#1915,#1916);
#1914 = CARTESIAN_POINT('',(-34.9,33.,14.));
#1915 = DIRECTION('',(-1.,-0.,0.));
#1916 = DIRECTION('',(0.,-0.744196616225,0.667960624887));
#1917 = PLANE('',#1918);
#1918 = AXIS2_PLACEMENT_3D('',#1919,#1920,#1921);
#1919 = CARTESIAN_POINT('',(-34.9,6.065646254421,21.835317137499));
#1920 = DIRECTION('',(1.,0.,0.));
#1921 = DIRECTION('',(-0.,0.,1.));
#1922 = ADVANCED_FACE('',(#1923),#1933,.T.);
#1923 = FACE_BOUND('',#1924,.T.);
#1924 = EDGE_LOOP('',(#1925,#1926,#1927));
#1925 = ORIENTED_EDGE('',*,*,#702,.T.);
#1926 = ORIENTED_EDGE('',*,*,#1770,.T.);
#1927 = ORIENTED_EDGE('',*,*,#1928,.T.);
#1928 = EDGE_CURVE('',#1771,#703,#1929,.T.);
#1929 = LINE('',#1930,#1931);
#1930 = CARTESIAN_POINT('',(-38.9,-12.,10.));
#1931 = VECTOR('',#1932,1.);
#1932 = DIRECTION('',(0.,0.,-1.));
#1933 = PLANE('',#1934);
#1934 = AXIS2_PLACEMENT_3D('',#1935,#1936,#1937);
#1935 = CARTESIAN_POINT('',(-42.81547594742,-12.,5.915475947423));
#1936 = DIRECTION('',(0.,1.,0.));
#1937 = DIRECTION('',(0.,-0.,1.));
#1938 = ADVANCED_FACE('',(#1939),#1957,.T.);
#1939 = FACE_BOUND('',#1940,.T.);
#1940 = EDGE_LOOP('',(#1941,#1942,#1943,#1951));
#1941 = ORIENTED_EDGE('',*,*,#1795,.F.);
#1942 = ORIENTED_EDGE('',*,*,#750,.F.);
#1943 = ORIENTED_EDGE('',*,*,#1944,.T.);
#1944 = EDGE_CURVE('',#743,#1945,#1947,.T.);
#1945 = VERTEX_POINT('',#1946);
#1946 = CARTESIAN_POINT('',(-38.9,33.,8.));
#1947 = LINE('',#1948,#1949);
#1948 = CARTESIAN_POINT('',(-38.9,33.,4.));
#1949 = VECTOR('',#1950,1.);
#1950 = DIRECTION('',(0.,0.,1.));
#1951 = ORIENTED_EDGE('',*,*,#1952,.T.);
#1952 = EDGE_CURVE('',#1945,#1796,#1953,.T.);
#1953 = LINE('',#1954,#1955);
#1954 = CARTESIAN_POINT('',(-38.9,33.,8.));
#1955 = VECTOR('',#1956,1.);
#1956 = DIRECTION('',(1.,0.,0.));
#1957 = PLANE('',#1958);
#1958 = AXIS2_PLACEMENT_3D('',#1959,#1960,#1961);
#1959 = CARTESIAN_POINT('',(-38.9,33.,4.));
#1960 = DIRECTION('',(-0.,1.,0.));
#1961 = DIRECTION('',(0.,0.,1.));
#1962 = ADVANCED_FACE('',(#1963,#2127),#2138,.T.);
#1963 = FACE_BOUND('',#1964,.T.);
#1964 = EDGE_LOOP('',(#1965,#1976,#1985,#1993,#2002,#2010,#2019,#2027,
    #2036,#2045,#2053,#2061,#2069,#2076,#2077,#2078,#2086,#2094,#2100,
    #2101,#2102,#2103,#2104,#2112,#2121));
#1965 = ORIENTED_EDGE('',*,*,#1966,.F.);
#1966 = EDGE_CURVE('',#1967,#1969,#1971,.T.);
#1967 = VERTEX_POINT('',#1968);
#1968 = CARTESIAN_POINT('',(-38.9,-6.,14.));
#1969 = VERTEX_POINT('',#1970);
#1970 = CARTESIAN_POINT('',(-38.9,-5.978335339432,12.700240727367));
#1971 = CIRCLE('',#1972,39.);
#1972 = AXIS2_PLACEMENT_3D('',#1973,#1974,#1975);
#1973 = CARTESIAN_POINT('',(-38.9,33.,14.));
#1974 = DIRECTION('',(1.,0.,0.));
#1975 = DIRECTION('',(0.,-0.744196616225,0.667960624887));
#1976 = ORIENTED_EDGE('',*,*,#1977,.F.);
#1977 = EDGE_CURVE('',#1978,#1967,#1980,.T.);
#1978 = VERTEX_POINT('',#1979);
#1979 = CARTESIAN_POINT('',(-38.9,3.976331967224,40.050464370587));
#1980 = CIRCLE('',#1981,39.);
#1981 = AXIS2_PLACEMENT_3D('',#1982,#1983,#1984);
#1982 = CARTESIAN_POINT('',(-38.9,33.,14.));
#1983 = DIRECTION('',(1.,0.,0.));
#1984 = DIRECTION('',(0.,-0.744196616225,0.667960624887));
#1985 = ORIENTED_EDGE('',*,*,#1986,.F.);
#1986 = EDGE_CURVE('',#1987,#1978,#1989,.T.);
#1987 = VERTEX_POINT('',#1988);
#1988 = CARTESIAN_POINT('',(-38.9,0.776286517456,42.9226950576));
#1989 = LINE('',#1990,#1991);
#1990 = CARTESIAN_POINT('',(-38.9,-6.516840321549,49.468709181491));
#1991 = VECTOR('',#1992,1.);
#1992 = DIRECTION('',(0.,0.744196616225,-0.667960624887));
#1993 = ORIENTED_EDGE('',*,*,#1994,.T.);
#1994 = EDGE_CURVE('',#1987,#1995,#1997,.T.);
#1995 = VERTEX_POINT('',#1996);
#1996 = CARTESIAN_POINT('',(-38.9,-1.753981977709,45.193761182216));
#1997 = CIRCLE('',#1998,1.7);
#1998 = AXIS2_PLACEMENT_3D('',#1999,#2000,#2001);
#1999 = CARTESIAN_POINT('',(-38.9,-0.488847730126,44.058228119908));
#2000 = DIRECTION('',(1.,0.,0.));
#2001 = DIRECTION('',(-0.,0.,1.));
#2002 = ORIENTED_EDGE('',*,*,#2003,.F.);
#2003 = EDGE_CURVE('',#2004,#1995,#2006,.T.);
#2004 = VERTEX_POINT('',#2005);
#2005 = CARTESIAN_POINT('',(-38.9,-6.442420659927,49.401913119002));
#2006 = LINE('',#2007,#2008);
#2007 = CARTESIAN_POINT('',(-38.9,-6.516840321549,49.468709181491));
#2008 = VECTOR('',#2009,1.);
#2009 = DIRECTION('',(0.,0.744196616225,-0.667960624887));
#2010 = ORIENTED_EDGE('',*,*,#2011,.T.);
#2011 = EDGE_CURVE('',#2004,#2012,#2014,.T.);
#2012 = VERTEX_POINT('',#2013);
#2013 = CARTESIAN_POINT('',(-38.9,-1.65416688176,54.100981505833));
#2014 = CIRCLE('',#2015,53.);
#2015 = AXIS2_PLACEMENT_3D('',#2016,#2017,#2018);
#2016 = CARTESIAN_POINT('',(-38.9,33.,14.));
#2017 = DIRECTION('',(-1.,0.,0.));
#2018 = DIRECTION('',(-0.,-0.987227283376,-0.159318206614));
#2019 = ORIENTED_EDGE('',*,*,#2020,.T.);
#2020 = EDGE_CURVE('',#2012,#2021,#2023,.T.);
#2021 = VERTEX_POINT('',#2022);
#2022 = CARTESIAN_POINT('',(-38.9,29.076886768103,18.539733755377));
#2023 = LINE('',#2024,#2025);
#2024 = CARTESIAN_POINT('',(-38.9,-1.65416688176,54.100981505833));
#2025 = VECTOR('',#2026,1.);
#2026 = DIRECTION('',(0.,0.653852205316,-0.756622292563));
#2027 = ORIENTED_EDGE('',*,*,#2028,.F.);
#2028 = EDGE_CURVE('',#2029,#2021,#2031,.T.);
#2029 = VERTEX_POINT('',#2030);
#2030 = CARTESIAN_POINT('',(-38.9,33.,20.));
#2031 = CIRCLE('',#2032,6.);
#2032 = AXIS2_PLACEMENT_3D('',#2033,#2034,#2035);
#2033 = CARTESIAN_POINT('',(-38.9,33.,14.));
#2034 = DIRECTION('',(1.,0.,0.));
#2035 = DIRECTION('',(-0.,0.,1.));
#2036 = ORIENTED_EDGE('',*,*,#2037,.F.);
#2037 = EDGE_CURVE('',#2038,#2029,#2040,.T.);
#2038 = VERTEX_POINT('',#2039);
#2039 = CARTESIAN_POINT('',(-38.9,38.838576045578,15.3824));
#2040 = CIRCLE('',#2041,6.);
#2041 = AXIS2_PLACEMENT_3D('',#2042,#2043,#2044);
#2042 = CARTESIAN_POINT('',(-38.9,33.,14.));
#2043 = DIRECTION('',(1.,0.,0.));
#2044 = DIRECTION('',(-0.,0.,1.));
#2045 = ORIENTED_EDGE('',*,*,#2046,.F.);
#2046 = EDGE_CURVE('',#2047,#2038,#2049,.T.);
#2047 = VERTEX_POINT('',#2048);
#2048 = CARTESIAN_POINT('',(-38.9,38.7999,15.3824));
#2049 = LINE('',#2050,#2051);
#2050 = CARTESIAN_POINT('',(-38.9,23.019576601579,15.3824));
#2051 = VECTOR('',#2052,1.);
#2052 = DIRECTION('',(0.,1.,0.));
#2053 = ORIENTED_EDGE('',*,*,#2054,.T.);
#2054 = EDGE_CURVE('',#2047,#2055,#2057,.T.);
#2055 = VERTEX_POINT('',#2056);
#2056 = CARTESIAN_POINT('',(-38.9,38.7999,12.6176));
#2057 = LINE('',#2058,#2059);
#2058 = CARTESIAN_POINT('',(-38.9,38.7999,17.102086387389));
#2059 = VECTOR('',#2060,1.);
#2060 = DIRECTION('',(0.,0.,-1.));
#2061 = ORIENTED_EDGE('',*,*,#2062,.T.);
#2062 = EDGE_CURVE('',#2055,#2063,#2065,.T.);
#2063 = VERTEX_POINT('',#2064);
#2064 = CARTESIAN_POINT('',(-38.9,38.838576045578,12.6176));
#2065 = LINE('',#2066,#2067);
#2066 = CARTESIAN_POINT('',(-38.9,23.019576601579,12.6176));
#2067 = VECTOR('',#2068,1.);
#2068 = DIRECTION('',(0.,1.,0.));
#2069 = ORIENTED_EDGE('',*,*,#2070,.F.);
#2070 = EDGE_CURVE('',#1945,#2063,#2071,.T.);
#2071 = CIRCLE('',#2072,6.);
#2072 = AXIS2_PLACEMENT_3D('',#2073,#2074,#2075);
#2073 = CARTESIAN_POINT('',(-38.9,33.,14.));
#2074 = DIRECTION('',(1.,0.,0.));
#2075 = DIRECTION('',(-0.,0.,1.));
#2076 = ORIENTED_EDGE('',*,*,#1944,.F.);
#2077 = ORIENTED_EDGE('',*,*,#742,.F.);
#2078 = ORIENTED_EDGE('',*,*,#2079,.F.);
#2079 = EDGE_CURVE('',#2080,#735,#2082,.T.);
#2080 = VERTEX_POINT('',#2081);
#2081 = CARTESIAN_POINT('',(-38.9,20.,10.));
#2082 = LINE('',#2083,#2084);
#2083 = CARTESIAN_POINT('',(-38.9,20.,10.));
#2084 = VECTOR('',#2085,1.);
#2085 = DIRECTION('',(0.,0.,-1.));
#2086 = ORIENTED_EDGE('',*,*,#2087,.F.);
#2087 = EDGE_CURVE('',#2088,#2080,#2090,.T.);
#2088 = VERTEX_POINT('',#2089);
#2089 = CARTESIAN_POINT('',(-38.9,12.,10.));
#2090 = LINE('',#2091,#2092);
#2091 = CARTESIAN_POINT('',(-38.9,12.,10.));
#2092 = VECTOR('',#2093,1.);
#2093 = DIRECTION('',(0.,1.,0.));
#2094 = ORIENTED_EDGE('',*,*,#2095,.T.);
#2095 = EDGE_CURVE('',#2088,#711,#2096,.T.);
#2096 = LINE('',#2097,#2098);
#2097 = CARTESIAN_POINT('',(-38.9,12.,10.));
#2098 = VECTOR('',#2099,1.);
#2099 = DIRECTION('',(0.,0.,-1.));
#2100 = ORIENTED_EDGE('',*,*,#710,.F.);
#2101 = ORIENTED_EDGE('',*,*,#1928,.F.);
#2102 = ORIENTED_EDGE('',*,*,#1778,.F.);
#2103 = ORIENTED_EDGE('',*,*,#1746,.T.);
#2104 = ORIENTED_EDGE('',*,*,#2105,.F.);
#2105 = EDGE_CURVE('',#2106,#1739,#2108,.T.);
#2106 = VERTEX_POINT('',#2107);
#2107 = CARTESIAN_POINT('',(-38.9,-13.67405795773,12.443621588924));
#2108 = LINE('',#2109,#2110);
#2109 = CARTESIAN_POINT('',(-38.9,-5.978335339432,12.700240727367));
#2110 = VECTOR('',#2111,1.);
#2111 = DIRECTION('',(0.,-0.999444495883,-3.332716083675E-02));
#2112 = ORIENTED_EDGE('',*,*,#2113,.T.);
#2113 = EDGE_CURVE('',#2106,#2114,#2116,.T.);
#2114 = VERTEX_POINT('',#2115);
#2115 = CARTESIAN_POINT('',(-38.9,-10.27594667172,12.556933935769));
#2116 = CIRCLE('',#2117,1.7);
#2117 = AXIS2_PLACEMENT_3D('',#2118,#2119,#2120);
#2118 = CARTESIAN_POINT('',(-38.9,-11.97500231472,12.500277762346));
#2119 = DIRECTION('',(1.,0.,0.));
#2120 = DIRECTION('',(-0.,0.,1.));
#2121 = ORIENTED_EDGE('',*,*,#2122,.F.);
#2122 = EDGE_CURVE('',#1969,#2114,#2123,.T.);
#2123 = LINE('',#2124,#2125);
#2124 = CARTESIAN_POINT('',(-38.9,-5.978335339432,12.700240727367));
#2125 = VECTOR('',#2126,1.);
#2126 = DIRECTION('',(0.,-0.999444495883,-3.332716083675E-02));
#2127 = FACE_BOUND('',#2128,.T.);
#2128 = EDGE_LOOP('',(#2129));
#2129 = ORIENTED_EDGE('',*,*,#2130,.T.);
#2130 = EDGE_CURVE('',#2131,#2131,#2133,.T.);
#2131 = VERTEX_POINT('',#2132);
#2132 = CARTESIAN_POINT('',(-38.9,33.,15.7));
#2133 = CIRCLE('',#2134,1.7);
#2134 = AXIS2_PLACEMENT_3D('',#2135,#2136,#2137);
#2135 = CARTESIAN_POINT('',(-38.9,33.,14.));
#2136 = DIRECTION('',(1.,0.,0.));
#2137 = DIRECTION('',(-0.,0.,1.));
#2138 = PLANE('',#2139);
#2139 = AXIS2_PLACEMENT_3D('',#2140,#2141,#2142);
#2140 = CARTESIAN_POINT('',(-38.9,7.239253203159,21.586572774778));
#2141 = DIRECTION('',(-1.,-0.,-0.));
#2142 = DIRECTION('',(0.,0.,-1.));
#2143 = ADVANCED_FACE('',(#2144),#2154,.F.);
#2144 = FACE_BOUND('',#2145,.F.);
#2145 = EDGE_LOOP('',(#2146,#2147,#2153));
#2146 = ORIENTED_EDGE('',*,*,#718,.T.);
#2147 = ORIENTED_EDGE('',*,*,#2148,.T.);
#2148 = EDGE_CURVE('',#719,#2088,#2149,.T.);
#2149 = LINE('',#2150,#2151);
#2150 = CARTESIAN_POINT('',(-48.9,12.,4.));
#2151 = VECTOR('',#2152,1.);
#2152 = DIRECTION('',(0.857492925713,0.,0.514495755428));
#2153 = ORIENTED_EDGE('',*,*,#2095,.T.);
#2154 = PLANE('',#2155);
#2155 = AXIS2_PLACEMENT_3D('',#2156,#2157,#2158);
#2156 = CARTESIAN_POINT('',(-42.81547594742,12.,5.915475947423));
#2157 = DIRECTION('',(0.,1.,0.));
#2158 = DIRECTION('',(0.,-0.,1.));
#2159 = ADVANCED_FACE('',(#2160),#2170,.T.);
#2160 = FACE_BOUND('',#2161,.T.);
#2161 = EDGE_LOOP('',(#2162,#2163,#2169));
#2162 = ORIENTED_EDGE('',*,*,#734,.T.);
#2163 = ORIENTED_EDGE('',*,*,#2164,.T.);
#2164 = EDGE_CURVE('',#727,#2080,#2165,.T.);
#2165 = LINE('',#2166,#2167);
#2166 = CARTESIAN_POINT('',(-48.9,20.,4.));
#2167 = VECTOR('',#2168,1.);
#2168 = DIRECTION('',(0.857492925713,0.,0.514495755428));
#2169 = ORIENTED_EDGE('',*,*,#2079,.T.);
#2170 = PLANE('',#2171);
#2171 = AXIS2_PLACEMENT_3D('',#2172,#2173,#2174);
#2172 = CARTESIAN_POINT('',(-42.81547594742,20.,5.915475947423));
#2173 = DIRECTION('',(0.,1.,0.));
#2174 = DIRECTION('',(0.,-0.,1.));
#2175 = ADVANCED_FACE('',(#2176),#2182,.F.);
#2176 = FACE_BOUND('',#2177,.F.);
#2177 = EDGE_LOOP('',(#2178,#2179,#2180,#2181));
#2178 = ORIENTED_EDGE('',*,*,#726,.T.);
#2179 = ORIENTED_EDGE('',*,*,#2164,.T.);
#2180 = ORIENTED_EDGE('',*,*,#2087,.F.);
#2181 = ORIENTED_EDGE('',*,*,#2148,.F.);
#2182 = PLANE('',#2183);
#2183 = AXIS2_PLACEMENT_3D('',#2184,#2185,#2186);
#2184 = CARTESIAN_POINT('',(-48.9,12.,4.));
#2185 = DIRECTION('',(0.514495755428,0.,-0.857492925713));
#2186 = DIRECTION('',(0.857492925713,0.,0.514495755428));
#2187 = ADVANCED_FACE('',(#2188,#2273,#2284),#2322,.T.);
#2188 = FACE_BOUND('',#2189,.T.);
#2189 = EDGE_LOOP('',(#2190,#2191,#2199,#2208,#2216,#2225,#2234,#2242,
    #2250,#2258,#2267));
#2190 = ORIENTED_EDGE('',*,*,#880,.F.);
#2191 = ORIENTED_EDGE('',*,*,#2192,.T.);
#2192 = EDGE_CURVE('',#881,#2193,#2195,.T.);
#2193 = VERTEX_POINT('',#2194);
#2194 = CARTESIAN_POINT('',(34.9,-20.,14.));
#2195 = LINE('',#2196,#2197);
#2196 = CARTESIAN_POINT('',(34.9,-20.,4.));
#2197 = VECTOR('',#2198,1.);
#2198 = DIRECTION('',(0.,0.,1.));
#2199 = ORIENTED_EDGE('',*,*,#2200,.T.);
#2200 = EDGE_CURVE('',#2193,#2201,#2203,.T.);
#2201 = VERTEX_POINT('',#2202);
#2202 = CARTESIAN_POINT('',(34.9,-1.65416688176,54.100981505833));
#2203 = CIRCLE('',#2204,53.);
#2204 = AXIS2_PLACEMENT_3D('',#2205,#2206,#2207);
#2205 = CARTESIAN_POINT('',(34.9,33.,14.));
#2206 = DIRECTION('',(-1.,0.,0.));
#2207 = DIRECTION('',(-0.,-0.987227283376,-0.159318206614));
#2208 = ORIENTED_EDGE('',*,*,#2209,.T.);
#2209 = EDGE_CURVE('',#2201,#2210,#2212,.T.);
#2210 = VERTEX_POINT('',#2211);
#2211 = CARTESIAN_POINT('',(34.9,29.076886768103,18.539733755377));
#2212 = LINE('',#2213,#2214);
#2213 = CARTESIAN_POINT('',(34.9,-1.65416688176,54.100981505833));
#2214 = VECTOR('',#2215,1.);
#2215 = DIRECTION('',(0.,0.653852205316,-0.756622292563));
#2216 = ORIENTED_EDGE('',*,*,#2217,.F.);
#2217 = EDGE_CURVE('',#2218,#2210,#2220,.T.);
#2218 = VERTEX_POINT('',#2219);
#2219 = CARTESIAN_POINT('',(34.9,33.,20.));
#2220 = CIRCLE('',#2221,6.);
#2221 = AXIS2_PLACEMENT_3D('',#2222,#2223,#2224);
#2222 = CARTESIAN_POINT('',(34.9,33.,14.));
#2223 = DIRECTION('',(1.,0.,0.));
#2224 = DIRECTION('',(-0.,0.,1.));
#2225 = ORIENTED_EDGE('',*,*,#2226,.F.);
#2226 = EDGE_CURVE('',#2227,#2218,#2229,.T.);
#2227 = VERTEX_POINT('',#2228);
#2228 = CARTESIAN_POINT('',(34.9,38.838576045578,15.3824));
#2229 = CIRCLE('',#2230,6.);
#2230 = AXIS2_PLACEMENT_3D('',#2231,#2232,#2233);
#2231 = CARTESIAN_POINT('',(34.9,33.,14.));
#2232 = DIRECTION('',(1.,0.,0.));
#2233 = DIRECTION('',(-0.,0.,1.));
#2234 = ORIENTED_EDGE('',*,*,#2235,.F.);
#2235 = EDGE_CURVE('',#2236,#2227,#2238,.T.);
#2236 = VERTEX_POINT('',#2237);
#2237 = CARTESIAN_POINT('',(34.9,38.7999,15.3824));
#2238 = LINE('',#2239,#2240);
#2239 = CARTESIAN_POINT('',(34.9,22.432773127211,15.3824));
#2240 = VECTOR('',#2241,1.);
#2241 = DIRECTION('',(0.,1.,0.));
#2242 = ORIENTED_EDGE('',*,*,#2243,.T.);
#2243 = EDGE_CURVE('',#2236,#2244,#2246,.T.);
#2244 = VERTEX_POINT('',#2245);
#2245 = CARTESIAN_POINT('',(34.9,38.7999,12.6176));
#2246 = LINE('',#2247,#2248);
#2247 = CARTESIAN_POINT('',(34.9,38.7999,17.226458568749));
#2248 = VECTOR('',#2249,1.);
#2249 = DIRECTION('',(0.,0.,-1.));
#2250 = ORIENTED_EDGE('',*,*,#2251,.T.);
#2251 = EDGE_CURVE('',#2244,#2252,#2254,.T.);
#2252 = VERTEX_POINT('',#2253);
#2253 = CARTESIAN_POINT('',(34.9,38.838576045578,12.6176));
#2254 = LINE('',#2255,#2256);
#2255 = CARTESIAN_POINT('',(34.9,22.432773127211,12.6176));
#2256 = VECTOR('',#2257,1.);
#2257 = DIRECTION('',(0.,1.,0.));
#2258 = ORIENTED_EDGE('',*,*,#2259,.F.);
#2259 = EDGE_CURVE('',#2260,#2252,#2262,.T.);
#2260 = VERTEX_POINT('',#2261);
#2261 = CARTESIAN_POINT('',(34.9,33.,8.));
#2262 = CIRCLE('',#2263,6.);
#2263 = AXIS2_PLACEMENT_3D('',#2264,#2265,#2266);
#2264 = CARTESIAN_POINT('',(34.9,33.,14.));
#2265 = DIRECTION('',(1.,0.,0.));
#2266 = DIRECTION('',(-0.,0.,1.));
#2267 = ORIENTED_EDGE('',*,*,#2268,.F.);
#2268 = EDGE_CURVE('',#883,#2260,#2269,.T.);
#2269 = LINE('',#2270,#2271);
#2270 = CARTESIAN_POINT('',(34.9,33.,4.));
#2271 = VECTOR('',#2272,1.);
#2272 = DIRECTION('',(0.,0.,1.));
#2273 = FACE_BOUND('',#2274,.T.);
#2274 = EDGE_LOOP('',(#2275));
#2275 = ORIENTED_EDGE('',*,*,#2276,.T.);
#2276 = EDGE_CURVE('',#2277,#2277,#2279,.T.);
#2277 = VERTEX_POINT('',#2278);
#2278 = CARTESIAN_POINT('',(34.9,33.,15.7));
#2279 = CIRCLE('',#2280,1.7);
#2280 = AXIS2_PLACEMENT_3D('',#2281,#2282,#2283);
#2281 = CARTESIAN_POINT('',(34.9,33.,14.));
#2282 = DIRECTION('',(1.,0.,0.));
#2283 = DIRECTION('',(-0.,0.,1.));
#2284 = FACE_BOUND('',#2285,.T.);
#2285 = EDGE_LOOP('',(#2286,#2297,#2306,#2315));
#2286 = ORIENTED_EDGE('',*,*,#2287,.F.);
#2287 = EDGE_CURVE('',#2288,#2290,#2292,.T.);
#2288 = VERTEX_POINT('',#2289);
#2289 = CARTESIAN_POINT('',(34.9,-13.67405795773,12.443621588924));
#2290 = VERTEX_POINT('',#2291);
#2291 = CARTESIAN_POINT('',(34.9,-1.753981977709,45.193761182216));
#2292 = CIRCLE('',#2293,46.7);
#2293 = AXIS2_PLACEMENT_3D('',#2294,#2295,#2296);
#2294 = CARTESIAN_POINT('',(34.9,33.,14.));
#2295 = DIRECTION('',(-1.,0.,0.));
#2296 = DIRECTION('',(-0.,-0.999444495883,-3.332716083675E-02));
#2297 = ORIENTED_EDGE('',*,*,#2298,.T.);
#2298 = EDGE_CURVE('',#2288,#2299,#2301,.T.);
#2299 = VERTEX_POINT('',#2300);
#2300 = CARTESIAN_POINT('',(34.9,-10.27594667172,12.556933935769));
#2301 = CIRCLE('',#2302,1.7);
#2302 = AXIS2_PLACEMENT_3D('',#2303,#2304,#2305);
#2303 = CARTESIAN_POINT('',(34.9,-11.97500231472,12.500277762346));
#2304 = DIRECTION('',(1.,0.,0.));
#2305 = DIRECTION('',(-0.,0.,1.));
#2306 = ORIENTED_EDGE('',*,*,#2307,.T.);
#2307 = EDGE_CURVE('',#2299,#2308,#2310,.T.);
#2308 = VERTEX_POINT('',#2309);
#2309 = CARTESIAN_POINT('',(34.9,0.776286517456,42.9226950576));
#2310 = CIRCLE('',#2311,43.3);
#2311 = AXIS2_PLACEMENT_3D('',#2312,#2313,#2314);
#2312 = CARTESIAN_POINT('',(34.9,33.,14.));
#2313 = DIRECTION('',(-1.,-0.,0.));
#2314 = DIRECTION('',(0.,-0.744196616225,0.667960624887));
#2315 = ORIENTED_EDGE('',*,*,#2316,.T.);
#2316 = EDGE_CURVE('',#2308,#2290,#2317,.T.);
#2317 = CIRCLE('',#2318,1.7);
#2318 = AXIS2_PLACEMENT_3D('',#2319,#2320,#2321);
#2319 = CARTESIAN_POINT('',(34.9,-0.488847730126,44.058228119908));
#2320 = DIRECTION('',(1.,0.,0.));
#2321 = DIRECTION('',(-0.,0.,1.));
#2322 = PLANE('',#2323);
#2323 = AXIS2_PLACEMENT_3D('',#2324,#2325,#2326);
#2324 = CARTESIAN_POINT('',(34.9,6.065646254421,21.835317137499));
#2325 = DIRECTION('',(-1.,-0.,-0.));
#2326 = DIRECTION('',(0.,0.,-1.));
#2327 = ADVANCED_FACE('',(#2328),#2370,.T.);
#2328 = FACE_BOUND('',#2329,.T.);
#2329 = EDGE_LOOP('',(#2330,#2340,#2348,#2356,#2362,#2363,#2364));
#2330 = ORIENTED_EDGE('',*,*,#2331,.T.);
#2331 = EDGE_CURVE('',#2332,#2334,#2336,.T.);
#2332 = VERTEX_POINT('',#2333);
#2333 = CARTESIAN_POINT('',(38.9,-20.,10.));
#2334 = VERTEX_POINT('',#2335);
#2335 = CARTESIAN_POINT('',(38.9,-20.,12.232678721406));
#2336 = LINE('',#2337,#2338);
#2337 = CARTESIAN_POINT('',(38.9,-20.,4.));
#2338 = VECTOR('',#2339,1.);
#2339 = DIRECTION('',(0.,0.,1.));
#2340 = ORIENTED_EDGE('',*,*,#2341,.T.);
#2341 = EDGE_CURVE('',#2334,#2342,#2344,.T.);
#2342 = VERTEX_POINT('',#2343);
#2343 = CARTESIAN_POINT('',(37.9,-20.,12.232678721406));
#2344 = LINE('',#2345,#2346);
#2345 = CARTESIAN_POINT('',(36.4,-20.,12.232678721406));
#2346 = VECTOR('',#2347,1.);
#2347 = DIRECTION('',(-1.,0.,-0.));
#2348 = ORIENTED_EDGE('',*,*,#2349,.T.);
#2349 = EDGE_CURVE('',#2342,#2350,#2352,.T.);
#2350 = VERTEX_POINT('',#2351);
#2351 = CARTESIAN_POINT('',(37.9,-20.,14.));
#2352 = LINE('',#2353,#2354);
#2353 = CARTESIAN_POINT('',(37.9,-20.,16.674222914002));
#2354 = VECTOR('',#2355,1.);
#2355 = DIRECTION('',(0.,-0.,1.));
#2356 = ORIENTED_EDGE('',*,*,#2357,.F.);
#2357 = EDGE_CURVE('',#2193,#2350,#2358,.T.);
#2358 = LINE('',#2359,#2360);
#2359 = CARTESIAN_POINT('',(34.9,-20.,14.));
#2360 = VECTOR('',#2361,1.);
#2361 = DIRECTION('',(1.,0.,-0.));
#2362 = ORIENTED_EDGE('',*,*,#2192,.F.);
#2363 = ORIENTED_EDGE('',*,*,#954,.T.);
#2364 = ORIENTED_EDGE('',*,*,#2365,.T.);
#2365 = EDGE_CURVE('',#947,#2332,#2366,.T.);
#2366 = LINE('',#2367,#2368);
#2367 = CARTESIAN_POINT('',(48.9,-20.,4.));
#2368 = VECTOR('',#2369,1.);
#2369 = DIRECTION('',(-0.857492925713,0.,0.514495755428));
#2370 = PLANE('',#2371);
#2371 = AXIS2_PLACEMENT_3D('',#2372,#2373,#2374);
#2372 = CARTESIAN_POINT('',(40.057581169921,-20.,7.555007377556));
#2373 = DIRECTION('',(-0.,-1.,-0.));
#2374 = DIRECTION('',(0.,0.,-1.));
#2375 = ADVANCED_FACE('',(#2376),#2394,.T.);
#2376 = FACE_BOUND('',#2377,.T.);
#2377 = EDGE_LOOP('',(#2378,#2386,#2387,#2388));
#2378 = ORIENTED_EDGE('',*,*,#2379,.F.);
#2379 = EDGE_CURVE('',#891,#2380,#2382,.T.);
#2380 = VERTEX_POINT('',#2381);
#2381 = CARTESIAN_POINT('',(38.9,33.,8.));
#2382 = LINE('',#2383,#2384);
#2383 = CARTESIAN_POINT('',(38.9,33.,4.));
#2384 = VECTOR('',#2385,1.);
#2385 = DIRECTION('',(0.,0.,1.));
#2386 = ORIENTED_EDGE('',*,*,#890,.F.);
#2387 = ORIENTED_EDGE('',*,*,#2268,.T.);
#2388 = ORIENTED_EDGE('',*,*,#2389,.T.);
#2389 = EDGE_CURVE('',#2260,#2380,#2390,.T.);
#2390 = LINE('',#2391,#2392);
#2391 = CARTESIAN_POINT('',(34.9,33.,8.));
#2392 = VECTOR('',#2393,1.);
#2393 = DIRECTION('',(1.,0.,0.));
#2394 = PLANE('',#2395);
#2395 = AXIS2_PLACEMENT_3D('',#2396,#2397,#2398);
#2396 = CARTESIAN_POINT('',(34.9,33.,4.));
#2397 = DIRECTION('',(-0.,1.,0.));
#2398 = DIRECTION('',(0.,0.,1.));
#2399 = ADVANCED_FACE('',(#2400),#2418,.T.);
#2400 = FACE_BOUND('',#2401,.T.);
#2401 = EDGE_LOOP('',(#2402,#2403,#2411,#2417));
#2402 = ORIENTED_EDGE('',*,*,#946,.T.);
#2403 = ORIENTED_EDGE('',*,*,#2404,.T.);
#2404 = EDGE_CURVE('',#939,#2405,#2407,.T.);
#2405 = VERTEX_POINT('',#2406);
#2406 = CARTESIAN_POINT('',(38.9,-12.,10.));
#2407 = LINE('',#2408,#2409);
#2408 = CARTESIAN_POINT('',(48.9,-12.,4.));
#2409 = VECTOR('',#2410,1.);
#2410 = DIRECTION('',(-0.857492925713,0.,0.514495755428));
#2411 = ORIENTED_EDGE('',*,*,#2412,.F.);
#2412 = EDGE_CURVE('',#2332,#2405,#2413,.T.);
#2413 = LINE('',#2414,#2415);
#2414 = CARTESIAN_POINT('',(38.9,-20.,10.));
#2415 = VECTOR('',#2416,1.);
#2416 = DIRECTION('',(0.,1.,0.));
#2417 = ORIENTED_EDGE('',*,*,#2365,.F.);
#2418 = PLANE('',#2419);
#2419 = AXIS2_PLACEMENT_3D('',#2420,#2421,#2422);
#2420 = CARTESIAN_POINT('',(48.9,-20.,4.));
#2421 = DIRECTION('',(0.514495755428,-0.,0.857492925713));
#2422 = DIRECTION('',(-0.857492925713,0.,0.514495755428));
#2423 = ADVANCED_FACE('',(#2424,#2560),#2571,.T.);
#2424 = FACE_BOUND('',#2425,.T.);
#2425 = EDGE_LOOP('',(#2426,#2427,#2428,#2434,#2435,#2443,#2451,#2457,
    #2458,#2459,#2468,#2477,#2485,#2494,#2502,#2511,#2519,#2528,#2537,
    #2545,#2554));
#2426 = ORIENTED_EDGE('',*,*,#2331,.F.);
#2427 = ORIENTED_EDGE('',*,*,#2412,.T.);
#2428 = ORIENTED_EDGE('',*,*,#2429,.T.);
#2429 = EDGE_CURVE('',#2405,#931,#2430,.T.);
#2430 = LINE('',#2431,#2432);
#2431 = CARTESIAN_POINT('',(38.9,-12.,10.));
#2432 = VECTOR('',#2433,1.);
#2433 = DIRECTION('',(0.,0.,-1.));
#2434 = ORIENTED_EDGE('',*,*,#930,.T.);
#2435 = ORIENTED_EDGE('',*,*,#2436,.F.);
#2436 = EDGE_CURVE('',#2437,#923,#2439,.T.);
#2437 = VERTEX_POINT('',#2438);
#2438 = CARTESIAN_POINT('',(38.9,12.,10.));
#2439 = LINE('',#2440,#2441);
#2440 = CARTESIAN_POINT('',(38.9,12.,10.));
#2441 = VECTOR('',#2442,1.);
#2442 = DIRECTION('',(0.,0.,-1.));
#2443 = ORIENTED_EDGE('',*,*,#2444,.T.);
#2444 = EDGE_CURVE('',#2437,#2445,#2447,.T.);
#2445 = VERTEX_POINT('',#2446);
#2446 = CARTESIAN_POINT('',(38.9,20.,10.));
#2447 = LINE('',#2448,#2449);
#2448 = CARTESIAN_POINT('',(38.9,12.,10.));
#2449 = VECTOR('',#2450,1.);
#2450 = DIRECTION('',(0.,1.,0.));
#2451 = ORIENTED_EDGE('',*,*,#2452,.T.);
#2452 = EDGE_CURVE('',#2445,#899,#2453,.T.);
#2453 = LINE('',#2454,#2455);
#2454 = CARTESIAN_POINT('',(38.9,20.,10.));
#2455 = VECTOR('',#2456,1.);
#2456 = DIRECTION('',(0.,0.,-1.));
#2457 = ORIENTED_EDGE('',*,*,#898,.T.);
#2458 = ORIENTED_EDGE('',*,*,#2379,.T.);
#2459 = ORIENTED_EDGE('',*,*,#2460,.T.);
#2460 = EDGE_CURVE('',#2380,#2461,#2463,.T.);
#2461 = VERTEX_POINT('',#2462);
#2462 = CARTESIAN_POINT('',(38.9,33.,20.));
#2463 = CIRCLE('',#2464,6.);
#2464 = AXIS2_PLACEMENT_3D('',#2465,#2466,#2467);
#2465 = CARTESIAN_POINT('',(38.9,33.,14.));
#2466 = DIRECTION('',(1.,0.,0.));
#2467 = DIRECTION('',(-0.,0.,1.));
#2468 = ORIENTED_EDGE('',*,*,#2469,.T.);
#2469 = EDGE_CURVE('',#2461,#2470,#2472,.T.);
#2470 = VERTEX_POINT('',#2471);
#2471 = CARTESIAN_POINT('',(38.9,29.076886768103,18.539733755377));
#2472 = CIRCLE('',#2473,6.);
#2473 = AXIS2_PLACEMENT_3D('',#2474,#2475,#2476);
#2474 = CARTESIAN_POINT('',(38.9,33.,14.));
#2475 = DIRECTION('',(1.,0.,0.));
#2476 = DIRECTION('',(-0.,0.,1.));
#2477 = ORIENTED_EDGE('',*,*,#2478,.F.);
#2478 = EDGE_CURVE('',#2479,#2470,#2481,.T.);
#2479 = VERTEX_POINT('',#2480);
#2480 = CARTESIAN_POINT('',(38.9,-1.65416688176,54.100981505833));
#2481 = LINE('',#2482,#2483);
#2482 = CARTESIAN_POINT('',(38.9,-1.65416688176,54.100981505833));
#2483 = VECTOR('',#2484,1.);
#2484 = DIRECTION('',(0.,0.653852205316,-0.756622292563));
#2485 = ORIENTED_EDGE('',*,*,#2486,.F.);
#2486 = EDGE_CURVE('',#2487,#2479,#2489,.T.);
#2487 = VERTEX_POINT('',#2488);
#2488 = CARTESIAN_POINT('',(38.9,-6.442420659927,49.401913119002));
#2489 = CIRCLE('',#2490,53.);
#2490 = AXIS2_PLACEMENT_3D('',#2491,#2492,#2493);
#2491 = CARTESIAN_POINT('',(38.9,33.,14.));
#2492 = DIRECTION('',(-1.,0.,0.));
#2493 = DIRECTION('',(-0.,-0.987227283376,-0.159318206614));
#2494 = ORIENTED_EDGE('',*,*,#2495,.T.);
#2495 = EDGE_CURVE('',#2487,#2496,#2498,.T.);
#2496 = VERTEX_POINT('',#2497);
#2497 = CARTESIAN_POINT('',(38.9,-1.753981977709,45.193761182216));
#2498 = LINE('',#2499,#2500);
#2499 = CARTESIAN_POINT('',(38.9,-6.516840321549,49.468709181491));
#2500 = VECTOR('',#2501,1.);
#2501 = DIRECTION('',(0.,0.744196616225,-0.667960624887));
#2502 = ORIENTED_EDGE('',*,*,#2503,.F.);
#2503 = EDGE_CURVE('',#2504,#2496,#2506,.T.);
#2504 = VERTEX_POINT('',#2505);
#2505 = CARTESIAN_POINT('',(38.9,0.776286517456,42.9226950576));
#2506 = CIRCLE('',#2507,1.7);
#2507 = AXIS2_PLACEMENT_3D('',#2508,#2509,#2510);
#2508 = CARTESIAN_POINT('',(38.9,-0.488847730126,44.058228119908));
#2509 = DIRECTION('',(1.,0.,0.));
#2510 = DIRECTION('',(-0.,0.,1.));
#2511 = ORIENTED_EDGE('',*,*,#2512,.T.);
#2512 = EDGE_CURVE('',#2504,#2513,#2515,.T.);
#2513 = VERTEX_POINT('',#2514);
#2514 = CARTESIAN_POINT('',(38.9,3.976331967224,40.050464370587));
#2515 = LINE('',#2516,#2517);
#2516 = CARTESIAN_POINT('',(38.9,-6.516840321549,49.468709181491));
#2517 = VECTOR('',#2518,1.);
#2518 = DIRECTION('',(0.,0.744196616225,-0.667960624887));
#2519 = ORIENTED_EDGE('',*,*,#2520,.T.);
#2520 = EDGE_CURVE('',#2513,#2521,#2523,.T.);
#2521 = VERTEX_POINT('',#2522);
#2522 = CARTESIAN_POINT('',(38.9,-6.,14.));
#2523 = CIRCLE('',#2524,39.);
#2524 = AXIS2_PLACEMENT_3D('',#2525,#2526,#2527);
#2525 = CARTESIAN_POINT('',(38.9,33.,14.));
#2526 = DIRECTION('',(1.,0.,0.));
#2527 = DIRECTION('',(0.,-0.744196616225,0.667960624887));
#2528 = ORIENTED_EDGE('',*,*,#2529,.T.);
#2529 = EDGE_CURVE('',#2521,#2530,#2532,.T.);
#2530 = VERTEX_POINT('',#2531);
#2531 = CARTESIAN_POINT('',(38.9,-5.978335339432,12.700240727367));
#2532 = CIRCLE('',#2533,39.);
#2533 = AXIS2_PLACEMENT_3D('',#2534,#2535,#2536);
#2534 = CARTESIAN_POINT('',(38.9,33.,14.));
#2535 = DIRECTION('',(1.,0.,0.));
#2536 = DIRECTION('',(0.,-0.744196616225,0.667960624887));
#2537 = ORIENTED_EDGE('',*,*,#2538,.T.);
#2538 = EDGE_CURVE('',#2530,#2539,#2541,.T.);
#2539 = VERTEX_POINT('',#2540);
#2540 = CARTESIAN_POINT('',(38.9,-10.27594667172,12.556933935769));
#2541 = LINE('',#2542,#2543);
#2542 = CARTESIAN_POINT('',(38.9,-5.978335339432,12.700240727367));
#2543 = VECTOR('',#2544,1.);
#2544 = DIRECTION('',(0.,-0.999444495883,-3.332716083675E-02));
#2545 = ORIENTED_EDGE('',*,*,#2546,.F.);
#2546 = EDGE_CURVE('',#2547,#2539,#2549,.T.);
#2547 = VERTEX_POINT('',#2548);
#2548 = CARTESIAN_POINT('',(38.9,-13.67405795773,12.443621588924));
#2549 = CIRCLE('',#2550,1.7);
#2550 = AXIS2_PLACEMENT_3D('',#2551,#2552,#2553);
#2551 = CARTESIAN_POINT('',(38.9,-11.97500231472,12.500277762346));
#2552 = DIRECTION('',(1.,0.,0.));
#2553 = DIRECTION('',(-0.,0.,1.));
#2554 = ORIENTED_EDGE('',*,*,#2555,.T.);
#2555 = EDGE_CURVE('',#2547,#2334,#2556,.T.);
#2556 = LINE('',#2557,#2558);
#2557 = CARTESIAN_POINT('',(38.9,-5.978335339432,12.700240727367));
#2558 = VECTOR('',#2559,1.);
#2559 = DIRECTION('',(0.,-0.999444495883,-3.332716083675E-02));
#2560 = FACE_BOUND('',#2561,.T.);
#2561 = EDGE_LOOP('',(#2562));
#2562 = ORIENTED_EDGE('',*,*,#2563,.F.);
#2563 = EDGE_CURVE('',#2564,#2564,#2566,.T.);
#2564 = VERTEX_POINT('',#2565);
#2565 = CARTESIAN_POINT('',(38.9,33.,15.7));
#2566 = CIRCLE('',#2567,1.7);
#2567 = AXIS2_PLACEMENT_3D('',#2568,#2569,#2570);
#2568 = CARTESIAN_POINT('',(38.9,33.,14.));
#2569 = DIRECTION('',(1.,0.,0.));
#2570 = DIRECTION('',(-0.,0.,1.));
#2571 = PLANE('',#2572);
#2572 = AXIS2_PLACEMENT_3D('',#2573,#2574,#2575);
#2573 = CARTESIAN_POINT('',(38.9,7.239253203159,21.586572774778));
#2574 = DIRECTION('',(1.,0.,0.));
#2575 = DIRECTION('',(-0.,0.,1.));
#2576 = ADVANCED_FACE('',(#2577),#2582,.F.);
#2577 = FACE_BOUND('',#2578,.F.);
#2578 = EDGE_LOOP('',(#2579,#2580,#2581));
#2579 = ORIENTED_EDGE('',*,*,#938,.T.);
#2580 = ORIENTED_EDGE('',*,*,#2404,.T.);
#2581 = ORIENTED_EDGE('',*,*,#2429,.T.);
#2582 = PLANE('',#2583);
#2583 = AXIS2_PLACEMENT_3D('',#2584,#2585,#2586);
#2584 = CARTESIAN_POINT('',(42.815475947423,-12.,5.915475947423));
#2585 = DIRECTION('',(-0.,-1.,-0.));
#2586 = DIRECTION('',(0.,0.,-1.));
#2587 = ADVANCED_FACE('',(#2588),#2598,.F.);
#2588 = FACE_BOUND('',#2589,.F.);
#2589 = EDGE_LOOP('',(#2590,#2591,#2597));
#2590 = ORIENTED_EDGE('',*,*,#906,.T.);
#2591 = ORIENTED_EDGE('',*,*,#2592,.T.);
#2592 = EDGE_CURVE('',#907,#2445,#2593,.T.);
#2593 = LINE('',#2594,#2595);
#2594 = CARTESIAN_POINT('',(48.9,20.,4.));
#2595 = VECTOR('',#2596,1.);
#2596 = DIRECTION('',(-0.857492925713,0.,0.514495755428));
#2597 = ORIENTED_EDGE('',*,*,#2452,.T.);
#2598 = PLANE('',#2599);
#2599 = AXIS2_PLACEMENT_3D('',#2600,#2601,#2602);
#2600 = CARTESIAN_POINT('',(42.815475947423,20.,5.915475947423));
#2601 = DIRECTION('',(-0.,-1.,-0.));
#2602 = DIRECTION('',(0.,0.,-1.));
#2603 = ADVANCED_FACE('',(#2604),#2615,.T.);
#2604 = FACE_BOUND('',#2605,.T.);
#2605 = EDGE_LOOP('',(#2606,#2607,#2608,#2609));
#2606 = ORIENTED_EDGE('',*,*,#914,.T.);
#2607 = ORIENTED_EDGE('',*,*,#2592,.T.);
#2608 = ORIENTED_EDGE('',*,*,#2444,.F.);
#2609 = ORIENTED_EDGE('',*,*,#2610,.F.);
#2610 = EDGE_CURVE('',#915,#2437,#2611,.T.);
#2611 = LINE('',#2612,#2613);
#2612 = CARTESIAN_POINT('',(48.9,12.,4.));
#2613 = VECTOR('',#2614,1.);
#2614 = DIRECTION('',(-0.857492925713,0.,0.514495755428));
#2615 = PLANE('',#2616);
#2616 = AXIS2_PLACEMENT_3D('',#2617,#2618,#2619);
#2617 = CARTESIAN_POINT('',(48.9,12.,4.));
#2618 = DIRECTION('',(0.514495755428,-0.,0.857492925713));
#2619 = DIRECTION('',(-0.857492925713,0.,0.514495755428));
#2620 = ADVANCED_FACE('',(#2621),#2626,.T.);
#2621 = FACE_BOUND('',#2622,.T.);
#2622 = EDGE_LOOP('',(#2623,#2624,#2625));
#2623 = ORIENTED_EDGE('',*,*,#922,.T.);
#2624 = ORIENTED_EDGE('',*,*,#2610,.T.);
#2625 = ORIENTED_EDGE('',*,*,#2436,.T.);
#2626 = PLANE('',#2627);
#2627 = AXIS2_PLACEMENT_3D('',#2628,#2629,#2630);
#2628 = CARTESIAN_POINT('',(42.815475947423,12.,5.915475947423));
#2629 = DIRECTION('',(-0.,-1.,-0.));
#2630 = DIRECTION('',(0.,0.,-1.));
#2631 = ADVANCED_FACE('',(#2632),#2658,.T.);
#2632 = FACE_BOUND('',#2633,.T.);
#2633 = EDGE_LOOP('',(#2634,#2635,#2643,#2650,#2651,#2652));
#2634 = ORIENTED_EDGE('',*,*,#2011,.F.);
#2635 = ORIENTED_EDGE('',*,*,#2636,.F.);
#2636 = EDGE_CURVE('',#2637,#2004,#2639,.T.);
#2637 = VERTEX_POINT('',#2638);
#2638 = CARTESIAN_POINT('',(-37.9,-6.442420659926,49.401913119003));
#2639 = LINE('',#2640,#2641);
#2640 = CARTESIAN_POINT('',(-38.9,-6.442420659926,49.401913119003));
#2641 = VECTOR('',#2642,1.);
#2642 = DIRECTION('',(-1.,0.,0.));
#2643 = ORIENTED_EDGE('',*,*,#2644,.F.);
#2644 = EDGE_CURVE('',#1723,#2637,#2645,.T.);
#2645 = CIRCLE('',#2646,53.);
#2646 = AXIS2_PLACEMENT_3D('',#2647,#2648,#2649);
#2647 = CARTESIAN_POINT('',(-37.9,33.,14.));
#2648 = DIRECTION('',(-1.,0.,0.));
#2649 = DIRECTION('',(-0.,-0.987227283376,-0.159318206614));
#2650 = ORIENTED_EDGE('',*,*,#1722,.T.);
#2651 = ORIENTED_EDGE('',*,*,#1862,.T.);
#2652 = ORIENTED_EDGE('',*,*,#2653,.F.);
#2653 = EDGE_CURVE('',#2012,#1855,#2654,.T.);
#2654 = LINE('',#2655,#2656);
#2655 = CARTESIAN_POINT('',(-38.9,-1.65416688176,54.100981505833));
#2656 = VECTOR('',#2657,1.);
#2657 = DIRECTION('',(1.,0.,0.));
#2658 = CYLINDRICAL_SURFACE('',#2659,53.);
#2659 = AXIS2_PLACEMENT_3D('',#2660,#2661,#2662);
#2660 = CARTESIAN_POINT('',(-38.9,33.,14.));
#2661 = DIRECTION('',(-1.,0.,0.));
#2662 = DIRECTION('',(-0.,-0.987227283376,-0.159318206614));
#2663 = ADVANCED_FACE('',(#2664),#2691,.T.);
#2664 = FACE_BOUND('',#2665,.T.);
#2665 = EDGE_LOOP('',(#2666,#2677,#2683,#2684,#2685));
#2666 = ORIENTED_EDGE('',*,*,#2667,.F.);
#2667 = EDGE_CURVE('',#2668,#2670,#2672,.T.);
#2668 = VERTEX_POINT('',#2669);
#2669 = CARTESIAN_POINT('',(-37.9,-13.67405795773,12.443621588924));
#2670 = VERTEX_POINT('',#2671);
#2671 = CARTESIAN_POINT('',(-37.9,-1.753981977709,45.193761182216));
#2672 = CIRCLE('',#2673,46.7);
#2673 = AXIS2_PLACEMENT_3D('',#2674,#2675,#2676);
#2674 = CARTESIAN_POINT('',(-37.9,33.,14.));
#2675 = DIRECTION('',(-1.,0.,0.));
#2676 = DIRECTION('',(-0.,-0.999444495883,-3.332716083675E-02));
#2677 = ORIENTED_EDGE('',*,*,#2678,.T.);
#2678 = EDGE_CURVE('',#2668,#1731,#2679,.T.);
#2679 = LINE('',#2680,#2681);
#2680 = CARTESIAN_POINT('',(-37.9,-5.978335339432,12.700240727367));
#2681 = VECTOR('',#2682,1.);
#2682 = DIRECTION('',(0.,-0.999444495883,-3.332716083675E-02));
#2683 = ORIENTED_EDGE('',*,*,#1730,.T.);
#2684 = ORIENTED_EDGE('',*,*,#2644,.T.);
#2685 = ORIENTED_EDGE('',*,*,#2686,.T.);
#2686 = EDGE_CURVE('',#2637,#2670,#2687,.T.);
#2687 = LINE('',#2688,#2689);
#2688 = CARTESIAN_POINT('',(-37.9,-6.516840321549,49.468709181491));
#2689 = VECTOR('',#2690,1.);
#2690 = DIRECTION('',(0.,0.744196616225,-0.667960624887));
#2691 = PLANE('',#2692);
#2692 = AXIS2_PLACEMENT_3D('',#2693,#2694,#2695);
#2693 = CARTESIAN_POINT('',(-37.9,-9.169508336162,29.348445828004));
#2694 = DIRECTION('',(-1.,-0.,-0.));
#2695 = DIRECTION('',(0.,0.,-1.));
#2696 = ADVANCED_FACE('',(#2697),#2708,.F.);
#2697 = FACE_BOUND('',#2698,.F.);
#2698 = EDGE_LOOP('',(#2699,#2700,#2706,#2707));
#2699 = ORIENTED_EDGE('',*,*,#2105,.F.);
#2700 = ORIENTED_EDGE('',*,*,#2701,.T.);
#2701 = EDGE_CURVE('',#2106,#2668,#2702,.T.);
#2702 = LINE('',#2703,#2704);
#2703 = CARTESIAN_POINT('',(-39.9,-13.67405795773,12.443621588924));
#2704 = VECTOR('',#2705,1.);
#2705 = DIRECTION('',(1.,0.,0.));
#2706 = ORIENTED_EDGE('',*,*,#2678,.T.);
#2707 = ORIENTED_EDGE('',*,*,#1738,.T.);
#2708 = PLANE('',#2709);
#2709 = AXIS2_PLACEMENT_3D('',#2710,#2711,#2712);
#2710 = CARTESIAN_POINT('',(-38.9,-5.978335339432,12.700240727367));
#2711 = DIRECTION('',(0.,3.332716083675E-02,-0.999444495883));
#2712 = DIRECTION('',(0.,-0.999444495883,-3.332716083675E-02));
#2713 = ADVANCED_FACE('',(#2714),#2725,.T.);
#2714 = FACE_BOUND('',#2715,.T.);
#2715 = EDGE_LOOP('',(#2716,#2717,#2718,#2719));
#2716 = ORIENTED_EDGE('',*,*,#2020,.F.);
#2717 = ORIENTED_EDGE('',*,*,#2653,.T.);
#2718 = ORIENTED_EDGE('',*,*,#1854,.T.);
#2719 = ORIENTED_EDGE('',*,*,#2720,.F.);
#2720 = EDGE_CURVE('',#2021,#1846,#2721,.T.);
#2721 = LINE('',#2722,#2723);
#2722 = CARTESIAN_POINT('',(-38.9,29.076886768103,18.539733755377));
#2723 = VECTOR('',#2724,1.);
#2724 = DIRECTION('',(1.,0.,0.));
#2725 = PLANE('',#2726);
#2726 = AXIS2_PLACEMENT_3D('',#2727,#2728,#2729);
#2727 = CARTESIAN_POINT('',(-38.9,-1.65416688176,54.100981505833));
#2728 = DIRECTION('',(-0.,0.756622292563,0.653852205316));
#2729 = DIRECTION('',(0.,0.653852205316,-0.756622292563));
#2730 = ADVANCED_FACE('',(#2731),#2744,.T.);
#2731 = FACE_BOUND('',#2732,.T.);
#2732 = EDGE_LOOP('',(#2733,#2734,#2735,#2736,#2737,#2738));
#2733 = ORIENTED_EDGE('',*,*,#2037,.T.);
#2734 = ORIENTED_EDGE('',*,*,#2028,.T.);
#2735 = ORIENTED_EDGE('',*,*,#2720,.T.);
#2736 = ORIENTED_EDGE('',*,*,#1845,.F.);
#2737 = ORIENTED_EDGE('',*,*,#1836,.F.);
#2738 = ORIENTED_EDGE('',*,*,#2739,.F.);
#2739 = EDGE_CURVE('',#2038,#1829,#2740,.T.);
#2740 = LINE('',#2741,#2742);
#2741 = CARTESIAN_POINT('',(-38.9,38.838576045578,15.3824));
#2742 = VECTOR('',#2743,1.);
#2743 = DIRECTION('',(1.,0.,0.));
#2744 = CYLINDRICAL_SURFACE('',#2745,6.);
#2745 = AXIS2_PLACEMENT_3D('',#2746,#2747,#2748);
#2746 = CARTESIAN_POINT('',(-38.9,33.,14.));
#2747 = DIRECTION('',(1.,0.,0.));
#2748 = DIRECTION('',(-0.,0.,1.));
#2749 = ADVANCED_FACE('',(#2750),#2761,.F.);
#2750 = FACE_BOUND('',#2751,.F.);
#2751 = EDGE_LOOP('',(#2752,#2753,#2759,#2760));
#2752 = ORIENTED_EDGE('',*,*,#2046,.F.);
#2753 = ORIENTED_EDGE('',*,*,#2754,.T.);
#2754 = EDGE_CURVE('',#2047,#1821,#2755,.T.);
#2755 = LINE('',#2756,#2757);
#2756 = CARTESIAN_POINT('',(-38.9501,38.7999,15.3824));
#2757 = VECTOR('',#2758,1.);
#2758 = DIRECTION('',(1.,0.,-0.));
#2759 = ORIENTED_EDGE('',*,*,#1828,.F.);
#2760 = ORIENTED_EDGE('',*,*,#2739,.F.);
#2761 = PLANE('',#2762);
#2762 = AXIS2_PLACEMENT_3D('',#2763,#2764,#2765);
#2763 = CARTESIAN_POINT('',(-38.9501,38.7999,15.3824));
#2764 = DIRECTION('',(0.,0.,1.));
#2765 = DIRECTION('',(1.,0.,-0.));
#2766 = ADVANCED_FACE('',(#2767),#2778,.T.);
#2767 = FACE_BOUND('',#2768,.T.);
#2768 = EDGE_LOOP('',(#2769,#2775,#2776,#2777));
#2769 = ORIENTED_EDGE('',*,*,#2770,.F.);
#2770 = EDGE_CURVE('',#2055,#1813,#2771,.T.);
#2771 = LINE('',#2772,#2773);
#2772 = CARTESIAN_POINT('',(-38.9501,38.7999,12.6176));
#2773 = VECTOR('',#2774,1.);
#2774 = DIRECTION('',(1.,0.,-0.));
#2775 = ORIENTED_EDGE('',*,*,#2054,.F.);
#2776 = ORIENTED_EDGE('',*,*,#2754,.T.);
#2777 = ORIENTED_EDGE('',*,*,#1820,.F.);
#2778 = PLANE('',#2779);
#2779 = AXIS2_PLACEMENT_3D('',#2780,#2781,#2782);
#2780 = CARTESIAN_POINT('',(-38.9501,38.7999,12.6176));
#2781 = DIRECTION('',(-0.,1.,0.));
#2782 = DIRECTION('',(0.,0.,1.));
#2783 = ADVANCED_FACE('',(#2784),#2795,.T.);
#2784 = FACE_BOUND('',#2785,.T.);
#2785 = EDGE_LOOP('',(#2786,#2787,#2788,#2789));
#2786 = ORIENTED_EDGE('',*,*,#2062,.F.);
#2787 = ORIENTED_EDGE('',*,*,#2770,.T.);
#2788 = ORIENTED_EDGE('',*,*,#1812,.F.);
#2789 = ORIENTED_EDGE('',*,*,#2790,.F.);
#2790 = EDGE_CURVE('',#2063,#1804,#2791,.T.);
#2791 = LINE('',#2792,#2793);
#2792 = CARTESIAN_POINT('',(-38.9,38.838576045578,12.6176));
#2793 = VECTOR('',#2794,1.);
#2794 = DIRECTION('',(1.,0.,0.));
#2795 = PLANE('',#2796);
#2796 = AXIS2_PLACEMENT_3D('',#2797,#2798,#2799);
#2797 = CARTESIAN_POINT('',(-38.9501,38.7999,12.6176));
#2798 = DIRECTION('',(0.,0.,1.));
#2799 = DIRECTION('',(1.,0.,-0.));
#2800 = ADVANCED_FACE('',(#2801),#2807,.T.);
#2801 = FACE_BOUND('',#2802,.T.);
#2802 = EDGE_LOOP('',(#2803,#2804,#2805,#2806));
#2803 = ORIENTED_EDGE('',*,*,#2070,.T.);
#2804 = ORIENTED_EDGE('',*,*,#2790,.T.);
#2805 = ORIENTED_EDGE('',*,*,#1803,.F.);
#2806 = ORIENTED_EDGE('',*,*,#1952,.F.);
#2807 = CYLINDRICAL_SURFACE('',#2808,6.);
#2808 = AXIS2_PLACEMENT_3D('',#2809,#2810,#2811);
#2809 = CARTESIAN_POINT('',(-38.9,33.,14.));
#2810 = DIRECTION('',(1.,0.,0.));
#2811 = DIRECTION('',(-0.,0.,1.));
#2812 = ADVANCED_FACE('',(#2813),#2824,.F.);
#2813 = FACE_BOUND('',#2814,.F.);
#2814 = EDGE_LOOP('',(#2815,#2816,#2822,#2823));
#2815 = ORIENTED_EDGE('',*,*,#1871,.F.);
#2816 = ORIENTED_EDGE('',*,*,#2817,.F.);
#2817 = EDGE_CURVE('',#2131,#1872,#2818,.T.);
#2818 = LINE('',#2819,#2820);
#2819 = CARTESIAN_POINT('',(-39.9,33.,15.7));
#2820 = VECTOR('',#2821,1.);
#2821 = DIRECTION('',(1.,0.,0.));
#2822 = ORIENTED_EDGE('',*,*,#2130,.T.);
#2823 = ORIENTED_EDGE('',*,*,#2817,.T.);
#2824 = CYLINDRICAL_SURFACE('',#2825,1.7);
#2825 = AXIS2_PLACEMENT_3D('',#2826,#2827,#2828);
#2826 = CARTESIAN_POINT('',(-39.9,33.,14.));
#2827 = DIRECTION('',(1.,0.,0.));
#2828 = DIRECTION('',(-0.,0.,1.));
#2829 = ADVANCED_FACE('',(#2830),#2855,.F.);
#2830 = FACE_BOUND('',#2831,.F.);
#2831 = EDGE_LOOP('',(#2832,#2833,#2839,#2840,#2841,#2849));
#2832 = ORIENTED_EDGE('',*,*,#1882,.F.);
#2833 = ORIENTED_EDGE('',*,*,#2834,.F.);
#2834 = EDGE_CURVE('',#2668,#1883,#2835,.T.);
#2835 = LINE('',#2836,#2837);
#2836 = CARTESIAN_POINT('',(-39.9,-13.67405795773,12.443621588924));
#2837 = VECTOR('',#2838,1.);
#2838 = DIRECTION('',(1.,0.,0.));
#2839 = ORIENTED_EDGE('',*,*,#2701,.F.);
#2840 = ORIENTED_EDGE('',*,*,#2113,.T.);
#2841 = ORIENTED_EDGE('',*,*,#2842,.T.);
#2842 = EDGE_CURVE('',#2114,#2843,#2845,.T.);
#2843 = VERTEX_POINT('',#2844);
#2844 = CARTESIAN_POINT('',(-37.9,-10.27594667172,12.556933935769));
#2845 = LINE('',#2846,#2847);
#2846 = CARTESIAN_POINT('',(-39.9,-10.27594667172,12.556933935769));
#2847 = VECTOR('',#2848,1.);
#2848 = DIRECTION('',(1.,0.,0.));
#2849 = ORIENTED_EDGE('',*,*,#2850,.T.);
#2850 = EDGE_CURVE('',#2843,#1885,#2851,.T.);
#2851 = LINE('',#2852,#2853);
#2852 = CARTESIAN_POINT('',(-39.9,-10.27594667172,12.556933935769));
#2853 = VECTOR('',#2854,1.);
#2854 = DIRECTION('',(1.,0.,0.));
#2855 = CYLINDRICAL_SURFACE('',#2856,1.7);
#2856 = AXIS2_PLACEMENT_3D('',#2857,#2858,#2859);
#2857 = CARTESIAN_POINT('',(-39.9,-11.97500231472,12.500277762346));
#2858 = DIRECTION('',(1.,0.,0.));
#2859 = DIRECTION('',(-0.,0.,1.));
#2860 = ADVANCED_FACE('',(#2861),#2880,.T.);
#2861 = FACE_BOUND('',#2862,.F.);
#2862 = EDGE_LOOP('',(#2863,#2872,#2878,#2879));
#2863 = ORIENTED_EDGE('',*,*,#2864,.T.);
#2864 = EDGE_CURVE('',#2843,#2865,#2867,.T.);
#2865 = VERTEX_POINT('',#2866);
#2866 = CARTESIAN_POINT('',(-37.9,0.776286517456,42.9226950576));
#2867 = CIRCLE('',#2868,43.3);
#2868 = AXIS2_PLACEMENT_3D('',#2869,#2870,#2871);
#2869 = CARTESIAN_POINT('',(-37.9,33.,14.));
#2870 = DIRECTION('',(-1.,-0.,0.));
#2871 = DIRECTION('',(0.,-0.744196616225,0.667960624887));
#2872 = ORIENTED_EDGE('',*,*,#2873,.T.);
#2873 = EDGE_CURVE('',#2865,#1903,#2874,.T.);
#2874 = LINE('',#2875,#2876);
#2875 = CARTESIAN_POINT('',(-39.9,0.776286517456,42.9226950576));
#2876 = VECTOR('',#2877,1.);
#2877 = DIRECTION('',(1.,0.,0.));
#2878 = ORIENTED_EDGE('',*,*,#1911,.F.);
#2879 = ORIENTED_EDGE('',*,*,#2850,.F.);
#2880 = CYLINDRICAL_SURFACE('',#2881,43.3);
#2881 = AXIS2_PLACEMENT_3D('',#2882,#2883,#2884);
#2882 = CARTESIAN_POINT('',(-39.9,33.,14.));
#2883 = DIRECTION('',(-1.,-0.,-0.));
#2884 = DIRECTION('',(0.,-0.744196616225,0.667960624887));
#2885 = ADVANCED_FACE('',(#2886),#2909,.F.);
#2886 = FACE_BOUND('',#2887,.F.);
#2887 = EDGE_LOOP('',(#2888,#2889,#2890,#2896,#2897,#2903));
#2888 = ORIENTED_EDGE('',*,*,#1902,.F.);
#2889 = ORIENTED_EDGE('',*,*,#2873,.F.);
#2890 = ORIENTED_EDGE('',*,*,#2891,.F.);
#2891 = EDGE_CURVE('',#1987,#2865,#2892,.T.);
#2892 = LINE('',#2893,#2894);
#2893 = CARTESIAN_POINT('',(-39.9,0.776286517456,42.9226950576));
#2894 = VECTOR('',#2895,1.);
#2895 = DIRECTION('',(1.,0.,0.));
#2896 = ORIENTED_EDGE('',*,*,#1994,.T.);
#2897 = ORIENTED_EDGE('',*,*,#2898,.T.);
#2898 = EDGE_CURVE('',#1995,#2670,#2899,.T.);
#2899 = LINE('',#2900,#2901);
#2900 = CARTESIAN_POINT('',(-39.9,-1.753981977709,45.193761182216));
#2901 = VECTOR('',#2902,1.);
#2902 = DIRECTION('',(1.,0.,0.));
#2903 = ORIENTED_EDGE('',*,*,#2904,.T.);
#2904 = EDGE_CURVE('',#2670,#1894,#2905,.T.);
#2905 = LINE('',#2906,#2907);
#2906 = CARTESIAN_POINT('',(-39.9,-1.753981977709,45.193761182216));
#2907 = VECTOR('',#2908,1.);
#2908 = DIRECTION('',(1.,0.,0.));
#2909 = CYLINDRICAL_SURFACE('',#2910,1.7);
#2910 = AXIS2_PLACEMENT_3D('',#2911,#2912,#2913);
#2911 = CARTESIAN_POINT('',(-39.9,-0.488847730126,44.058228119908));
#2912 = DIRECTION('',(1.,0.,0.));
#2913 = DIRECTION('',(-0.,0.,1.));
#2914 = ADVANCED_FACE('',(#2915),#2921,.F.);
#2915 = FACE_BOUND('',#2916,.F.);
#2916 = EDGE_LOOP('',(#2917,#2918,#2919,#2920));
#2917 = ORIENTED_EDGE('',*,*,#2667,.F.);
#2918 = ORIENTED_EDGE('',*,*,#2834,.T.);
#2919 = ORIENTED_EDGE('',*,*,#1893,.T.);
#2920 = ORIENTED_EDGE('',*,*,#2904,.F.);
#2921 = CYLINDRICAL_SURFACE('',#2922,46.7);
#2922 = AXIS2_PLACEMENT_3D('',#2923,#2924,#2925);
#2923 = CARTESIAN_POINT('',(-39.9,33.,14.));
#2924 = DIRECTION('',(-1.,0.,0.));
#2925 = DIRECTION('',(-0.,-0.999444495883,-3.332716083675E-02));
#2926 = ADVANCED_FACE('',(#2927),#2954,.T.);
#2927 = FACE_BOUND('',#2928,.F.);
#2928 = EDGE_LOOP('',(#2929,#2937,#2946,#2952,#2953));
#2929 = ORIENTED_EDGE('',*,*,#2930,.T.);
#2930 = EDGE_CURVE('',#1978,#2931,#2933,.T.);
#2931 = VERTEX_POINT('',#2932);
#2932 = CARTESIAN_POINT('',(-37.9,3.976331967224,40.050464370587));
#2933 = LINE('',#2934,#2935);
#2934 = CARTESIAN_POINT('',(-38.9,3.976331967224,40.050464370587));
#2935 = VECTOR('',#2936,1.);
#2936 = DIRECTION('',(1.,0.,0.));
#2937 = ORIENTED_EDGE('',*,*,#2938,.T.);
#2938 = EDGE_CURVE('',#2931,#2939,#2941,.T.);
#2939 = VERTEX_POINT('',#2940);
#2940 = CARTESIAN_POINT('',(-37.9,-5.978335339432,12.700240727367));
#2941 = CIRCLE('',#2942,39.);
#2942 = AXIS2_PLACEMENT_3D('',#2943,#2944,#2945);
#2943 = CARTESIAN_POINT('',(-37.9,33.,14.));
#2944 = DIRECTION('',(1.,0.,0.));
#2945 = DIRECTION('',(0.,-0.744196616225,0.667960624887));
#2946 = ORIENTED_EDGE('',*,*,#2947,.F.);
#2947 = EDGE_CURVE('',#1969,#2939,#2948,.T.);
#2948 = LINE('',#2949,#2950);
#2949 = CARTESIAN_POINT('',(-38.9,-5.978335339432,12.700240727367));
#2950 = VECTOR('',#2951,1.);
#2951 = DIRECTION('',(1.,0.,0.));
#2952 = ORIENTED_EDGE('',*,*,#1966,.F.);
#2953 = ORIENTED_EDGE('',*,*,#1977,.F.);
#2954 = CYLINDRICAL_SURFACE('',#2955,39.);
#2955 = AXIS2_PLACEMENT_3D('',#2956,#2957,#2958);
#2956 = CARTESIAN_POINT('',(-38.9,33.,14.));
#2957 = DIRECTION('',(-1.,-0.,-0.));
#2958 = DIRECTION('',(0.,-0.744196616225,0.667960624887));
#2959 = ADVANCED_FACE('',(#2960),#2971,.F.);
#2960 = FACE_BOUND('',#2961,.F.);
#2961 = EDGE_LOOP('',(#2962,#2963,#2964,#2970));
#2962 = ORIENTED_EDGE('',*,*,#2122,.F.);
#2963 = ORIENTED_EDGE('',*,*,#2947,.T.);
#2964 = ORIENTED_EDGE('',*,*,#2965,.T.);
#2965 = EDGE_CURVE('',#2939,#2843,#2966,.T.);
#2966 = LINE('',#2967,#2968);
#2967 = CARTESIAN_POINT('',(-37.9,-5.978335339432,12.700240727367));
#2968 = VECTOR('',#2969,1.);
#2969 = DIRECTION('',(0.,-0.999444495883,-3.332716083675E-02));
#2970 = ORIENTED_EDGE('',*,*,#2842,.F.);
#2971 = PLANE('',#2972);
#2972 = AXIS2_PLACEMENT_3D('',#2973,#2974,#2975);
#2973 = CARTESIAN_POINT('',(-38.9,-5.978335339432,12.700240727367));
#2974 = DIRECTION('',(0.,3.332716083675E-02,-0.999444495883));
#2975 = DIRECTION('',(0.,-0.999444495883,-3.332716083675E-02));
#2976 = ADVANCED_FACE('',(#2977),#2983,.F.);
#2977 = FACE_BOUND('',#2978,.F.);
#2978 = EDGE_LOOP('',(#2979,#2980,#2981,#2982));
#2979 = ORIENTED_EDGE('',*,*,#2003,.F.);
#2980 = ORIENTED_EDGE('',*,*,#2636,.F.);
#2981 = ORIENTED_EDGE('',*,*,#2686,.T.);
#2982 = ORIENTED_EDGE('',*,*,#2898,.F.);
#2983 = PLANE('',#2984);
#2984 = AXIS2_PLACEMENT_3D('',#2985,#2986,#2987);
#2985 = CARTESIAN_POINT('',(-38.9,-6.516840321549,49.468709181491));
#2986 = DIRECTION('',(-0.,0.667960624887,0.744196616225));
#2987 = DIRECTION('',(0.,0.744196616225,-0.667960624887));
#2988 = ADVANCED_FACE('',(#2989),#3000,.F.);
#2989 = FACE_BOUND('',#2990,.F.);
#2990 = EDGE_LOOP('',(#2991,#2992,#2993,#2999));
#2991 = ORIENTED_EDGE('',*,*,#1986,.F.);
#2992 = ORIENTED_EDGE('',*,*,#2891,.T.);
#2993 = ORIENTED_EDGE('',*,*,#2994,.T.);
#2994 = EDGE_CURVE('',#2865,#2931,#2995,.T.);
#2995 = LINE('',#2996,#2997);
#2996 = CARTESIAN_POINT('',(-37.9,-6.516840321549,49.468709181491));
#2997 = VECTOR('',#2998,1.);
#2998 = DIRECTION('',(0.,0.744196616225,-0.667960624887));
#2999 = ORIENTED_EDGE('',*,*,#2930,.F.);
#3000 = PLANE('',#3001);
#3001 = AXIS2_PLACEMENT_3D('',#3002,#3003,#3004);
#3002 = CARTESIAN_POINT('',(-38.9,-6.516840321549,49.468709181491));
#3003 = DIRECTION('',(-0.,0.667960624887,0.744196616225));
#3004 = DIRECTION('',(0.,0.744196616225,-0.667960624887));
#3005 = ADVANCED_FACE('',(#3006),#3043,.T.);
#3006 = FACE_BOUND('',#3007,.T.);
#3007 = EDGE_LOOP('',(#3008,#3009,#3010,#3016,#3017,#3018,#3019,#3020,
    #3028,#3037));
#3008 = ORIENTED_EDGE('',*,*,#2226,.T.);
#3009 = ORIENTED_EDGE('',*,*,#2217,.T.);
#3010 = ORIENTED_EDGE('',*,*,#3011,.T.);
#3011 = EDGE_CURVE('',#2210,#2470,#3012,.T.);
#3012 = LINE('',#3013,#3014);
#3013 = CARTESIAN_POINT('',(34.9,29.076886768103,18.539733755377));
#3014 = VECTOR('',#3015,1.);
#3015 = DIRECTION('',(1.,0.,0.));
#3016 = ORIENTED_EDGE('',*,*,#2469,.F.);
#3017 = ORIENTED_EDGE('',*,*,#2460,.F.);
#3018 = ORIENTED_EDGE('',*,*,#2389,.F.);
#3019 = ORIENTED_EDGE('',*,*,#2259,.T.);
#3020 = ORIENTED_EDGE('',*,*,#3021,.T.);
#3021 = EDGE_CURVE('',#2252,#3022,#3024,.T.);
#3022 = VERTEX_POINT('',#3023);
#3023 = CARTESIAN_POINT('',(35.85,38.838576045578,12.6176));
#3024 = LINE('',#3025,#3026);
#3025 = CARTESIAN_POINT('',(34.9,38.838576045578,12.6176));
#3026 = VECTOR('',#3027,1.);
#3027 = DIRECTION('',(1.,0.,0.));
#3028 = ORIENTED_EDGE('',*,*,#3029,.T.);
#3029 = EDGE_CURVE('',#3022,#3030,#3032,.T.);
#3030 = VERTEX_POINT('',#3031);
#3031 = CARTESIAN_POINT('',(35.85,38.838576045578,15.3824));
#3032 = CIRCLE('',#3033,6.);
#3033 = AXIS2_PLACEMENT_3D('',#3034,#3035,#3036);
#3034 = CARTESIAN_POINT('',(35.85,33.,14.));
#3035 = DIRECTION('',(1.,0.,0.));
#3036 = DIRECTION('',(-0.,0.,1.));
#3037 = ORIENTED_EDGE('',*,*,#3038,.F.);
#3038 = EDGE_CURVE('',#2227,#3030,#3039,.T.);
#3039 = LINE('',#3040,#3041);
#3040 = CARTESIAN_POINT('',(34.9,38.838576045578,15.3824));
#3041 = VECTOR('',#3042,1.);
#3042 = DIRECTION('',(1.,0.,0.));
#3043 = CYLINDRICAL_SURFACE('',#3044,6.);
#3044 = AXIS2_PLACEMENT_3D('',#3045,#3046,#3047);
#3045 = CARTESIAN_POINT('',(34.9,33.,14.));
#3046 = DIRECTION('',(1.,0.,0.));
#3047 = DIRECTION('',(-0.,0.,1.));
#3048 = ADVANCED_FACE('',(#3049),#3067,.T.);
#3049 = FACE_BOUND('',#3050,.T.);
#3050 = EDGE_LOOP('',(#3051,#3052,#3060,#3066));
#3051 = ORIENTED_EDGE('',*,*,#2251,.F.);
#3052 = ORIENTED_EDGE('',*,*,#3053,.T.);
#3053 = EDGE_CURVE('',#2244,#3054,#3056,.T.);
#3054 = VERTEX_POINT('',#3055);
#3055 = CARTESIAN_POINT('',(35.85,38.7999,12.6176));
#3056 = LINE('',#3057,#3058);
#3057 = CARTESIAN_POINT('',(34.85,38.7999,12.6176));
#3058 = VECTOR('',#3059,1.);
#3059 = DIRECTION('',(1.,0.,-0.));
#3060 = ORIENTED_EDGE('',*,*,#3061,.T.);
#3061 = EDGE_CURVE('',#3054,#3022,#3062,.T.);
#3062 = LINE('',#3063,#3064);
#3063 = CARTESIAN_POINT('',(35.85,38.7999,12.6176));
#3064 = VECTOR('',#3065,1.);
#3065 = DIRECTION('',(-0.,1.,0.));
#3066 = ORIENTED_EDGE('',*,*,#3021,.F.);
#3067 = PLANE('',#3068);
#3068 = AXIS2_PLACEMENT_3D('',#3069,#3070,#3071);
#3069 = CARTESIAN_POINT('',(34.85,38.7999,12.6176));
#3070 = DIRECTION('',(0.,0.,1.));
#3071 = DIRECTION('',(1.,0.,-0.));
#3072 = ADVANCED_FACE('',(#3073),#3091,.T.);
#3073 = FACE_BOUND('',#3074,.T.);
#3074 = EDGE_LOOP('',(#3075,#3076,#3077,#3085));
#3075 = ORIENTED_EDGE('',*,*,#3053,.F.);
#3076 = ORIENTED_EDGE('',*,*,#2243,.F.);
#3077 = ORIENTED_EDGE('',*,*,#3078,.T.);
#3078 = EDGE_CURVE('',#2236,#3079,#3081,.T.);
#3079 = VERTEX_POINT('',#3080);
#3080 = CARTESIAN_POINT('',(35.85,38.7999,15.3824));
#3081 = LINE('',#3082,#3083);
#3082 = CARTESIAN_POINT('',(34.85,38.7999,15.3824));
#3083 = VECTOR('',#3084,1.);
#3084 = DIRECTION('',(1.,0.,-0.));
#3085 = ORIENTED_EDGE('',*,*,#3086,.F.);
#3086 = EDGE_CURVE('',#3054,#3079,#3087,.T.);
#3087 = LINE('',#3088,#3089);
#3088 = CARTESIAN_POINT('',(35.85,38.7999,12.6176));
#3089 = VECTOR('',#3090,1.);
#3090 = DIRECTION('',(0.,0.,1.));
#3091 = PLANE('',#3092);
#3092 = AXIS2_PLACEMENT_3D('',#3093,#3094,#3095);
#3093 = CARTESIAN_POINT('',(34.85,38.7999,12.6176));
#3094 = DIRECTION('',(-0.,1.,0.));
#3095 = DIRECTION('',(0.,0.,1.));
#3096 = ADVANCED_FACE('',(#3097),#3108,.F.);
#3097 = FACE_BOUND('',#3098,.F.);
#3098 = EDGE_LOOP('',(#3099,#3100,#3101,#3107));
#3099 = ORIENTED_EDGE('',*,*,#2235,.F.);
#3100 = ORIENTED_EDGE('',*,*,#3078,.T.);
#3101 = ORIENTED_EDGE('',*,*,#3102,.T.);
#3102 = EDGE_CURVE('',#3079,#3030,#3103,.T.);
#3103 = LINE('',#3104,#3105);
#3104 = CARTESIAN_POINT('',(35.85,38.7999,15.3824));
#3105 = VECTOR('',#3106,1.);
#3106 = DIRECTION('',(-0.,1.,0.));
#3107 = ORIENTED_EDGE('',*,*,#3038,.F.);
#3108 = PLANE('',#3109);
#3109 = AXIS2_PLACEMENT_3D('',#3110,#3111,#3112);
#3110 = CARTESIAN_POINT('',(34.85,38.7999,15.3824));
#3111 = DIRECTION('',(0.,0.,1.));
#3112 = DIRECTION('',(1.,0.,-0.));
#3113 = ADVANCED_FACE('',(#3114),#3125,.T.);
#3114 = FACE_BOUND('',#3115,.T.);
#3115 = EDGE_LOOP('',(#3116,#3117,#3123,#3124));
#3116 = ORIENTED_EDGE('',*,*,#2209,.F.);
#3117 = ORIENTED_EDGE('',*,*,#3118,.T.);
#3118 = EDGE_CURVE('',#2201,#2479,#3119,.T.);
#3119 = LINE('',#3120,#3121);
#3120 = CARTESIAN_POINT('',(34.9,-1.65416688176,54.100981505833));
#3121 = VECTOR('',#3122,1.);
#3122 = DIRECTION('',(1.,0.,0.));
#3123 = ORIENTED_EDGE('',*,*,#2478,.T.);
#3124 = ORIENTED_EDGE('',*,*,#3011,.F.);
#3125 = PLANE('',#3126);
#3126 = AXIS2_PLACEMENT_3D('',#3127,#3128,#3129);
#3127 = CARTESIAN_POINT('',(34.9,-1.65416688176,54.100981505833));
#3128 = DIRECTION('',(-0.,0.756622292563,0.653852205316));
#3129 = DIRECTION('',(0.,0.653852205316,-0.756622292563));
#3130 = ADVANCED_FACE('',(#3131),#3152,.T.);
#3131 = FACE_BOUND('',#3132,.T.);
#3132 = EDGE_LOOP('',(#3133,#3134,#3135,#3144,#3150,#3151));
#3133 = ORIENTED_EDGE('',*,*,#2200,.F.);
#3134 = ORIENTED_EDGE('',*,*,#2357,.T.);
#3135 = ORIENTED_EDGE('',*,*,#3136,.T.);
#3136 = EDGE_CURVE('',#2350,#3137,#3139,.T.);
#3137 = VERTEX_POINT('',#3138);
#3138 = CARTESIAN_POINT('',(37.9,-6.442420659926,49.401913119003));
#3139 = CIRCLE('',#3140,53.);
#3140 = AXIS2_PLACEMENT_3D('',#3141,#3142,#3143);
#3141 = CARTESIAN_POINT('',(37.9,33.,14.));
#3142 = DIRECTION('',(-1.,0.,0.));
#3143 = DIRECTION('',(-0.,-0.987227283376,-0.159318206614));
#3144 = ORIENTED_EDGE('',*,*,#3145,.F.);
#3145 = EDGE_CURVE('',#2487,#3137,#3146,.T.);
#3146 = LINE('',#3147,#3148);
#3147 = CARTESIAN_POINT('',(34.9,-6.442420659926,49.401913119003));
#3148 = VECTOR('',#3149,1.);
#3149 = DIRECTION('',(-1.,0.,0.));
#3150 = ORIENTED_EDGE('',*,*,#2486,.T.);
#3151 = ORIENTED_EDGE('',*,*,#3118,.F.);
#3152 = CYLINDRICAL_SURFACE('',#3153,53.);
#3153 = AXIS2_PLACEMENT_3D('',#3154,#3155,#3156);
#3154 = CARTESIAN_POINT('',(34.9,33.,14.));
#3155 = DIRECTION('',(-1.,0.,0.));
#3156 = DIRECTION('',(-0.,-0.987227283376,-0.159318206614));
#3157 = ADVANCED_FACE('',(#3158),#3169,.F.);
#3158 = FACE_BOUND('',#3159,.F.);
#3159 = EDGE_LOOP('',(#3160,#3161,#3167,#3168));
#3160 = ORIENTED_EDGE('',*,*,#2563,.F.);
#3161 = ORIENTED_EDGE('',*,*,#3162,.F.);
#3162 = EDGE_CURVE('',#2277,#2564,#3163,.T.);
#3163 = LINE('',#3164,#3165);
#3164 = CARTESIAN_POINT('',(-39.9,33.,15.7));
#3165 = VECTOR('',#3166,1.);
#3166 = DIRECTION('',(1.,0.,0.));
#3167 = ORIENTED_EDGE('',*,*,#2276,.T.);
#3168 = ORIENTED_EDGE('',*,*,#3162,.T.);
#3169 = CYLINDRICAL_SURFACE('',#3170,1.7);
#3170 = AXIS2_PLACEMENT_3D('',#3171,#3172,#3173);
#3171 = CARTESIAN_POINT('',(-39.9,33.,14.));
#3172 = DIRECTION('',(1.,0.,0.));
#3173 = DIRECTION('',(-0.,0.,1.));
#3174 = ADVANCED_FACE('',(#3175),#3201,.F.);
#3175 = FACE_BOUND('',#3176,.F.);
#3176 = EDGE_LOOP('',(#3177,#3178,#3186,#3195));
#3177 = ORIENTED_EDGE('',*,*,#2287,.F.);
#3178 = ORIENTED_EDGE('',*,*,#3179,.T.);
#3179 = EDGE_CURVE('',#2288,#3180,#3182,.T.);
#3180 = VERTEX_POINT('',#3181);
#3181 = CARTESIAN_POINT('',(37.9,-13.67405795773,12.443621588924));
#3182 = LINE('',#3183,#3184);
#3183 = CARTESIAN_POINT('',(-39.9,-13.67405795773,12.443621588924));
#3184 = VECTOR('',#3185,1.);
#3185 = DIRECTION('',(1.,0.,0.));
#3186 = ORIENTED_EDGE('',*,*,#3187,.T.);
#3187 = EDGE_CURVE('',#3180,#3188,#3190,.T.);
#3188 = VERTEX_POINT('',#3189);
#3189 = CARTESIAN_POINT('',(37.9,-1.753981977709,45.193761182216));
#3190 = CIRCLE('',#3191,46.7);
#3191 = AXIS2_PLACEMENT_3D('',#3192,#3193,#3194);
#3192 = CARTESIAN_POINT('',(37.9,33.,14.));
#3193 = DIRECTION('',(-1.,0.,0.));
#3194 = DIRECTION('',(-0.,-0.999444495883,-3.332716083675E-02));
#3195 = ORIENTED_EDGE('',*,*,#3196,.F.);
#3196 = EDGE_CURVE('',#2290,#3188,#3197,.T.);
#3197 = LINE('',#3198,#3199);
#3198 = CARTESIAN_POINT('',(-39.9,-1.753981977709,45.193761182216));
#3199 = VECTOR('',#3200,1.);
#3200 = DIRECTION('',(1.,0.,0.));
#3201 = CYLINDRICAL_SURFACE('',#3202,46.7);
#3202 = AXIS2_PLACEMENT_3D('',#3203,#3204,#3205);
#3203 = CARTESIAN_POINT('',(-39.9,33.,14.));
#3204 = DIRECTION('',(-1.,0.,0.));
#3205 = DIRECTION('',(-0.,-0.999444495883,-3.332716083675E-02));
#3206 = ADVANCED_FACE('',(#3207),#3232,.F.);
#3207 = FACE_BOUND('',#3208,.F.);
#3208 = EDGE_LOOP('',(#3209,#3210,#3218,#3224,#3225,#3226));
#3209 = ORIENTED_EDGE('',*,*,#2503,.F.);
#3210 = ORIENTED_EDGE('',*,*,#3211,.F.);
#3211 = EDGE_CURVE('',#3212,#2504,#3214,.T.);
#3212 = VERTEX_POINT('',#3213);
#3213 = CARTESIAN_POINT('',(37.9,0.776286517456,42.9226950576));
#3214 = LINE('',#3215,#3216);
#3215 = CARTESIAN_POINT('',(-39.9,0.776286517456,42.9226950576));
#3216 = VECTOR('',#3217,1.);
#3217 = DIRECTION('',(1.,0.,0.));
#3218 = ORIENTED_EDGE('',*,*,#3219,.F.);
#3219 = EDGE_CURVE('',#2308,#3212,#3220,.T.);
#3220 = LINE('',#3221,#3222);
#3221 = CARTESIAN_POINT('',(-39.9,0.776286517456,42.9226950576));
#3222 = VECTOR('',#3223,1.);
#3223 = DIRECTION('',(1.,0.,0.));
#3224 = ORIENTED_EDGE('',*,*,#2316,.T.);
#3225 = ORIENTED_EDGE('',*,*,#3196,.T.);
#3226 = ORIENTED_EDGE('',*,*,#3227,.T.);
#3227 = EDGE_CURVE('',#3188,#2496,#3228,.T.);
#3228 = LINE('',#3229,#3230);
#3229 = CARTESIAN_POINT('',(-39.9,-1.753981977709,45.193761182216));
#3230 = VECTOR('',#3231,1.);
#3231 = DIRECTION('',(1.,0.,0.));
#3232 = CYLINDRICAL_SURFACE('',#3233,1.7);
#3233 = AXIS2_PLACEMENT_3D('',#3234,#3235,#3236);
#3234 = CARTESIAN_POINT('',(-39.9,-0.488847730126,44.058228119908));
#3235 = DIRECTION('',(1.,0.,0.));
#3236 = DIRECTION('',(-0.,0.,1.));
#3237 = ADVANCED_FACE('',(#3238),#3257,.T.);
#3238 = FACE_BOUND('',#3239,.F.);
#3239 = EDGE_LOOP('',(#3240,#3241,#3242,#3251));
#3240 = ORIENTED_EDGE('',*,*,#2307,.T.);
#3241 = ORIENTED_EDGE('',*,*,#3219,.T.);
#3242 = ORIENTED_EDGE('',*,*,#3243,.F.);
#3243 = EDGE_CURVE('',#3244,#3212,#3246,.T.);
#3244 = VERTEX_POINT('',#3245);
#3245 = CARTESIAN_POINT('',(37.9,-10.27594667172,12.556933935769));
#3246 = CIRCLE('',#3247,43.3);
#3247 = AXIS2_PLACEMENT_3D('',#3248,#3249,#3250);
#3248 = CARTESIAN_POINT('',(37.9,33.,14.));
#3249 = DIRECTION('',(-1.,-0.,0.));
#3250 = DIRECTION('',(0.,-0.744196616225,0.667960624887));
#3251 = ORIENTED_EDGE('',*,*,#3252,.F.);
#3252 = EDGE_CURVE('',#2299,#3244,#3253,.T.);
#3253 = LINE('',#3254,#3255);
#3254 = CARTESIAN_POINT('',(-39.9,-10.27594667172,12.556933935769));
#3255 = VECTOR('',#3256,1.);
#3256 = DIRECTION('',(1.,0.,0.));
#3257 = CYLINDRICAL_SURFACE('',#3258,43.3);
#3258 = AXIS2_PLACEMENT_3D('',#3259,#3260,#3261);
#3259 = CARTESIAN_POINT('',(-39.9,33.,14.));
#3260 = DIRECTION('',(-1.,-0.,-0.));
#3261 = DIRECTION('',(0.,-0.744196616225,0.667960624887));
#3262 = ADVANCED_FACE('',(#3263),#3281,.F.);
#3263 = FACE_BOUND('',#3264,.F.);
#3264 = EDGE_LOOP('',(#3265,#3266,#3272,#3273,#3274,#3275));
#3265 = ORIENTED_EDGE('',*,*,#2546,.F.);
#3266 = ORIENTED_EDGE('',*,*,#3267,.F.);
#3267 = EDGE_CURVE('',#3180,#2547,#3268,.T.);
#3268 = LINE('',#3269,#3270);
#3269 = CARTESIAN_POINT('',(-39.9,-13.67405795773,12.443621588924));
#3270 = VECTOR('',#3271,1.);
#3271 = DIRECTION('',(1.,0.,0.));
#3272 = ORIENTED_EDGE('',*,*,#3179,.F.);
#3273 = ORIENTED_EDGE('',*,*,#2298,.T.);
#3274 = ORIENTED_EDGE('',*,*,#3252,.T.);
#3275 = ORIENTED_EDGE('',*,*,#3276,.T.);
#3276 = EDGE_CURVE('',#3244,#2539,#3277,.T.);
#3277 = LINE('',#3278,#3279);
#3278 = CARTESIAN_POINT('',(-39.9,-10.27594667172,12.556933935769));
#3279 = VECTOR('',#3280,1.);
#3280 = DIRECTION('',(1.,0.,0.));
#3281 = CYLINDRICAL_SURFACE('',#3282,1.7);
#3282 = AXIS2_PLACEMENT_3D('',#3283,#3284,#3285);
#3283 = CARTESIAN_POINT('',(-39.9,-11.97500231472,12.500277762346));
#3284 = DIRECTION('',(1.,0.,0.));
#3285 = DIRECTION('',(-0.,0.,1.));
#3286 = ADVANCED_FACE('',(#3287),#3298,.F.);
#3287 = FACE_BOUND('',#3288,.F.);
#3288 = EDGE_LOOP('',(#3289,#3295,#3296,#3297));
#3289 = ORIENTED_EDGE('',*,*,#3290,.F.);
#3290 = EDGE_CURVE('',#3180,#2342,#3291,.T.);
#3291 = LINE('',#3292,#3293);
#3292 = CARTESIAN_POINT('',(37.9,-5.978335339432,12.700240727367));
#3293 = VECTOR('',#3294,1.);
#3294 = DIRECTION('',(0.,-0.999444495883,-3.332716083675E-02));
#3295 = ORIENTED_EDGE('',*,*,#3267,.T.);
#3296 = ORIENTED_EDGE('',*,*,#2555,.T.);
#3297 = ORIENTED_EDGE('',*,*,#2341,.T.);
#3298 = PLANE('',#3299);
#3299 = AXIS2_PLACEMENT_3D('',#3300,#3301,#3302);
#3300 = CARTESIAN_POINT('',(37.9,-5.978335339432,12.700240727367));
#3301 = DIRECTION('',(0.,3.332716083675E-02,-0.999444495883));
#3302 = DIRECTION('',(0.,-0.999444495883,-3.332716083675E-02));
#3303 = ADVANCED_FACE('',(#3304),#3316,.F.);
#3304 = FACE_BOUND('',#3305,.F.);
#3305 = EDGE_LOOP('',(#3306,#3307,#3308,#3309,#3310));
#3306 = ORIENTED_EDGE('',*,*,#3187,.F.);
#3307 = ORIENTED_EDGE('',*,*,#3290,.T.);
#3308 = ORIENTED_EDGE('',*,*,#2349,.T.);
#3309 = ORIENTED_EDGE('',*,*,#3136,.T.);
#3310 = ORIENTED_EDGE('',*,*,#3311,.T.);
#3311 = EDGE_CURVE('',#3137,#3188,#3312,.T.);
#3312 = LINE('',#3313,#3314);
#3313 = CARTESIAN_POINT('',(37.9,-6.516840321549,49.468709181491));
#3314 = VECTOR('',#3315,1.);
#3315 = DIRECTION('',(0.,0.744196616225,-0.667960624887));
#3316 = PLANE('',#3317);
#3317 = AXIS2_PLACEMENT_3D('',#3318,#3319,#3320);
#3318 = CARTESIAN_POINT('',(37.9,-9.169508336162,29.348445828004));
#3319 = DIRECTION('',(-1.,-0.,-0.));
#3320 = DIRECTION('',(0.,0.,-1.));
#3321 = ADVANCED_FACE('',(#3322),#3340,.F.);
#3322 = FACE_BOUND('',#3323,.F.);
#3323 = EDGE_LOOP('',(#3324,#3332,#3338,#3339));
#3324 = ORIENTED_EDGE('',*,*,#3325,.F.);
#3325 = EDGE_CURVE('',#3326,#3244,#3328,.T.);
#3326 = VERTEX_POINT('',#3327);
#3327 = CARTESIAN_POINT('',(37.9,-5.978335339432,12.700240727367));
#3328 = LINE('',#3329,#3330);
#3329 = CARTESIAN_POINT('',(37.9,-5.978335339432,12.700240727367));
#3330 = VECTOR('',#3331,1.);
#3331 = DIRECTION('',(0.,-0.999444495883,-3.332716083675E-02));
#3332 = ORIENTED_EDGE('',*,*,#3333,.T.);
#3333 = EDGE_CURVE('',#3326,#2530,#3334,.T.);
#3334 = LINE('',#3335,#3336);
#3335 = CARTESIAN_POINT('',(37.9,-5.978335339432,12.700240727367));
#3336 = VECTOR('',#3337,1.);
#3337 = DIRECTION('',(1.,0.,0.));
#3338 = ORIENTED_EDGE('',*,*,#2538,.T.);
#3339 = ORIENTED_EDGE('',*,*,#3276,.F.);
#3340 = PLANE('',#3341);
#3341 = AXIS2_PLACEMENT_3D('',#3342,#3343,#3344);
#3342 = CARTESIAN_POINT('',(37.9,-5.978335339432,12.700240727367));
#3343 = DIRECTION('',(0.,3.332716083675E-02,-0.999444495883));
#3344 = DIRECTION('',(0.,-0.999444495883,-3.332716083675E-02));
#3345 = ADVANCED_FACE('',(#3346),#3366,.T.);
#3346 = FACE_BOUND('',#3347,.F.);
#3347 = EDGE_LOOP('',(#3348,#3356,#3357,#3358,#3359));
#3348 = ORIENTED_EDGE('',*,*,#3349,.T.);
#3349 = EDGE_CURVE('',#3350,#2513,#3352,.T.);
#3350 = VERTEX_POINT('',#3351);
#3351 = CARTESIAN_POINT('',(37.9,3.976331967224,40.050464370587));
#3352 = LINE('',#3353,#3354);
#3353 = CARTESIAN_POINT('',(37.9,3.976331967224,40.050464370587));
#3354 = VECTOR('',#3355,1.);
#3355 = DIRECTION('',(1.,0.,0.));
#3356 = ORIENTED_EDGE('',*,*,#2520,.T.);
#3357 = ORIENTED_EDGE('',*,*,#2529,.T.);
#3358 = ORIENTED_EDGE('',*,*,#3333,.F.);
#3359 = ORIENTED_EDGE('',*,*,#3360,.F.);
#3360 = EDGE_CURVE('',#3350,#3326,#3361,.T.);
#3361 = CIRCLE('',#3362,39.);
#3362 = AXIS2_PLACEMENT_3D('',#3363,#3364,#3365);
#3363 = CARTESIAN_POINT('',(37.9,33.,14.));
#3364 = DIRECTION('',(1.,0.,0.));
#3365 = DIRECTION('',(0.,-0.744196616225,0.667960624887));
#3366 = CYLINDRICAL_SURFACE('',#3367,39.);
#3367 = AXIS2_PLACEMENT_3D('',#3368,#3369,#3370);
#3368 = CARTESIAN_POINT('',(37.9,33.,14.));
#3369 = DIRECTION('',(-1.,-0.,-0.));
#3370 = DIRECTION('',(0.,-0.744196616225,0.667960624887));
#3371 = ADVANCED_FACE('',(#3372),#3383,.F.);
#3372 = FACE_BOUND('',#3373,.F.);
#3373 = EDGE_LOOP('',(#3374,#3380,#3381,#3382));
#3374 = ORIENTED_EDGE('',*,*,#3375,.F.);
#3375 = EDGE_CURVE('',#3212,#3350,#3376,.T.);
#3376 = LINE('',#3377,#3378);
#3377 = CARTESIAN_POINT('',(37.9,-6.516840321549,49.468709181491));
#3378 = VECTOR('',#3379,1.);
#3379 = DIRECTION('',(0.,0.744196616225,-0.667960624887));
#3380 = ORIENTED_EDGE('',*,*,#3211,.T.);
#3381 = ORIENTED_EDGE('',*,*,#2512,.T.);
#3382 = ORIENTED_EDGE('',*,*,#3349,.F.);
#3383 = PLANE('',#3384);
#3384 = AXIS2_PLACEMENT_3D('',#3385,#3386,#3387);
#3385 = CARTESIAN_POINT('',(37.9,-6.516840321549,49.468709181491));
#3386 = DIRECTION('',(-0.,0.667960624887,0.744196616225));
#3387 = DIRECTION('',(0.,0.744196616225,-0.667960624887));
#3388 = ADVANCED_FACE('',(#3389),#3395,.F.);
#3389 = FACE_BOUND('',#3390,.F.);
#3390 = EDGE_LOOP('',(#3391,#3392,#3393,#3394));
#3391 = ORIENTED_EDGE('',*,*,#3311,.F.);
#3392 = ORIENTED_EDGE('',*,*,#3145,.F.);
#3393 = ORIENTED_EDGE('',*,*,#2495,.T.);
#3394 = ORIENTED_EDGE('',*,*,#3227,.F.);
#3395 = PLANE('',#3396);
#3396 = AXIS2_PLACEMENT_3D('',#3397,#3398,#3399);
#3397 = CARTESIAN_POINT('',(37.9,-6.516840321549,49.468709181491));
#3398 = DIRECTION('',(-0.,0.667960624887,0.744196616225));
#3399 = DIRECTION('',(0.,0.744196616225,-0.667960624887));
#3400 = ADVANCED_FACE('',(#3401),#3407,.T.);
#3401 = FACE_BOUND('',#3402,.T.);
#3402 = EDGE_LOOP('',(#3403,#3404,#3405,#3406));
#3403 = ORIENTED_EDGE('',*,*,#2938,.T.);
#3404 = ORIENTED_EDGE('',*,*,#2965,.T.);
#3405 = ORIENTED_EDGE('',*,*,#2864,.T.);
#3406 = ORIENTED_EDGE('',*,*,#2994,.T.);
#3407 = PLANE('',#3408);
#3408 = AXIS2_PLACEMENT_3D('',#3409,#3410,#3411);
#3409 = CARTESIAN_POINT('',(-37.9,-9.169508336162,29.348445828004));
#3410 = DIRECTION('',(-1.,-0.,-0.));
#3411 = DIRECTION('',(0.,0.,-1.));
#3412 = ADVANCED_FACE('',(#3413),#3419,.F.);
#3413 = FACE_BOUND('',#3414,.F.);
#3414 = EDGE_LOOP('',(#3415,#3416,#3417,#3418));
#3415 = ORIENTED_EDGE('',*,*,#3102,.F.);
#3416 = ORIENTED_EDGE('',*,*,#3086,.F.);
#3417 = ORIENTED_EDGE('',*,*,#3061,.T.);
#3418 = ORIENTED_EDGE('',*,*,#3029,.T.);
#3419 = PLANE('',#3420);
#3420 = AXIS2_PLACEMENT_3D('',#3421,#3422,#3423);
#3421 = CARTESIAN_POINT('',(35.85,38.7999,12.6176));
#3422 = DIRECTION('',(1.,0.,-0.));
#3423 = DIRECTION('',(0.,0.,1.));
#3424 = ADVANCED_FACE('',(#3425),#3431,.F.);
#3425 = FACE_BOUND('',#3426,.F.);
#3426 = EDGE_LOOP('',(#3427,#3428,#3429,#3430));
#3427 = ORIENTED_EDGE('',*,*,#3360,.T.);
#3428 = ORIENTED_EDGE('',*,*,#3325,.T.);
#3429 = ORIENTED_EDGE('',*,*,#3243,.T.);
#3430 = ORIENTED_EDGE('',*,*,#3375,.T.);
#3431 = PLANE('',#3432);
#3432 = AXIS2_PLACEMENT_3D('',#3433,#3434,#3435);
#3433 = CARTESIAN_POINT('',(37.9,-9.169508336162,29.348445828004));
#3434 = DIRECTION('',(-1.,-0.,-0.));
#3435 = DIRECTION('',(0.,0.,-1.));
#3436 = ( GEOMETRIC_REPRESENTATION_CONTEXT(3) 
GLOBAL_UNCERTAINTY_ASSIGNED_CONTEXT((#3440)) 
GLOBAL_UNIT_ASSIGNED_CONTEXT((#3437,#3438,#3439)) REPRESENTATION_CONTEXT
('Context #1','3D Context with UNIT and UNCERTAINTY') );
#3437 = ( LENGTH_UNIT() NAMED_UNIT(*) SI_UNIT(.MILLI.,.METRE.) );
#3438 = ( NAMED_UNIT(*) PLANE_ANGLE_UNIT() SI_UNIT($,.RADIAN.) );
#3439 = ( NAMED_UNIT(*) SI_UNIT($,.STERADIAN.) SOLID_ANGLE_UNIT() );
#3440 = UNCERTAINTY_MEASURE_WITH_UNIT(LENGTH_MEASURE(1.E-07),#3437,
  'distance_accuracy_value','confusion accuracy');
#3441 = CONTEXT_DEPENDENT_SHAPE_REPRESENTATION(#3442,#3444);
#3442 = ( REPRESENTATION_RELATIONSHIP('','',#44,#10) 
REPRESENTATION_RELATIONSHIP_WITH_TRANSFORMATION(#3443) 
SHAPE_REPRESENTATION_RELATIONSHIP() );
#3443 = ITEM_DEFINED_TRANSFORMATION('','',#11,#15);
#3444 = PRODUCT_DEFINITION_SHAPE('Placement','Placement of an item',
  #3445);
#3445 = NEXT_ASSEMBLY_USAGE_OCCURRENCE('1','Part B tilt base','',#5,#39,
  $);
#3446 = PRODUCT_RELATED_PRODUCT_CATEGORY('part',$,(#41));
#3447 = SHAPE_DEFINITION_REPRESENTATION(#3448,#3454);
#3448 = PRODUCT_DEFINITION_SHAPE('','',#3449);
#3449 = PRODUCT_DEFINITION('design','',#3450,#3453);
#3450 = PRODUCT_DEFINITION_FORMATION('','',#3451);
#3451 = PRODUCT('Upper board cover','Upper board cover','',(#3452));
#3452 = PRODUCT_CONTEXT('',#2,'mechanical');
#3453 = PRODUCT_DEFINITION_CONTEXT('part definition',#2,'design');
#3454 = ADVANCED_BREP_SHAPE_REPRESENTATION('',(#11,#3455),#5555);
#3455 = MANIFOLD_SOLID_BREP('',#3456);
#3456 = CLOSED_SHELL('',(#3457,#3499,#3855,#3879,#4148,#4165,#4182,#4199
    ,#4216,#4233,#4245,#4262,#4287,#4304,#4321,#4338,#4363,#4380,#4397,
    #4414,#4431,#4448,#4465,#4497,#4521,#4546,#4570,#4595,#4619,#4644,
    #4661,#4678,#4695,#4720,#4737,#4754,#4771,#4796,#4813,#4860,#4900,
    #4940,#4973,#4993,#5013,#5135,#5155,#5175,#5192,#5209,#5242,#5275,
    #5292,#5309,#5342,#5375,#5408,#5441,#5458,#5486,#5498,#5515,#5543));
#3457 = ADVANCED_FACE('',(#3458),#3494,.T.);
#3458 = FACE_BOUND('',#3459,.T.);
#3459 = EDGE_LOOP('',(#3460,#3471,#3479,#3488));
#3460 = ORIENTED_EDGE('',*,*,#3461,.F.);
#3461 = EDGE_CURVE('',#3462,#3464,#3466,.T.);
#3462 = VERTEX_POINT('',#3463);
#3463 = CARTESIAN_POINT('',(-64.,-35.,36.1522));
#3464 = VERTEX_POINT('',#3465);
#3465 = CARTESIAN_POINT('',(-60.,-39.,36.1522));
#3466 = CIRCLE('',#3467,4.);
#3467 = AXIS2_PLACEMENT_3D('',#3468,#3469,#3470);
#3468 = CARTESIAN_POINT('',(-60.,-35.,36.1522));
#3469 = DIRECTION('',(0.,0.,1.));
#3470 = DIRECTION('',(1.,0.,-0.));
#3471 = ORIENTED_EDGE('',*,*,#3472,.F.);
#3472 = EDGE_CURVE('',#3473,#3462,#3475,.T.);
#3473 = VERTEX_POINT('',#3474);
#3474 = CARTESIAN_POINT('',(-64.,-35.,33.1522));
#3475 = LINE('',#3476,#3477);
#3476 = CARTESIAN_POINT('',(-64.,-35.,33.1522));
#3477 = VECTOR('',#3478,1.);
#3478 = DIRECTION('',(0.,0.,1.));
#3479 = ORIENTED_EDGE('',*,*,#3480,.T.);
#3480 = EDGE_CURVE('',#3473,#3481,#3483,.T.);
#3481 = VERTEX_POINT('',#3482);
#3482 = CARTESIAN_POINT('',(-60.,-39.,33.1522));
#3483 = CIRCLE('',#3484,4.);
#3484 = AXIS2_PLACEMENT_3D('',#3485,#3486,#3487);
#3485 = CARTESIAN_POINT('',(-60.,-35.,33.1522));
#3486 = DIRECTION('',(0.,0.,1.));
#3487 = DIRECTION('',(1.,0.,-0.));
#3488 = ORIENTED_EDGE('',*,*,#3489,.T.);
#3489 = EDGE_CURVE('',#3481,#3464,#3490,.T.);
#3490 = LINE('',#3491,#3492);
#3491 = CARTESIAN_POINT('',(-60.,-39.,33.1522));
#3492 = VECTOR('',#3493,1.);
#3493 = DIRECTION('',(0.,0.,1.));
#3494 = CYLINDRICAL_SURFACE('',#3495,4.);
#3495 = AXIS2_PLACEMENT_3D('',#3496,#3497,#3498);
#3496 = CARTESIAN_POINT('',(-60.,-35.,33.1522));
#3497 = DIRECTION('',(0.,0.,1.));
#3498 = DIRECTION('',(1.,0.,-0.));
#3499 = ADVANCED_FACE('',(#3500,#3560,#3571,#3582,#3593,#3604,#3615,
    #3626,#3637,#3648,#3659,#3670,#3681,#3692,#3762,#3773,#3784,#3795,
    #3806,#3817,#3828,#3839),#3850,.T.);
#3500 = FACE_BOUND('',#3501,.T.);
#3501 = EDGE_LOOP('',(#3502,#3503,#3511,#3520,#3528,#3537,#3545,#3554));
#3502 = ORIENTED_EDGE('',*,*,#3461,.T.);
#3503 = ORIENTED_EDGE('',*,*,#3504,.T.);
#3504 = EDGE_CURVE('',#3464,#3505,#3507,.T.);
#3505 = VERTEX_POINT('',#3506);
#3506 = CARTESIAN_POINT('',(60.,-39.,36.1522));
#3507 = LINE('',#3508,#3509);
#3508 = CARTESIAN_POINT('',(-60.,-39.,36.1522));
#3509 = VECTOR('',#3510,1.);
#3510 = DIRECTION('',(1.,0.,-0.));
#3511 = ORIENTED_EDGE('',*,*,#3512,.T.);
#3512 = EDGE_CURVE('',#3505,#3513,#3515,.T.);
#3513 = VERTEX_POINT('',#3514);
#3514 = CARTESIAN_POINT('',(64.,-35.,36.1522));
#3515 = CIRCLE('',#3516,4.);
#3516 = AXIS2_PLACEMENT_3D('',#3517,#3518,#3519);
#3517 = CARTESIAN_POINT('',(60.,-35.,36.1522));
#3518 = DIRECTION('',(0.,0.,1.));
#3519 = DIRECTION('',(1.,0.,-0.));
#3520 = ORIENTED_EDGE('',*,*,#3521,.T.);
#3521 = EDGE_CURVE('',#3513,#3522,#3524,.T.);
#3522 = VERTEX_POINT('',#3523);
#3523 = CARTESIAN_POINT('',(64.,35.,36.1522));
#3524 = LINE('',#3525,#3526);
#3525 = CARTESIAN_POINT('',(64.,-35.,36.1522));
#3526 = VECTOR('',#3527,1.);
#3527 = DIRECTION('',(-0.,1.,0.));
#3528 = ORIENTED_EDGE('',*,*,#3529,.T.);
#3529 = EDGE_CURVE('',#3522,#3530,#3532,.T.);
#3530 = VERTEX_POINT('',#3531);
#3531 = CARTESIAN_POINT('',(60.,39.,36.1522));
#3532 = CIRCLE('',#3533,4.);
#3533 = AXIS2_PLACEMENT_3D('',#3534,#3535,#3536);
#3534 = CARTESIAN_POINT('',(60.,35.,36.1522));
#3535 = DIRECTION('',(0.,0.,1.));
#3536 = DIRECTION('',(1.,0.,-0.));
#3537 = ORIENTED_EDGE('',*,*,#3538,.F.);
#3538 = EDGE_CURVE('',#3539,#3530,#3541,.T.);
#3539 = VERTEX_POINT('',#3540);
#3540 = CARTESIAN_POINT('',(-60.,39.,36.1522));
#3541 = LINE('',#3542,#3543);
#3542 = CARTESIAN_POINT('',(-60.,39.,36.1522));
#3543 = VECTOR('',#3544,1.);
#3544 = DIRECTION('',(1.,0.,-0.));
#3545 = ORIENTED_EDGE('',*,*,#3546,.T.);
#3546 = EDGE_CURVE('',#3539,#3547,#3549,.T.);
#3547 = VERTEX_POINT('',#3548);
#3548 = CARTESIAN_POINT('',(-64.,35.,36.1522));
#3549 = CIRCLE('',#3550,4.);
#3550 = AXIS2_PLACEMENT_3D('',#3551,#3552,#3553);
#3551 = CARTESIAN_POINT('',(-60.,35.,36.1522));
#3552 = DIRECTION('',(0.,0.,1.));
#3553 = DIRECTION('',(1.,0.,-0.));
#3554 = ORIENTED_EDGE('',*,*,#3555,.F.);
#3555 = EDGE_CURVE('',#3462,#3547,#3556,.T.);
#3556 = LINE('',#3557,#3558);
#3557 = CARTESIAN_POINT('',(-64.,-35.,36.1522));
#3558 = VECTOR('',#3559,1.);
#3559 = DIRECTION('',(-0.,1.,0.));
#3560 = FACE_BOUND('',#3561,.T.);
#3561 = EDGE_LOOP('',(#3562));
#3562 = ORIENTED_EDGE('',*,*,#3563,.F.);
#3563 = EDGE_CURVE('',#3564,#3564,#3566,.T.);
#3564 = VERTEX_POINT('',#3565);
#3565 = CARTESIAN_POINT('',(-57.3,-35.,36.1522));
#3566 = CIRCLE('',#3567,1.7);
#3567 = AXIS2_PLACEMENT_3D('',#3568,#3569,#3570);
#3568 = CARTESIAN_POINT('',(-59.,-35.,36.1522));
#3569 = DIRECTION('',(0.,0.,1.));
#3570 = DIRECTION('',(1.,0.,-0.));
#3571 = FACE_BOUND('',#3572,.T.);
#3572 = EDGE_LOOP('',(#3573));
#3573 = ORIENTED_EDGE('',*,*,#3574,.F.);
#3574 = EDGE_CURVE('',#3575,#3575,#3577,.T.);
#3575 = VERTEX_POINT('',#3576);
#3576 = CARTESIAN_POINT('',(-48.3,-35.,36.1522));
#3577 = CIRCLE('',#3578,1.7);
#3578 = AXIS2_PLACEMENT_3D('',#3579,#3580,#3581);
#3579 = CARTESIAN_POINT('',(-50.,-35.,36.1522));
#3580 = DIRECTION('',(0.,0.,1.));
#3581 = DIRECTION('',(1.,0.,-0.));
#3582 = FACE_BOUND('',#3583,.T.);
#3583 = EDGE_LOOP('',(#3584));
#3584 = ORIENTED_EDGE('',*,*,#3585,.F.);
#3585 = EDGE_CURVE('',#3586,#3586,#3588,.T.);
#3586 = VERTEX_POINT('',#3587);
#3587 = CARTESIAN_POINT('',(-57.3,-25.,36.1522));
#3588 = CIRCLE('',#3589,1.7);
#3589 = AXIS2_PLACEMENT_3D('',#3590,#3591,#3592);
#3590 = CARTESIAN_POINT('',(-59.,-25.,36.1522));
#3591 = DIRECTION('',(0.,0.,1.));
#3592 = DIRECTION('',(1.,0.,-0.));
#3593 = FACE_BOUND('',#3594,.T.);
#3594 = EDGE_LOOP('',(#3595));
#3595 = ORIENTED_EDGE('',*,*,#3596,.F.);
#3596 = EDGE_CURVE('',#3597,#3597,#3599,.T.);
#3597 = VERTEX_POINT('',#3598);
#3598 = CARTESIAN_POINT('',(-57.3,-15.,36.1522));
#3599 = CIRCLE('',#3600,1.7);
#3600 = AXIS2_PLACEMENT_3D('',#3601,#3602,#3603);
#3601 = CARTESIAN_POINT('',(-59.,-15.,36.1522));
#3602 = DIRECTION('',(0.,0.,1.));
#3603 = DIRECTION('',(1.,0.,-0.));
#3604 = FACE_BOUND('',#3605,.T.);
#3605 = EDGE_LOOP('',(#3606));
#3606 = ORIENTED_EDGE('',*,*,#3607,.F.);
#3607 = EDGE_CURVE('',#3608,#3608,#3610,.T.);
#3608 = VERTEX_POINT('',#3609);
#3609 = CARTESIAN_POINT('',(-57.3,-5.,36.1522));
#3610 = CIRCLE('',#3611,1.7);
#3611 = AXIS2_PLACEMENT_3D('',#3612,#3613,#3614);
#3612 = CARTESIAN_POINT('',(-59.,-5.,36.1522));
#3613 = DIRECTION('',(0.,0.,1.));
#3614 = DIRECTION('',(1.,0.,-0.));
#3615 = FACE_BOUND('',#3616,.T.);
#3616 = EDGE_LOOP('',(#3617));
#3617 = ORIENTED_EDGE('',*,*,#3618,.F.);
#3618 = EDGE_CURVE('',#3619,#3619,#3621,.T.);
#3619 = VERTEX_POINT('',#3620);
#3620 = CARTESIAN_POINT('',(51.7,-35.,36.1522));
#3621 = CIRCLE('',#3622,1.7);
#3622 = AXIS2_PLACEMENT_3D('',#3623,#3624,#3625);
#3623 = CARTESIAN_POINT('',(50.,-35.,36.1522));
#3624 = DIRECTION('',(0.,0.,1.));
#3625 = DIRECTION('',(1.,0.,-0.));
#3626 = FACE_BOUND('',#3627,.T.);
#3627 = EDGE_LOOP('',(#3628));
#3628 = ORIENTED_EDGE('',*,*,#3629,.F.);
#3629 = EDGE_CURVE('',#3630,#3630,#3632,.T.);
#3630 = VERTEX_POINT('',#3631);
#3631 = CARTESIAN_POINT('',(60.7,-35.,36.1522));
#3632 = CIRCLE('',#3633,1.7);
#3633 = AXIS2_PLACEMENT_3D('',#3634,#3635,#3636);
#3634 = CARTESIAN_POINT('',(59.,-35.,36.1522));
#3635 = DIRECTION('',(0.,0.,1.));
#3636 = DIRECTION('',(1.,0.,-0.));
#3637 = FACE_BOUND('',#3638,.T.);
#3638 = EDGE_LOOP('',(#3639));
#3639 = ORIENTED_EDGE('',*,*,#3640,.F.);
#3640 = EDGE_CURVE('',#3641,#3641,#3643,.T.);
#3641 = VERTEX_POINT('',#3642);
#3642 = CARTESIAN_POINT('',(60.7,-25.,36.1522));
#3643 = CIRCLE('',#3644,1.7);
#3644 = AXIS2_PLACEMENT_3D('',#3645,#3646,#3647);
#3645 = CARTESIAN_POINT('',(59.,-25.,36.1522));
#3646 = DIRECTION('',(0.,0.,1.));
#3647 = DIRECTION('',(1.,0.,-0.));
#3648 = FACE_BOUND('',#3649,.T.);
#3649 = EDGE_LOOP('',(#3650));
#3650 = ORIENTED_EDGE('',*,*,#3651,.F.);
#3651 = EDGE_CURVE('',#3652,#3652,#3654,.T.);
#3652 = VERTEX_POINT('',#3653);
#3653 = CARTESIAN_POINT('',(60.7,-15.,36.1522));
#3654 = CIRCLE('',#3655,1.7);
#3655 = AXIS2_PLACEMENT_3D('',#3656,#3657,#3658);
#3656 = CARTESIAN_POINT('',(59.,-15.,36.1522));
#3657 = DIRECTION('',(0.,0.,1.));
#3658 = DIRECTION('',(1.,0.,-0.));
#3659 = FACE_BOUND('',#3660,.T.);
#3660 = EDGE_LOOP('',(#3661));
#3661 = ORIENTED_EDGE('',*,*,#3662,.F.);
#3662 = EDGE_CURVE('',#3663,#3663,#3665,.T.);
#3663 = VERTEX_POINT('',#3664);
#3664 = CARTESIAN_POINT('',(60.7,-5.,36.1522));
#3665 = CIRCLE('',#3666,1.7);
#3666 = AXIS2_PLACEMENT_3D('',#3667,#3668,#3669);
#3667 = CARTESIAN_POINT('',(59.,-5.,36.1522));
#3668 = DIRECTION('',(0.,0.,1.));
#3669 = DIRECTION('',(1.,0.,-0.));
#3670 = FACE_BOUND('',#3671,.T.);
#3671 = EDGE_LOOP('',(#3672));
#3672 = ORIENTED_EDGE('',*,*,#3673,.F.);
#3673 = EDGE_CURVE('',#3674,#3674,#3676,.T.);
#3674 = VERTEX_POINT('',#3675);
#3675 = CARTESIAN_POINT('',(-57.3,5.,36.1522));
#3676 = CIRCLE('',#3677,1.7);
#3677 = AXIS2_PLACEMENT_3D('',#3678,#3679,#3680);
#3678 = CARTESIAN_POINT('',(-59.,5.,36.1522));
#3679 = DIRECTION('',(0.,0.,1.));
#3680 = DIRECTION('',(1.,0.,-0.));
#3681 = FACE_BOUND('',#3682,.T.);
#3682 = EDGE_LOOP('',(#3683));
#3683 = ORIENTED_EDGE('',*,*,#3684,.F.);
#3684 = EDGE_CURVE('',#3685,#3685,#3687,.T.);
#3685 = VERTEX_POINT('',#3686);
#3686 = CARTESIAN_POINT('',(-57.3,15.,36.1522));
#3687 = CIRCLE('',#3688,1.7);
#3688 = AXIS2_PLACEMENT_3D('',#3689,#3690,#3691);
#3689 = CARTESIAN_POINT('',(-59.,15.,36.1522));
#3690 = DIRECTION('',(0.,0.,1.));
#3691 = DIRECTION('',(1.,0.,-0.));
#3692 = FACE_BOUND('',#3693,.T.);
#3693 = EDGE_LOOP('',(#3694,#3705,#3713,#3722,#3730,#3739,#3747,#3756));
#3694 = ORIENTED_EDGE('',*,*,#3695,.F.);
#3695 = EDGE_CURVE('',#3696,#3698,#3700,.T.);
#3696 = VERTEX_POINT('',#3697);
#3697 = CARTESIAN_POINT('',(-30.153,-11.67,36.1522));
#3698 = VERTEX_POINT('',#3699);
#3699 = CARTESIAN_POINT('',(-28.153,-13.67,36.1522));
#3700 = CIRCLE('',#3701,2.);
#3701 = AXIS2_PLACEMENT_3D('',#3702,#3703,#3704);
#3702 = CARTESIAN_POINT('',(-28.153,-11.67,36.1522));
#3703 = DIRECTION('',(0.,0.,1.));
#3704 = DIRECTION('',(1.,0.,-0.));
#3705 = ORIENTED_EDGE('',*,*,#3706,.T.);
#3706 = EDGE_CURVE('',#3696,#3707,#3709,.T.);
#3707 = VERTEX_POINT('',#3708);
#3708 = CARTESIAN_POINT('',(-30.153,25.33,36.1522));
#3709 = LINE('',#3710,#3711);
#3710 = CARTESIAN_POINT('',(-30.153,-5.835,36.1522));
#3711 = VECTOR('',#3712,1.);
#3712 = DIRECTION('',(-0.,1.,0.));
#3713 = ORIENTED_EDGE('',*,*,#3714,.F.);
#3714 = EDGE_CURVE('',#3715,#3707,#3717,.T.);
#3715 = VERTEX_POINT('',#3716);
#3716 = CARTESIAN_POINT('',(-28.153,27.33,36.1522));
#3717 = CIRCLE('',#3718,2.);
#3718 = AXIS2_PLACEMENT_3D('',#3719,#3720,#3721);
#3719 = CARTESIAN_POINT('',(-28.153,25.33,36.1522));
#3720 = DIRECTION('',(0.,0.,1.));
#3721 = DIRECTION('',(1.,0.,-0.));
#3722 = ORIENTED_EDGE('',*,*,#3723,.F.);
#3723 = EDGE_CURVE('',#3724,#3715,#3726,.T.);
#3724 = VERTEX_POINT('',#3725);
#3725 = CARTESIAN_POINT('',(27.847,27.33,36.1522));
#3726 = LINE('',#3727,#3728);
#3727 = CARTESIAN_POINT('',(-14.0765,27.33,36.1522));
#3728 = VECTOR('',#3729,1.);
#3729 = DIRECTION('',(-1.,-0.,0.));
#3730 = ORIENTED_EDGE('',*,*,#3731,.F.);
#3731 = EDGE_CURVE('',#3732,#3724,#3734,.T.);
#3732 = VERTEX_POINT('',#3733);
#3733 = CARTESIAN_POINT('',(29.847,25.33,36.1522));
#3734 = CIRCLE('',#3735,2.);
#3735 = AXIS2_PLACEMENT_3D('',#3736,#3737,#3738);
#3736 = CARTESIAN_POINT('',(27.847,25.33,36.1522));
#3737 = DIRECTION('',(0.,0.,1.));
#3738 = DIRECTION('',(1.,0.,-0.));
#3739 = ORIENTED_EDGE('',*,*,#3740,.F.);
#3740 = EDGE_CURVE('',#3741,#3732,#3743,.T.);
#3741 = VERTEX_POINT('',#3742);
#3742 = CARTESIAN_POINT('',(29.847,-11.67,36.1522));
#3743 = LINE('',#3744,#3745);
#3744 = CARTESIAN_POINT('',(29.847,-5.835,36.1522));
#3745 = VECTOR('',#3746,1.);
#3746 = DIRECTION('',(-0.,1.,0.));
#3747 = ORIENTED_EDGE('',*,*,#3748,.F.);
#3748 = EDGE_CURVE('',#3749,#3741,#3751,.T.);
#3749 = VERTEX_POINT('',#3750);
#3750 = CARTESIAN_POINT('',(27.847,-13.67,36.1522));
#3751 = CIRCLE('',#3752,2.);
#3752 = AXIS2_PLACEMENT_3D('',#3753,#3754,#3755);
#3753 = CARTESIAN_POINT('',(27.847,-11.67,36.1522));
#3754 = DIRECTION('',(0.,0.,1.));
#3755 = DIRECTION('',(1.,0.,-0.));
#3756 = ORIENTED_EDGE('',*,*,#3757,.T.);
#3757 = EDGE_CURVE('',#3749,#3698,#3758,.T.);
#3758 = LINE('',#3759,#3760);
#3759 = CARTESIAN_POINT('',(-14.0765,-13.67,36.1522));
#3760 = VECTOR('',#3761,1.);
#3761 = DIRECTION('',(-1.,-0.,0.));
#3762 = FACE_BOUND('',#3763,.T.);
#3763 = EDGE_LOOP('',(#3764));
#3764 = ORIENTED_EDGE('',*,*,#3765,.F.);
#3765 = EDGE_CURVE('',#3766,#3766,#3768,.T.);
#3766 = VERTEX_POINT('',#3767);
#3767 = CARTESIAN_POINT('',(-57.3,25.,36.1522));
#3768 = CIRCLE('',#3769,1.7);
#3769 = AXIS2_PLACEMENT_3D('',#3770,#3771,#3772);
#3770 = CARTESIAN_POINT('',(-59.,25.,36.1522));
#3771 = DIRECTION('',(0.,0.,1.));
#3772 = DIRECTION('',(1.,0.,-0.));
#3773 = FACE_BOUND('',#3774,.T.);
#3774 = EDGE_LOOP('',(#3775));
#3775 = ORIENTED_EDGE('',*,*,#3776,.F.);
#3776 = EDGE_CURVE('',#3777,#3777,#3779,.T.);
#3777 = VERTEX_POINT('',#3778);
#3778 = CARTESIAN_POINT('',(-57.3,35.,36.1522));
#3779 = CIRCLE('',#3780,1.7);
#3780 = AXIS2_PLACEMENT_3D('',#3781,#3782,#3783);
#3781 = CARTESIAN_POINT('',(-59.,35.,36.1522));
#3782 = DIRECTION('',(0.,0.,1.));
#3783 = DIRECTION('',(1.,0.,-0.));
#3784 = FACE_BOUND('',#3785,.T.);
#3785 = EDGE_LOOP('',(#3786));
#3786 = ORIENTED_EDGE('',*,*,#3787,.F.);
#3787 = EDGE_CURVE('',#3788,#3788,#3790,.T.);
#3788 = VERTEX_POINT('',#3789);
#3789 = CARTESIAN_POINT('',(-48.3,35.,36.1522));
#3790 = CIRCLE('',#3791,1.7);
#3791 = AXIS2_PLACEMENT_3D('',#3792,#3793,#3794);
#3792 = CARTESIAN_POINT('',(-50.,35.,36.1522));
#3793 = DIRECTION('',(0.,0.,1.));
#3794 = DIRECTION('',(1.,0.,-0.));
#3795 = FACE_BOUND('',#3796,.T.);
#3796 = EDGE_LOOP('',(#3797));
#3797 = ORIENTED_EDGE('',*,*,#3798,.F.);
#3798 = EDGE_CURVE('',#3799,#3799,#3801,.T.);
#3799 = VERTEX_POINT('',#3800);
#3800 = CARTESIAN_POINT('',(60.7,5.,36.1522));
#3801 = CIRCLE('',#3802,1.7);
#3802 = AXIS2_PLACEMENT_3D('',#3803,#3804,#3805);
#3803 = CARTESIAN_POINT('',(59.,5.,36.1522));
#3804 = DIRECTION('',(0.,0.,1.));
#3805 = DIRECTION('',(1.,0.,-0.));
#3806 = FACE_BOUND('',#3807,.T.);
#3807 = EDGE_LOOP('',(#3808));
#3808 = ORIENTED_EDGE('',*,*,#3809,.F.);
#3809 = EDGE_CURVE('',#3810,#3810,#3812,.T.);
#3810 = VERTEX_POINT('',#3811);
#3811 = CARTESIAN_POINT('',(60.7,15.,36.1522));
#3812 = CIRCLE('',#3813,1.7);
#3813 = AXIS2_PLACEMENT_3D('',#3814,#3815,#3816);
#3814 = CARTESIAN_POINT('',(59.,15.,36.1522));
#3815 = DIRECTION('',(0.,0.,1.));
#3816 = DIRECTION('',(1.,0.,-0.));
#3817 = FACE_BOUND('',#3818,.T.);
#3818 = EDGE_LOOP('',(#3819));
#3819 = ORIENTED_EDGE('',*,*,#3820,.F.);
#3820 = EDGE_CURVE('',#3821,#3821,#3823,.T.);
#3821 = VERTEX_POINT('',#3822);
#3822 = CARTESIAN_POINT('',(60.7,25.,36.1522));
#3823 = CIRCLE('',#3824,1.7);
#3824 = AXIS2_PLACEMENT_3D('',#3825,#3826,#3827);
#3825 = CARTESIAN_POINT('',(59.,25.,36.1522));
#3826 = DIRECTION('',(0.,0.,1.));
#3827 = DIRECTION('',(1.,0.,-0.));
#3828 = FACE_BOUND('',#3829,.T.);
#3829 = EDGE_LOOP('',(#3830));
#3830 = ORIENTED_EDGE('',*,*,#3831,.F.);
#3831 = EDGE_CURVE('',#3832,#3832,#3834,.T.);
#3832 = VERTEX_POINT('',#3833);
#3833 = CARTESIAN_POINT('',(51.7,35.,36.1522));
#3834 = CIRCLE('',#3835,1.7);
#3835 = AXIS2_PLACEMENT_3D('',#3836,#3837,#3838);
#3836 = CARTESIAN_POINT('',(50.,35.,36.1522));
#3837 = DIRECTION('',(0.,0.,1.));
#3838 = DIRECTION('',(1.,0.,-0.));
#3839 = FACE_BOUND('',#3840,.T.);
#3840 = EDGE_LOOP('',(#3841));
#3841 = ORIENTED_EDGE('',*,*,#3842,.F.);
#3842 = EDGE_CURVE('',#3843,#3843,#3845,.T.);
#3843 = VERTEX_POINT('',#3844);
#3844 = CARTESIAN_POINT('',(60.7,35.,36.1522));
#3845 = CIRCLE('',#3846,1.7);
#3846 = AXIS2_PLACEMENT_3D('',#3847,#3848,#3849);
#3847 = CARTESIAN_POINT('',(59.,35.,36.1522));
#3848 = DIRECTION('',(0.,0.,1.));
#3849 = DIRECTION('',(1.,0.,-0.));
#3850 = PLANE('',#3851);
#3851 = AXIS2_PLACEMENT_3D('',#3852,#3853,#3854);
#3852 = CARTESIAN_POINT('',(0.,-5.616291690047E-16,36.1522));
#3853 = DIRECTION('',(0.,0.,1.));
#3854 = DIRECTION('',(1.,0.,-0.));
#3855 = ADVANCED_FACE('',(#3856),#3874,.F.);
#3856 = FACE_BOUND('',#3857,.F.);
#3857 = EDGE_LOOP('',(#3858,#3866,#3867,#3868));
#3858 = ORIENTED_EDGE('',*,*,#3859,.F.);
#3859 = EDGE_CURVE('',#3481,#3860,#3862,.T.);
#3860 = VERTEX_POINT('',#3861);
#3861 = CARTESIAN_POINT('',(60.,-39.,33.1522));
#3862 = LINE('',#3863,#3864);
#3863 = CARTESIAN_POINT('',(-60.,-39.,33.1522));
#3864 = VECTOR('',#3865,1.);
#3865 = DIRECTION('',(1.,0.,-0.));
#3866 = ORIENTED_EDGE('',*,*,#3489,.T.);
#3867 = ORIENTED_EDGE('',*,*,#3504,.T.);
#3868 = ORIENTED_EDGE('',*,*,#3869,.F.);
#3869 = EDGE_CURVE('',#3860,#3505,#3870,.T.);
#3870 = LINE('',#3871,#3872);
#3871 = CARTESIAN_POINT('',(60.,-39.,33.1522));
#3872 = VECTOR('',#3873,1.);
#3873 = DIRECTION('',(0.,0.,1.));
#3874 = PLANE('',#3875);
#3875 = AXIS2_PLACEMENT_3D('',#3876,#3877,#3878);
#3876 = CARTESIAN_POINT('',(-60.,-39.,33.1522));
#3877 = DIRECTION('',(-0.,1.,0.));
#3878 = DIRECTION('',(0.,0.,1.));
#3879 = ADVANCED_FACE('',(#3880,#3933,#3944,#3955,#3966,#3977,#3988,
    #3999,#4010,#4021,#4032,#4043,#4054,#4065,#4099,#4110,#4121,#4132),
  #4143,.T.);
#3880 = FACE_BOUND('',#3881,.T.);
#3881 = EDGE_LOOP('',(#3882,#3883,#3891,#3900,#3908,#3917,#3925,#3932));
#3882 = ORIENTED_EDGE('',*,*,#3480,.F.);
#3883 = ORIENTED_EDGE('',*,*,#3884,.T.);
#3884 = EDGE_CURVE('',#3473,#3885,#3887,.T.);
#3885 = VERTEX_POINT('',#3886);
#3886 = CARTESIAN_POINT('',(-64.,35.,33.1522));
#3887 = LINE('',#3888,#3889);
#3888 = CARTESIAN_POINT('',(-64.,-35.,33.1522));
#3889 = VECTOR('',#3890,1.);
#3890 = DIRECTION('',(-0.,1.,0.));
#3891 = ORIENTED_EDGE('',*,*,#3892,.F.);
#3892 = EDGE_CURVE('',#3893,#3885,#3895,.T.);
#3893 = VERTEX_POINT('',#3894);
#3894 = CARTESIAN_POINT('',(-60.,39.,33.1522));
#3895 = CIRCLE('',#3896,4.);
#3896 = AXIS2_PLACEMENT_3D('',#3897,#3898,#3899);
#3897 = CARTESIAN_POINT('',(-60.,35.,33.1522));
#3898 = DIRECTION('',(0.,0.,1.));
#3899 = DIRECTION('',(1.,0.,-0.));
#3900 = ORIENTED_EDGE('',*,*,#3901,.T.);
#3901 = EDGE_CURVE('',#3893,#3902,#3904,.T.);
#3902 = VERTEX_POINT('',#3903);
#3903 = CARTESIAN_POINT('',(60.,39.,33.1522));
#3904 = LINE('',#3905,#3906);
#3905 = CARTESIAN_POINT('',(-60.,39.,33.1522));
#3906 = VECTOR('',#3907,1.);
#3907 = DIRECTION('',(1.,0.,-0.));
#3908 = ORIENTED_EDGE('',*,*,#3909,.F.);
#3909 = EDGE_CURVE('',#3910,#3902,#3912,.T.);
#3910 = VERTEX_POINT('',#3911);
#3911 = CARTESIAN_POINT('',(64.,35.,33.1522));
#3912 = CIRCLE('',#3913,4.);
#3913 = AXIS2_PLACEMENT_3D('',#3914,#3915,#3916);
#3914 = CARTESIAN_POINT('',(60.,35.,33.1522));
#3915 = DIRECTION('',(0.,0.,1.));
#3916 = DIRECTION('',(1.,0.,-0.));
#3917 = ORIENTED_EDGE('',*,*,#3918,.F.);
#3918 = EDGE_CURVE('',#3919,#3910,#3921,.T.);
#3919 = VERTEX_POINT('',#3920);
#3920 = CARTESIAN_POINT('',(64.,-35.,33.1522));
#3921 = LINE('',#3922,#3923);
#3922 = CARTESIAN_POINT('',(64.,-35.,33.1522));
#3923 = VECTOR('',#3924,1.);
#3924 = DIRECTION('',(-0.,1.,0.));
#3925 = ORIENTED_EDGE('',*,*,#3926,.F.);
#3926 = EDGE_CURVE('',#3860,#3919,#3927,.T.);
#3927 = CIRCLE('',#3928,4.);
#3928 = AXIS2_PLACEMENT_3D('',#3929,#3930,#3931);
#3929 = CARTESIAN_POINT('',(60.,-35.,33.1522));
#3930 = DIRECTION('',(0.,0.,1.));
#3931 = DIRECTION('',(1.,0.,-0.));
#3932 = ORIENTED_EDGE('',*,*,#3859,.F.);
#3933 = FACE_BOUND('',#3934,.T.);
#3934 = EDGE_LOOP('',(#3935));
#3935 = ORIENTED_EDGE('',*,*,#3936,.T.);
#3936 = EDGE_CURVE('',#3937,#3937,#3939,.T.);
#3937 = VERTEX_POINT('',#3938);
#3938 = CARTESIAN_POINT('',(60.7,-35.,33.1522));
#3939 = CIRCLE('',#3940,1.7);
#3940 = AXIS2_PLACEMENT_3D('',#3941,#3942,#3943);
#3941 = CARTESIAN_POINT('',(59.,-35.,33.1522));
#3942 = DIRECTION('',(0.,0.,1.));
#3943 = DIRECTION('',(1.,0.,-0.));
#3944 = FACE_BOUND('',#3945,.T.);
#3945 = EDGE_LOOP('',(#3946));
#3946 = ORIENTED_EDGE('',*,*,#3947,.T.);
#3947 = EDGE_CURVE('',#3948,#3948,#3950,.T.);
#3948 = VERTEX_POINT('',#3949);
#3949 = CARTESIAN_POINT('',(60.7,-25.,33.1522));
#3950 = CIRCLE('',#3951,1.7);
#3951 = AXIS2_PLACEMENT_3D('',#3952,#3953,#3954);
#3952 = CARTESIAN_POINT('',(59.,-25.,33.1522));
#3953 = DIRECTION('',(0.,0.,1.));
#3954 = DIRECTION('',(1.,0.,-0.));
#3955 = FACE_BOUND('',#3956,.T.);
#3956 = EDGE_LOOP('',(#3957));
#3957 = ORIENTED_EDGE('',*,*,#3958,.T.);
#3958 = EDGE_CURVE('',#3959,#3959,#3961,.T.);
#3959 = VERTEX_POINT('',#3960);
#3960 = CARTESIAN_POINT('',(60.7,-15.,33.1522));
#3961 = CIRCLE('',#3962,1.7);
#3962 = AXIS2_PLACEMENT_3D('',#3963,#3964,#3965);
#3963 = CARTESIAN_POINT('',(59.,-15.,33.1522));
#3964 = DIRECTION('',(0.,0.,1.));
#3965 = DIRECTION('',(1.,0.,-0.));
#3966 = FACE_BOUND('',#3967,.T.);
#3967 = EDGE_LOOP('',(#3968));
#3968 = ORIENTED_EDGE('',*,*,#3969,.T.);
#3969 = EDGE_CURVE('',#3970,#3970,#3972,.T.);
#3970 = VERTEX_POINT('',#3971);
#3971 = CARTESIAN_POINT('',(60.7,-5.,33.1522));
#3972 = CIRCLE('',#3973,1.7);
#3973 = AXIS2_PLACEMENT_3D('',#3974,#3975,#3976);
#3974 = CARTESIAN_POINT('',(59.,-5.,33.1522));
#3975 = DIRECTION('',(0.,0.,1.));
#3976 = DIRECTION('',(1.,0.,-0.));
#3977 = FACE_BOUND('',#3978,.T.);
#3978 = EDGE_LOOP('',(#3979));
#3979 = ORIENTED_EDGE('',*,*,#3980,.T.);
#3980 = EDGE_CURVE('',#3981,#3981,#3983,.T.);
#3981 = VERTEX_POINT('',#3982);
#3982 = CARTESIAN_POINT('',(-57.3,-35.,33.1522));
#3983 = CIRCLE('',#3984,1.7);
#3984 = AXIS2_PLACEMENT_3D('',#3985,#3986,#3987);
#3985 = CARTESIAN_POINT('',(-59.,-35.,33.1522));
#3986 = DIRECTION('',(0.,0.,1.));
#3987 = DIRECTION('',(1.,0.,-0.));
#3988 = FACE_BOUND('',#3989,.T.);
#3989 = EDGE_LOOP('',(#3990));
#3990 = ORIENTED_EDGE('',*,*,#3991,.T.);
#3991 = EDGE_CURVE('',#3992,#3992,#3994,.T.);
#3992 = VERTEX_POINT('',#3993);
#3993 = CARTESIAN_POINT('',(-57.3,-25.,33.1522));
#3994 = CIRCLE('',#3995,1.7);
#3995 = AXIS2_PLACEMENT_3D('',#3996,#3997,#3998);
#3996 = CARTESIAN_POINT('',(-59.,-25.,33.1522));
#3997 = DIRECTION('',(0.,0.,1.));
#3998 = DIRECTION('',(1.,0.,-0.));
#3999 = FACE_BOUND('',#4000,.T.);
#4000 = EDGE_LOOP('',(#4001));
#4001 = ORIENTED_EDGE('',*,*,#4002,.T.);
#4002 = EDGE_CURVE('',#4003,#4003,#4005,.T.);
#4003 = VERTEX_POINT('',#4004);
#4004 = CARTESIAN_POINT('',(-57.3,-15.,33.1522));
#4005 = CIRCLE('',#4006,1.7);
#4006 = AXIS2_PLACEMENT_3D('',#4007,#4008,#4009);
#4007 = CARTESIAN_POINT('',(-59.,-15.,33.1522));
#4008 = DIRECTION('',(0.,0.,1.));
#4009 = DIRECTION('',(1.,0.,-0.));
#4010 = FACE_BOUND('',#4011,.T.);
#4011 = EDGE_LOOP('',(#4012));
#4012 = ORIENTED_EDGE('',*,*,#4013,.T.);
#4013 = EDGE_CURVE('',#4014,#4014,#4016,.T.);
#4014 = VERTEX_POINT('',#4015);
#4015 = CARTESIAN_POINT('',(-57.3,-5.,33.1522));
#4016 = CIRCLE('',#4017,1.7);
#4017 = AXIS2_PLACEMENT_3D('',#4018,#4019,#4020);
#4018 = CARTESIAN_POINT('',(-59.,-5.,33.1522));
#4019 = DIRECTION('',(0.,0.,1.));
#4020 = DIRECTION('',(1.,0.,-0.));
#4021 = FACE_BOUND('',#4022,.T.);
#4022 = EDGE_LOOP('',(#4023));
#4023 = ORIENTED_EDGE('',*,*,#4024,.T.);
#4024 = EDGE_CURVE('',#4025,#4025,#4027,.T.);
#4025 = VERTEX_POINT('',#4026);
#4026 = CARTESIAN_POINT('',(60.7,5.,33.1522));
#4027 = CIRCLE('',#4028,1.7);
#4028 = AXIS2_PLACEMENT_3D('',#4029,#4030,#4031);
#4029 = CARTESIAN_POINT('',(59.,5.,33.1522));
#4030 = DIRECTION('',(0.,0.,1.));
#4031 = DIRECTION('',(1.,0.,-0.));
#4032 = FACE_BOUND('',#4033,.T.);
#4033 = EDGE_LOOP('',(#4034));
#4034 = ORIENTED_EDGE('',*,*,#4035,.T.);
#4035 = EDGE_CURVE('',#4036,#4036,#4038,.T.);
#4036 = VERTEX_POINT('',#4037);
#4037 = CARTESIAN_POINT('',(60.7,15.,33.1522));
#4038 = CIRCLE('',#4039,1.7);
#4039 = AXIS2_PLACEMENT_3D('',#4040,#4041,#4042);
#4040 = CARTESIAN_POINT('',(59.,15.,33.1522));
#4041 = DIRECTION('',(0.,0.,1.));
#4042 = DIRECTION('',(1.,0.,-0.));
#4043 = FACE_BOUND('',#4044,.T.);
#4044 = EDGE_LOOP('',(#4045));
#4045 = ORIENTED_EDGE('',*,*,#4046,.T.);
#4046 = EDGE_CURVE('',#4047,#4047,#4049,.T.);
#4047 = VERTEX_POINT('',#4048);
#4048 = CARTESIAN_POINT('',(60.7,25.,33.1522));
#4049 = CIRCLE('',#4050,1.7);
#4050 = AXIS2_PLACEMENT_3D('',#4051,#4052,#4053);
#4051 = CARTESIAN_POINT('',(59.,25.,33.1522));
#4052 = DIRECTION('',(0.,0.,1.));
#4053 = DIRECTION('',(1.,0.,-0.));
#4054 = FACE_BOUND('',#4055,.T.);
#4055 = EDGE_LOOP('',(#4056));
#4056 = ORIENTED_EDGE('',*,*,#4057,.T.);
#4057 = EDGE_CURVE('',#4058,#4058,#4060,.T.);
#4058 = VERTEX_POINT('',#4059);
#4059 = CARTESIAN_POINT('',(60.7,35.,33.1522));
#4060 = CIRCLE('',#4061,1.7);
#4061 = AXIS2_PLACEMENT_3D('',#4062,#4063,#4064);
#4062 = CARTESIAN_POINT('',(59.,35.,33.1522));
#4063 = DIRECTION('',(0.,0.,1.));
#4064 = DIRECTION('',(1.,0.,-0.));
#4065 = FACE_BOUND('',#4066,.T.);
#4066 = EDGE_LOOP('',(#4067,#4077,#4085,#4093));
#4067 = ORIENTED_EDGE('',*,*,#4068,.F.);
#4068 = EDGE_CURVE('',#4069,#4071,#4073,.T.);
#4069 = VERTEX_POINT('',#4070);
#4070 = CARTESIAN_POINT('',(-53.,38.,33.1522));
#4071 = VERTEX_POINT('',#4072);
#4072 = CARTESIAN_POINT('',(53.,38.,33.1522));
#4073 = LINE('',#4074,#4075);
#4074 = CARTESIAN_POINT('',(-53.,38.,33.1522));
#4075 = VECTOR('',#4076,1.);
#4076 = DIRECTION('',(1.,0.,-0.));
#4077 = ORIENTED_EDGE('',*,*,#4078,.F.);
#4078 = EDGE_CURVE('',#4079,#4069,#4081,.T.);
#4079 = VERTEX_POINT('',#4080);
#4080 = CARTESIAN_POINT('',(-53.,-38.,33.1522));
#4081 = LINE('',#4082,#4083);
#4082 = CARTESIAN_POINT('',(-53.,-38.,33.1522));
#4083 = VECTOR('',#4084,1.);
#4084 = DIRECTION('',(-0.,1.,0.));
#4085 = ORIENTED_EDGE('',*,*,#4086,.T.);
#4086 = EDGE_CURVE('',#4079,#4087,#4089,.T.);
#4087 = VERTEX_POINT('',#4088);
#4088 = CARTESIAN_POINT('',(53.,-38.,33.1522));
#4089 = LINE('',#4090,#4091);
#4090 = CARTESIAN_POINT('',(-53.,-38.,33.1522));
#4091 = VECTOR('',#4092,1.);
#4092 = DIRECTION('',(1.,0.,-0.));
#4093 = ORIENTED_EDGE('',*,*,#4094,.T.);
#4094 = EDGE_CURVE('',#4087,#4071,#4095,.T.);
#4095 = LINE('',#4096,#4097);
#4096 = CARTESIAN_POINT('',(53.,-38.,33.1522));
#4097 = VECTOR('',#4098,1.);
#4098 = DIRECTION('',(-0.,1.,0.));
#4099 = FACE_BOUND('',#4100,.T.);
#4100 = EDGE_LOOP('',(#4101));
#4101 = ORIENTED_EDGE('',*,*,#4102,.T.);
#4102 = EDGE_CURVE('',#4103,#4103,#4105,.T.);
#4103 = VERTEX_POINT('',#4104);
#4104 = CARTESIAN_POINT('',(-57.3,5.,33.1522));
#4105 = CIRCLE('',#4106,1.7);
#4106 = AXIS2_PLACEMENT_3D('',#4107,#4108,#4109);
#4107 = CARTESIAN_POINT('',(-59.,5.,33.1522));
#4108 = DIRECTION('',(0.,0.,1.));
#4109 = DIRECTION('',(1.,0.,-0.));
#4110 = FACE_BOUND('',#4111,.T.);
#4111 = EDGE_LOOP('',(#4112));
#4112 = ORIENTED_EDGE('',*,*,#4113,.T.);
#4113 = EDGE_CURVE('',#4114,#4114,#4116,.T.);
#4114 = VERTEX_POINT('',#4115);
#4115 = CARTESIAN_POINT('',(-57.3,15.,33.1522));
#4116 = CIRCLE('',#4117,1.7);
#4117 = AXIS2_PLACEMENT_3D('',#4118,#4119,#4120);
#4118 = CARTESIAN_POINT('',(-59.,15.,33.1522));
#4119 = DIRECTION('',(0.,0.,1.));
#4120 = DIRECTION('',(1.,0.,-0.));
#4121 = FACE_BOUND('',#4122,.T.);
#4122 = EDGE_LOOP('',(#4123));
#4123 = ORIENTED_EDGE('',*,*,#4124,.T.);
#4124 = EDGE_CURVE('',#4125,#4125,#4127,.T.);
#4125 = VERTEX_POINT('',#4126);
#4126 = CARTESIAN_POINT('',(-57.3,25.,33.1522));
#4127 = CIRCLE('',#4128,1.7);
#4128 = AXIS2_PLACEMENT_3D('',#4129,#4130,#4131);
#4129 = CARTESIAN_POINT('',(-59.,25.,33.1522));
#4130 = DIRECTION('',(0.,0.,1.));
#4131 = DIRECTION('',(1.,0.,-0.));
#4132 = FACE_BOUND('',#4133,.T.);
#4133 = EDGE_LOOP('',(#4134));
#4134 = ORIENTED_EDGE('',*,*,#4135,.T.);
#4135 = EDGE_CURVE('',#4136,#4136,#4138,.T.);
#4136 = VERTEX_POINT('',#4137);
#4137 = CARTESIAN_POINT('',(-57.3,35.,33.1522));
#4138 = CIRCLE('',#4139,1.7);
#4139 = AXIS2_PLACEMENT_3D('',#4140,#4141,#4142);
#4140 = CARTESIAN_POINT('',(-59.,35.,33.1522));
#4141 = DIRECTION('',(0.,0.,1.));
#4142 = DIRECTION('',(1.,0.,-0.));
#4143 = PLANE('',#4144);
#4144 = AXIS2_PLACEMENT_3D('',#4145,#4146,#4147);
#4145 = CARTESIAN_POINT('',(-2.246516676019E-15,0.,33.1522));
#4146 = DIRECTION('',(-0.,-0.,-1.));
#4147 = DIRECTION('',(-1.,0.,0.));
#4148 = ADVANCED_FACE('',(#4149),#4160,.F.);
#4149 = FACE_BOUND('',#4150,.F.);
#4150 = EDGE_LOOP('',(#4151,#4152,#4153,#4159));
#4151 = ORIENTED_EDGE('',*,*,#3472,.F.);
#4152 = ORIENTED_EDGE('',*,*,#3884,.T.);
#4153 = ORIENTED_EDGE('',*,*,#4154,.T.);
#4154 = EDGE_CURVE('',#3885,#3547,#4155,.T.);
#4155 = LINE('',#4156,#4157);
#4156 = CARTESIAN_POINT('',(-64.,35.,33.1522));
#4157 = VECTOR('',#4158,1.);
#4158 = DIRECTION('',(0.,0.,1.));
#4159 = ORIENTED_EDGE('',*,*,#3555,.F.);
#4160 = PLANE('',#4161);
#4161 = AXIS2_PLACEMENT_3D('',#4162,#4163,#4164);
#4162 = CARTESIAN_POINT('',(-64.,-35.,33.1522));
#4163 = DIRECTION('',(1.,0.,-0.));
#4164 = DIRECTION('',(0.,0.,1.));
#4165 = ADVANCED_FACE('',(#4166),#4177,.T.);
#4166 = FACE_BOUND('',#4167,.T.);
#4167 = EDGE_LOOP('',(#4168,#4169,#4175,#4176));
#4168 = ORIENTED_EDGE('',*,*,#3546,.F.);
#4169 = ORIENTED_EDGE('',*,*,#4170,.F.);
#4170 = EDGE_CURVE('',#3893,#3539,#4171,.T.);
#4171 = LINE('',#4172,#4173);
#4172 = CARTESIAN_POINT('',(-60.,39.,33.1522));
#4173 = VECTOR('',#4174,1.);
#4174 = DIRECTION('',(0.,0.,1.));
#4175 = ORIENTED_EDGE('',*,*,#3892,.T.);
#4176 = ORIENTED_EDGE('',*,*,#4154,.T.);
#4177 = CYLINDRICAL_SURFACE('',#4178,4.);
#4178 = AXIS2_PLACEMENT_3D('',#4179,#4180,#4181);
#4179 = CARTESIAN_POINT('',(-60.,35.,33.1522));
#4180 = DIRECTION('',(0.,0.,1.));
#4181 = DIRECTION('',(1.,0.,-0.));
#4182 = ADVANCED_FACE('',(#4183),#4194,.T.);
#4183 = FACE_BOUND('',#4184,.T.);
#4184 = EDGE_LOOP('',(#4185,#4186,#4187,#4188));
#4185 = ORIENTED_EDGE('',*,*,#3512,.F.);
#4186 = ORIENTED_EDGE('',*,*,#3869,.F.);
#4187 = ORIENTED_EDGE('',*,*,#3926,.T.);
#4188 = ORIENTED_EDGE('',*,*,#4189,.T.);
#4189 = EDGE_CURVE('',#3919,#3513,#4190,.T.);
#4190 = LINE('',#4191,#4192);
#4191 = CARTESIAN_POINT('',(64.,-35.,33.1522));
#4192 = VECTOR('',#4193,1.);
#4193 = DIRECTION('',(0.,0.,1.));
#4194 = CYLINDRICAL_SURFACE('',#4195,4.);
#4195 = AXIS2_PLACEMENT_3D('',#4196,#4197,#4198);
#4196 = CARTESIAN_POINT('',(60.,-35.,33.1522));
#4197 = DIRECTION('',(0.,0.,1.));
#4198 = DIRECTION('',(1.,0.,-0.));
#4199 = ADVANCED_FACE('',(#4200),#4211,.T.);
#4200 = FACE_BOUND('',#4201,.T.);
#4201 = EDGE_LOOP('',(#4202,#4203,#4204,#4205));
#4202 = ORIENTED_EDGE('',*,*,#3901,.F.);
#4203 = ORIENTED_EDGE('',*,*,#4170,.T.);
#4204 = ORIENTED_EDGE('',*,*,#3538,.T.);
#4205 = ORIENTED_EDGE('',*,*,#4206,.F.);
#4206 = EDGE_CURVE('',#3902,#3530,#4207,.T.);
#4207 = LINE('',#4208,#4209);
#4208 = CARTESIAN_POINT('',(60.,39.,33.1522));
#4209 = VECTOR('',#4210,1.);
#4210 = DIRECTION('',(0.,0.,1.));
#4211 = PLANE('',#4212);
#4212 = AXIS2_PLACEMENT_3D('',#4213,#4214,#4215);
#4213 = CARTESIAN_POINT('',(-60.,39.,33.1522));
#4214 = DIRECTION('',(-0.,1.,0.));
#4215 = DIRECTION('',(0.,0.,1.));
#4216 = ADVANCED_FACE('',(#4217),#4228,.T.);
#4217 = FACE_BOUND('',#4218,.T.);
#4218 = EDGE_LOOP('',(#4219,#4220,#4221,#4227));
#4219 = ORIENTED_EDGE('',*,*,#4189,.F.);
#4220 = ORIENTED_EDGE('',*,*,#3918,.T.);
#4221 = ORIENTED_EDGE('',*,*,#4222,.T.);
#4222 = EDGE_CURVE('',#3910,#3522,#4223,.T.);
#4223 = LINE('',#4224,#4225);
#4224 = CARTESIAN_POINT('',(64.,35.,33.1522));
#4225 = VECTOR('',#4226,1.);
#4226 = DIRECTION('',(0.,0.,1.));
#4227 = ORIENTED_EDGE('',*,*,#3521,.F.);
#4228 = PLANE('',#4229);
#4229 = AXIS2_PLACEMENT_3D('',#4230,#4231,#4232);
#4230 = CARTESIAN_POINT('',(64.,-35.,33.1522));
#4231 = DIRECTION('',(1.,0.,-0.));
#4232 = DIRECTION('',(0.,0.,1.));
#4233 = ADVANCED_FACE('',(#4234),#4240,.T.);
#4234 = FACE_BOUND('',#4235,.T.);
#4235 = EDGE_LOOP('',(#4236,#4237,#4238,#4239));
#4236 = ORIENTED_EDGE('',*,*,#3529,.F.);
#4237 = ORIENTED_EDGE('',*,*,#4222,.F.);
#4238 = ORIENTED_EDGE('',*,*,#3909,.T.);
#4239 = ORIENTED_EDGE('',*,*,#4206,.T.);
#4240 = CYLINDRICAL_SURFACE('',#4241,4.);
#4241 = AXIS2_PLACEMENT_3D('',#4242,#4243,#4244);
#4242 = CARTESIAN_POINT('',(60.,35.,33.1522));
#4243 = DIRECTION('',(0.,0.,1.));
#4244 = DIRECTION('',(1.,0.,-0.));
#4245 = ADVANCED_FACE('',(#4246),#4257,.F.);
#4246 = FACE_BOUND('',#4247,.F.);
#4247 = EDGE_LOOP('',(#4248,#4249,#4255,#4256));
#4248 = ORIENTED_EDGE('',*,*,#3563,.F.);
#4249 = ORIENTED_EDGE('',*,*,#4250,.F.);
#4250 = EDGE_CURVE('',#3981,#3564,#4251,.T.);
#4251 = LINE('',#4252,#4253);
#4252 = CARTESIAN_POINT('',(-57.3,-35.,23.0522));
#4253 = VECTOR('',#4254,1.);
#4254 = DIRECTION('',(0.,0.,1.));
#4255 = ORIENTED_EDGE('',*,*,#3980,.T.);
#4256 = ORIENTED_EDGE('',*,*,#4250,.T.);
#4257 = CYLINDRICAL_SURFACE('',#4258,1.7);
#4258 = AXIS2_PLACEMENT_3D('',#4259,#4260,#4261);
#4259 = CARTESIAN_POINT('',(-59.,-35.,23.0522));
#4260 = DIRECTION('',(0.,0.,1.));
#4261 = DIRECTION('',(1.,0.,-0.));
#4262 = ADVANCED_FACE('',(#4263),#4282,.F.);
#4263 = FACE_BOUND('',#4264,.F.);
#4264 = EDGE_LOOP('',(#4265,#4266,#4274,#4281));
#4265 = ORIENTED_EDGE('',*,*,#3574,.F.);
#4266 = ORIENTED_EDGE('',*,*,#4267,.F.);
#4267 = EDGE_CURVE('',#4268,#3575,#4270,.T.);
#4268 = VERTEX_POINT('',#4269);
#4269 = CARTESIAN_POINT('',(-48.3,-35.,23.1522));
#4270 = LINE('',#4271,#4272);
#4271 = CARTESIAN_POINT('',(-48.3,-35.,23.0522));
#4272 = VECTOR('',#4273,1.);
#4273 = DIRECTION('',(0.,0.,1.));
#4274 = ORIENTED_EDGE('',*,*,#4275,.T.);
#4275 = EDGE_CURVE('',#4268,#4268,#4276,.T.);
#4276 = CIRCLE('',#4277,1.7);
#4277 = AXIS2_PLACEMENT_3D('',#4278,#4279,#4280);
#4278 = CARTESIAN_POINT('',(-50.,-35.,23.1522));
#4279 = DIRECTION('',(0.,0.,1.));
#4280 = DIRECTION('',(1.,0.,-0.));
#4281 = ORIENTED_EDGE('',*,*,#4267,.T.);
#4282 = CYLINDRICAL_SURFACE('',#4283,1.7);
#4283 = AXIS2_PLACEMENT_3D('',#4284,#4285,#4286);
#4284 = CARTESIAN_POINT('',(-50.,-35.,23.0522));
#4285 = DIRECTION('',(0.,0.,1.));
#4286 = DIRECTION('',(1.,0.,-0.));
#4287 = ADVANCED_FACE('',(#4288),#4299,.F.);
#4288 = FACE_BOUND('',#4289,.F.);
#4289 = EDGE_LOOP('',(#4290,#4291,#4297,#4298));
#4290 = ORIENTED_EDGE('',*,*,#3585,.F.);
#4291 = ORIENTED_EDGE('',*,*,#4292,.F.);
#4292 = EDGE_CURVE('',#3992,#3586,#4293,.T.);
#4293 = LINE('',#4294,#4295);
#4294 = CARTESIAN_POINT('',(-57.3,-25.,23.0522));
#4295 = VECTOR('',#4296,1.);
#4296 = DIRECTION('',(0.,0.,1.));
#4297 = ORIENTED_EDGE('',*,*,#3991,.T.);
#4298 = ORIENTED_EDGE('',*,*,#4292,.T.);
#4299 = CYLINDRICAL_SURFACE('',#4300,1.7);
#4300 = AXIS2_PLACEMENT_3D('',#4301,#4302,#4303);
#4301 = CARTESIAN_POINT('',(-59.,-25.,23.0522));
#4302 = DIRECTION('',(0.,0.,1.));
#4303 = DIRECTION('',(1.,0.,-0.));
#4304 = ADVANCED_FACE('',(#4305),#4316,.F.);
#4305 = FACE_BOUND('',#4306,.F.);
#4306 = EDGE_LOOP('',(#4307,#4308,#4314,#4315));
#4307 = ORIENTED_EDGE('',*,*,#3596,.F.);
#4308 = ORIENTED_EDGE('',*,*,#4309,.F.);
#4309 = EDGE_CURVE('',#4003,#3597,#4310,.T.);
#4310 = LINE('',#4311,#4312);
#4311 = CARTESIAN_POINT('',(-57.3,-15.,23.0522));
#4312 = VECTOR('',#4313,1.);
#4313 = DIRECTION('',(0.,0.,1.));
#4314 = ORIENTED_EDGE('',*,*,#4002,.T.);
#4315 = ORIENTED_EDGE('',*,*,#4309,.T.);
#4316 = CYLINDRICAL_SURFACE('',#4317,1.7);
#4317 = AXIS2_PLACEMENT_3D('',#4318,#4319,#4320);
#4318 = CARTESIAN_POINT('',(-59.,-15.,23.0522));
#4319 = DIRECTION('',(0.,0.,1.));
#4320 = DIRECTION('',(1.,0.,-0.));
#4321 = ADVANCED_FACE('',(#4322),#4333,.F.);
#4322 = FACE_BOUND('',#4323,.F.);
#4323 = EDGE_LOOP('',(#4324,#4325,#4331,#4332));
#4324 = ORIENTED_EDGE('',*,*,#3607,.F.);
#4325 = ORIENTED_EDGE('',*,*,#4326,.F.);
#4326 = EDGE_CURVE('',#4014,#3608,#4327,.T.);
#4327 = LINE('',#4328,#4329);
#4328 = CARTESIAN_POINT('',(-57.3,-5.,23.0522));
#4329 = VECTOR('',#4330,1.);
#4330 = DIRECTION('',(0.,0.,1.));
#4331 = ORIENTED_EDGE('',*,*,#4013,.T.);
#4332 = ORIENTED_EDGE('',*,*,#4326,.T.);
#4333 = CYLINDRICAL_SURFACE('',#4334,1.7);
#4334 = AXIS2_PLACEMENT_3D('',#4335,#4336,#4337);
#4335 = CARTESIAN_POINT('',(-59.,-5.,23.0522));
#4336 = DIRECTION('',(0.,0.,1.));
#4337 = DIRECTION('',(1.,0.,-0.));
#4338 = ADVANCED_FACE('',(#4339),#4358,.F.);
#4339 = FACE_BOUND('',#4340,.F.);
#4340 = EDGE_LOOP('',(#4341,#4342,#4350,#4357));
#4341 = ORIENTED_EDGE('',*,*,#3618,.F.);
#4342 = ORIENTED_EDGE('',*,*,#4343,.F.);
#4343 = EDGE_CURVE('',#4344,#3619,#4346,.T.);
#4344 = VERTEX_POINT('',#4345);
#4345 = CARTESIAN_POINT('',(51.7,-35.,23.1522));
#4346 = LINE('',#4347,#4348);
#4347 = CARTESIAN_POINT('',(51.7,-35.,23.0522));
#4348 = VECTOR('',#4349,1.);
#4349 = DIRECTION('',(0.,0.,1.));
#4350 = ORIENTED_EDGE('',*,*,#4351,.T.);
#4351 = EDGE_CURVE('',#4344,#4344,#4352,.T.);
#4352 = CIRCLE('',#4353,1.7);
#4353 = AXIS2_PLACEMENT_3D('',#4354,#4355,#4356);
#4354 = CARTESIAN_POINT('',(50.,-35.,23.1522));
#4355 = DIRECTION('',(0.,0.,1.));
#4356 = DIRECTION('',(1.,0.,-0.));
#4357 = ORIENTED_EDGE('',*,*,#4343,.T.);
#4358 = CYLINDRICAL_SURFACE('',#4359,1.7);
#4359 = AXIS2_PLACEMENT_3D('',#4360,#4361,#4362);
#4360 = CARTESIAN_POINT('',(50.,-35.,23.0522));
#4361 = DIRECTION('',(0.,0.,1.));
#4362 = DIRECTION('',(1.,0.,-0.));
#4363 = ADVANCED_FACE('',(#4364),#4375,.F.);
#4364 = FACE_BOUND('',#4365,.F.);
#4365 = EDGE_LOOP('',(#4366,#4367,#4373,#4374));
#4366 = ORIENTED_EDGE('',*,*,#3629,.F.);
#4367 = ORIENTED_EDGE('',*,*,#4368,.F.);
#4368 = EDGE_CURVE('',#3937,#3630,#4369,.T.);
#4369 = LINE('',#4370,#4371);
#4370 = CARTESIAN_POINT('',(60.7,-35.,23.0522));
#4371 = VECTOR('',#4372,1.);
#4372 = DIRECTION('',(0.,0.,1.));
#4373 = ORIENTED_EDGE('',*,*,#3936,.T.);
#4374 = ORIENTED_EDGE('',*,*,#4368,.T.);
#4375 = CYLINDRICAL_SURFACE('',#4376,1.7);
#4376 = AXIS2_PLACEMENT_3D('',#4377,#4378,#4379);
#4377 = CARTESIAN_POINT('',(59.,-35.,23.0522));
#4378 = DIRECTION('',(0.,0.,1.));
#4379 = DIRECTION('',(1.,0.,-0.));
#4380 = ADVANCED_FACE('',(#4381),#4392,.F.);
#4381 = FACE_BOUND('',#4382,.F.);
#4382 = EDGE_LOOP('',(#4383,#4384,#4390,#4391));
#4383 = ORIENTED_EDGE('',*,*,#3640,.F.);
#4384 = ORIENTED_EDGE('',*,*,#4385,.F.);
#4385 = EDGE_CURVE('',#3948,#3641,#4386,.T.);
#4386 = LINE('',#4387,#4388);
#4387 = CARTESIAN_POINT('',(60.7,-25.,23.0522));
#4388 = VECTOR('',#4389,1.);
#4389 = DIRECTION('',(0.,0.,1.));
#4390 = ORIENTED_EDGE('',*,*,#3947,.T.);
#4391 = ORIENTED_EDGE('',*,*,#4385,.T.);
#4392 = CYLINDRICAL_SURFACE('',#4393,1.7);
#4393 = AXIS2_PLACEMENT_3D('',#4394,#4395,#4396);
#4394 = CARTESIAN_POINT('',(59.,-25.,23.0522));
#4395 = DIRECTION('',(0.,0.,1.));
#4396 = DIRECTION('',(1.,0.,-0.));
#4397 = ADVANCED_FACE('',(#4398),#4409,.F.);
#4398 = FACE_BOUND('',#4399,.F.);
#4399 = EDGE_LOOP('',(#4400,#4401,#4407,#4408));
#4400 = ORIENTED_EDGE('',*,*,#3651,.F.);
#4401 = ORIENTED_EDGE('',*,*,#4402,.F.);
#4402 = EDGE_CURVE('',#3959,#3652,#4403,.T.);
#4403 = LINE('',#4404,#4405);
#4404 = CARTESIAN_POINT('',(60.7,-15.,23.0522));
#4405 = VECTOR('',#4406,1.);
#4406 = DIRECTION('',(0.,0.,1.));
#4407 = ORIENTED_EDGE('',*,*,#3958,.T.);
#4408 = ORIENTED_EDGE('',*,*,#4402,.T.);
#4409 = CYLINDRICAL_SURFACE('',#4410,1.7);
#4410 = AXIS2_PLACEMENT_3D('',#4411,#4412,#4413);
#4411 = CARTESIAN_POINT('',(59.,-15.,23.0522));
#4412 = DIRECTION('',(0.,0.,1.));
#4413 = DIRECTION('',(1.,0.,-0.));
#4414 = ADVANCED_FACE('',(#4415),#4426,.F.);
#4415 = FACE_BOUND('',#4416,.F.);
#4416 = EDGE_LOOP('',(#4417,#4418,#4424,#4425));
#4417 = ORIENTED_EDGE('',*,*,#3662,.F.);
#4418 = ORIENTED_EDGE('',*,*,#4419,.F.);
#4419 = EDGE_CURVE('',#3970,#3663,#4420,.T.);
#4420 = LINE('',#4421,#4422);
#4421 = CARTESIAN_POINT('',(60.7,-5.,23.0522));
#4422 = VECTOR('',#4423,1.);
#4423 = DIRECTION('',(0.,0.,1.));
#4424 = ORIENTED_EDGE('',*,*,#3969,.T.);
#4425 = ORIENTED_EDGE('',*,*,#4419,.T.);
#4426 = CYLINDRICAL_SURFACE('',#4427,1.7);
#4427 = AXIS2_PLACEMENT_3D('',#4428,#4429,#4430);
#4428 = CARTESIAN_POINT('',(59.,-5.,23.0522));
#4429 = DIRECTION('',(0.,0.,1.));
#4430 = DIRECTION('',(1.,0.,-0.));
#4431 = ADVANCED_FACE('',(#4432),#4443,.F.);
#4432 = FACE_BOUND('',#4433,.F.);
#4433 = EDGE_LOOP('',(#4434,#4435,#4441,#4442));
#4434 = ORIENTED_EDGE('',*,*,#3673,.F.);
#4435 = ORIENTED_EDGE('',*,*,#4436,.F.);
#4436 = EDGE_CURVE('',#4103,#3674,#4437,.T.);
#4437 = LINE('',#4438,#4439);
#4438 = CARTESIAN_POINT('',(-57.3,5.,23.0522));
#4439 = VECTOR('',#4440,1.);
#4440 = DIRECTION('',(0.,0.,1.));
#4441 = ORIENTED_EDGE('',*,*,#4102,.T.);
#4442 = ORIENTED_EDGE('',*,*,#4436,.T.);
#4443 = CYLINDRICAL_SURFACE('',#4444,1.7);
#4444 = AXIS2_PLACEMENT_3D('',#4445,#4446,#4447);
#4445 = CARTESIAN_POINT('',(-59.,5.,23.0522));
#4446 = DIRECTION('',(0.,0.,1.));
#4447 = DIRECTION('',(1.,0.,-0.));
#4448 = ADVANCED_FACE('',(#4449),#4460,.F.);
#4449 = FACE_BOUND('',#4450,.F.);
#4450 = EDGE_LOOP('',(#4451,#4452,#4458,#4459));
#4451 = ORIENTED_EDGE('',*,*,#3684,.F.);
#4452 = ORIENTED_EDGE('',*,*,#4453,.F.);
#4453 = EDGE_CURVE('',#4114,#3685,#4454,.T.);
#4454 = LINE('',#4455,#4456);
#4455 = CARTESIAN_POINT('',(-57.3,15.,23.0522));
#4456 = VECTOR('',#4457,1.);
#4457 = DIRECTION('',(0.,0.,1.));
#4458 = ORIENTED_EDGE('',*,*,#4113,.T.);
#4459 = ORIENTED_EDGE('',*,*,#4453,.T.);
#4460 = CYLINDRICAL_SURFACE('',#4461,1.7);
#4461 = AXIS2_PLACEMENT_3D('',#4462,#4463,#4464);
#4462 = CARTESIAN_POINT('',(-59.,15.,23.0522));
#4463 = DIRECTION('',(0.,0.,1.));
#4464 = DIRECTION('',(1.,0.,-0.));
#4465 = ADVANCED_FACE('',(#4466),#4492,.F.);
#4466 = FACE_BOUND('',#4467,.F.);
#4467 = EDGE_LOOP('',(#4468,#4469,#4477,#4486));
#4468 = ORIENTED_EDGE('',*,*,#3695,.F.);
#4469 = ORIENTED_EDGE('',*,*,#4470,.F.);
#4470 = EDGE_CURVE('',#4471,#3696,#4473,.T.);
#4471 = VERTEX_POINT('',#4472);
#4472 = CARTESIAN_POINT('',(-30.153,-11.67,33.1522));
#4473 = LINE('',#4474,#4475);
#4474 = CARTESIAN_POINT('',(-30.153,-11.67,23.0522));
#4475 = VECTOR('',#4476,1.);
#4476 = DIRECTION('',(0.,0.,1.));
#4477 = ORIENTED_EDGE('',*,*,#4478,.T.);
#4478 = EDGE_CURVE('',#4471,#4479,#4481,.T.);
#4479 = VERTEX_POINT('',#4480);
#4480 = CARTESIAN_POINT('',(-28.153,-13.67,33.1522));
#4481 = CIRCLE('',#4482,2.);
#4482 = AXIS2_PLACEMENT_3D('',#4483,#4484,#4485);
#4483 = CARTESIAN_POINT('',(-28.153,-11.67,33.1522));
#4484 = DIRECTION('',(0.,0.,1.));
#4485 = DIRECTION('',(1.,0.,-0.));
#4486 = ORIENTED_EDGE('',*,*,#4487,.T.);
#4487 = EDGE_CURVE('',#4479,#3698,#4488,.T.);
#4488 = LINE('',#4489,#4490);
#4489 = CARTESIAN_POINT('',(-28.153,-13.67,23.0522));
#4490 = VECTOR('',#4491,1.);
#4491 = DIRECTION('',(0.,0.,1.));
#4492 = CYLINDRICAL_SURFACE('',#4493,2.);
#4493 = AXIS2_PLACEMENT_3D('',#4494,#4495,#4496);
#4494 = CARTESIAN_POINT('',(-28.153,-11.67,23.0522));
#4495 = DIRECTION('',(0.,0.,1.));
#4496 = DIRECTION('',(1.,0.,-0.));
#4497 = ADVANCED_FACE('',(#4498),#4516,.T.);
#4498 = FACE_BOUND('',#4499,.T.);
#4499 = EDGE_LOOP('',(#4500,#4508,#4509,#4510));
#4500 = ORIENTED_EDGE('',*,*,#4501,.F.);
#4501 = EDGE_CURVE('',#4479,#4502,#4504,.T.);
#4502 = VERTEX_POINT('',#4503);
#4503 = CARTESIAN_POINT('',(27.847,-13.67,33.1522));
#4504 = LINE('',#4505,#4506);
#4505 = CARTESIAN_POINT('',(-14.0765,-13.67,33.1522));
#4506 = VECTOR('',#4507,1.);
#4507 = DIRECTION('',(1.,0.,-0.));
#4508 = ORIENTED_EDGE('',*,*,#4487,.T.);
#4509 = ORIENTED_EDGE('',*,*,#3757,.F.);
#4510 = ORIENTED_EDGE('',*,*,#4511,.F.);
#4511 = EDGE_CURVE('',#4502,#3749,#4512,.T.);
#4512 = LINE('',#4513,#4514);
#4513 = CARTESIAN_POINT('',(27.847,-13.67,23.0522));
#4514 = VECTOR('',#4515,1.);
#4515 = DIRECTION('',(0.,0.,1.));
#4516 = PLANE('',#4517);
#4517 = AXIS2_PLACEMENT_3D('',#4518,#4519,#4520);
#4518 = CARTESIAN_POINT('',(-28.153,-13.67,23.0522));
#4519 = DIRECTION('',(-0.,1.,0.));
#4520 = DIRECTION('',(0.,0.,1.));
#4521 = ADVANCED_FACE('',(#4522),#4541,.F.);
#4522 = FACE_BOUND('',#4523,.F.);
#4523 = EDGE_LOOP('',(#4524,#4525,#4526,#4535));
#4524 = ORIENTED_EDGE('',*,*,#3748,.F.);
#4525 = ORIENTED_EDGE('',*,*,#4511,.F.);
#4526 = ORIENTED_EDGE('',*,*,#4527,.T.);
#4527 = EDGE_CURVE('',#4502,#4528,#4530,.T.);
#4528 = VERTEX_POINT('',#4529);
#4529 = CARTESIAN_POINT('',(29.847,-11.67,33.1522));
#4530 = CIRCLE('',#4531,2.);
#4531 = AXIS2_PLACEMENT_3D('',#4532,#4533,#4534);
#4532 = CARTESIAN_POINT('',(27.847,-11.67,33.1522));
#4533 = DIRECTION('',(0.,0.,1.));
#4534 = DIRECTION('',(1.,0.,-0.));
#4535 = ORIENTED_EDGE('',*,*,#4536,.T.);
#4536 = EDGE_CURVE('',#4528,#3741,#4537,.T.);
#4537 = LINE('',#4538,#4539);
#4538 = CARTESIAN_POINT('',(29.847,-11.67,23.0522));
#4539 = VECTOR('',#4540,1.);
#4540 = DIRECTION('',(0.,0.,1.));
#4541 = CYLINDRICAL_SURFACE('',#4542,2.);
#4542 = AXIS2_PLACEMENT_3D('',#4543,#4544,#4545);
#4543 = CARTESIAN_POINT('',(27.847,-11.67,23.0522));
#4544 = DIRECTION('',(0.,0.,1.));
#4545 = DIRECTION('',(1.,0.,-0.));
#4546 = ADVANCED_FACE('',(#4547),#4565,.F.);
#4547 = FACE_BOUND('',#4548,.F.);
#4548 = EDGE_LOOP('',(#4549,#4550,#4558,#4564));
#4549 = ORIENTED_EDGE('',*,*,#4536,.F.);
#4550 = ORIENTED_EDGE('',*,*,#4551,.F.);
#4551 = EDGE_CURVE('',#4552,#4528,#4554,.T.);
#4552 = VERTEX_POINT('',#4553);
#4553 = CARTESIAN_POINT('',(29.847,25.33,33.1522));
#4554 = LINE('',#4555,#4556);
#4555 = CARTESIAN_POINT('',(29.847,-5.835,33.1522));
#4556 = VECTOR('',#4557,1.);
#4557 = DIRECTION('',(0.,-1.,0.));
#4558 = ORIENTED_EDGE('',*,*,#4559,.T.);
#4559 = EDGE_CURVE('',#4552,#3732,#4560,.T.);
#4560 = LINE('',#4561,#4562);
#4561 = CARTESIAN_POINT('',(29.847,25.33,23.0522));
#4562 = VECTOR('',#4563,1.);
#4563 = DIRECTION('',(0.,0.,1.));
#4564 = ORIENTED_EDGE('',*,*,#3740,.F.);
#4565 = PLANE('',#4566);
#4566 = AXIS2_PLACEMENT_3D('',#4567,#4568,#4569);
#4567 = CARTESIAN_POINT('',(29.847,-11.67,23.0522));
#4568 = DIRECTION('',(1.,0.,-0.));
#4569 = DIRECTION('',(0.,0.,1.));
#4570 = ADVANCED_FACE('',(#4571),#4590,.F.);
#4571 = FACE_BOUND('',#4572,.F.);
#4572 = EDGE_LOOP('',(#4573,#4574,#4575,#4584));
#4573 = ORIENTED_EDGE('',*,*,#3731,.F.);
#4574 = ORIENTED_EDGE('',*,*,#4559,.F.);
#4575 = ORIENTED_EDGE('',*,*,#4576,.T.);
#4576 = EDGE_CURVE('',#4552,#4577,#4579,.T.);
#4577 = VERTEX_POINT('',#4578);
#4578 = CARTESIAN_POINT('',(27.847,27.33,33.1522));
#4579 = CIRCLE('',#4580,2.);
#4580 = AXIS2_PLACEMENT_3D('',#4581,#4582,#4583);
#4581 = CARTESIAN_POINT('',(27.847,25.33,33.1522));
#4582 = DIRECTION('',(0.,0.,1.));
#4583 = DIRECTION('',(1.,0.,-0.));
#4584 = ORIENTED_EDGE('',*,*,#4585,.T.);
#4585 = EDGE_CURVE('',#4577,#3724,#4586,.T.);
#4586 = LINE('',#4587,#4588);
#4587 = CARTESIAN_POINT('',(27.847,27.33,23.0522));
#4588 = VECTOR('',#4589,1.);
#4589 = DIRECTION('',(0.,0.,1.));
#4590 = CYLINDRICAL_SURFACE('',#4591,2.);
#4591 = AXIS2_PLACEMENT_3D('',#4592,#4593,#4594);
#4592 = CARTESIAN_POINT('',(27.847,25.33,23.0522));
#4593 = DIRECTION('',(0.,0.,1.));
#4594 = DIRECTION('',(1.,0.,-0.));
#4595 = ADVANCED_FACE('',(#4596),#4614,.F.);
#4596 = FACE_BOUND('',#4597,.F.);
#4597 = EDGE_LOOP('',(#4598,#4606,#4612,#4613));
#4598 = ORIENTED_EDGE('',*,*,#4599,.F.);
#4599 = EDGE_CURVE('',#4600,#4577,#4602,.T.);
#4600 = VERTEX_POINT('',#4601);
#4601 = CARTESIAN_POINT('',(-28.153,27.33,33.1522));
#4602 = LINE('',#4603,#4604);
#4603 = CARTESIAN_POINT('',(-14.0765,27.33,33.1522));
#4604 = VECTOR('',#4605,1.);
#4605 = DIRECTION('',(1.,0.,-0.));
#4606 = ORIENTED_EDGE('',*,*,#4607,.T.);
#4607 = EDGE_CURVE('',#4600,#3715,#4608,.T.);
#4608 = LINE('',#4609,#4610);
#4609 = CARTESIAN_POINT('',(-28.153,27.33,23.0522));
#4610 = VECTOR('',#4611,1.);
#4611 = DIRECTION('',(0.,0.,1.));
#4612 = ORIENTED_EDGE('',*,*,#3723,.F.);
#4613 = ORIENTED_EDGE('',*,*,#4585,.F.);
#4614 = PLANE('',#4615);
#4615 = AXIS2_PLACEMENT_3D('',#4616,#4617,#4618);
#4616 = CARTESIAN_POINT('',(-28.153,27.33,23.0522));
#4617 = DIRECTION('',(-0.,1.,0.));
#4618 = DIRECTION('',(0.,0.,1.));
#4619 = ADVANCED_FACE('',(#4620),#4639,.F.);
#4620 = FACE_BOUND('',#4621,.F.);
#4621 = EDGE_LOOP('',(#4622,#4623,#4624,#4633));
#4622 = ORIENTED_EDGE('',*,*,#3714,.F.);
#4623 = ORIENTED_EDGE('',*,*,#4607,.F.);
#4624 = ORIENTED_EDGE('',*,*,#4625,.T.);
#4625 = EDGE_CURVE('',#4600,#4626,#4628,.T.);
#4626 = VERTEX_POINT('',#4627);
#4627 = CARTESIAN_POINT('',(-30.153,25.33,33.1522));
#4628 = CIRCLE('',#4629,2.);
#4629 = AXIS2_PLACEMENT_3D('',#4630,#4631,#4632);
#4630 = CARTESIAN_POINT('',(-28.153,25.33,33.1522));
#4631 = DIRECTION('',(0.,0.,1.));
#4632 = DIRECTION('',(1.,0.,-0.));
#4633 = ORIENTED_EDGE('',*,*,#4634,.T.);
#4634 = EDGE_CURVE('',#4626,#3707,#4635,.T.);
#4635 = LINE('',#4636,#4637);
#4636 = CARTESIAN_POINT('',(-30.153,25.33,23.0522));
#4637 = VECTOR('',#4638,1.);
#4638 = DIRECTION('',(0.,0.,1.));
#4639 = CYLINDRICAL_SURFACE('',#4640,2.);
#4640 = AXIS2_PLACEMENT_3D('',#4641,#4642,#4643);
#4641 = CARTESIAN_POINT('',(-28.153,25.33,23.0522));
#4642 = DIRECTION('',(0.,0.,1.));
#4643 = DIRECTION('',(1.,0.,-0.));
#4644 = ADVANCED_FACE('',(#4645),#4656,.T.);
#4645 = FACE_BOUND('',#4646,.T.);
#4646 = EDGE_LOOP('',(#4647,#4648,#4654,#4655));
#4647 = ORIENTED_EDGE('',*,*,#4470,.F.);
#4648 = ORIENTED_EDGE('',*,*,#4649,.F.);
#4649 = EDGE_CURVE('',#4626,#4471,#4650,.T.);
#4650 = LINE('',#4651,#4652);
#4651 = CARTESIAN_POINT('',(-30.153,-5.835,33.1522));
#4652 = VECTOR('',#4653,1.);
#4653 = DIRECTION('',(0.,-1.,0.));
#4654 = ORIENTED_EDGE('',*,*,#4634,.T.);
#4655 = ORIENTED_EDGE('',*,*,#3706,.F.);
#4656 = PLANE('',#4657);
#4657 = AXIS2_PLACEMENT_3D('',#4658,#4659,#4660);
#4658 = CARTESIAN_POINT('',(-30.153,-11.67,23.0522));
#4659 = DIRECTION('',(1.,0.,-0.));
#4660 = DIRECTION('',(0.,0.,1.));
#4661 = ADVANCED_FACE('',(#4662),#4673,.F.);
#4662 = FACE_BOUND('',#4663,.F.);
#4663 = EDGE_LOOP('',(#4664,#4665,#4671,#4672));
#4664 = ORIENTED_EDGE('',*,*,#3765,.F.);
#4665 = ORIENTED_EDGE('',*,*,#4666,.F.);
#4666 = EDGE_CURVE('',#4125,#3766,#4667,.T.);
#4667 = LINE('',#4668,#4669);
#4668 = CARTESIAN_POINT('',(-57.3,25.,23.0522));
#4669 = VECTOR('',#4670,1.);
#4670 = DIRECTION('',(0.,0.,1.));
#4671 = ORIENTED_EDGE('',*,*,#4124,.T.);
#4672 = ORIENTED_EDGE('',*,*,#4666,.T.);
#4673 = CYLINDRICAL_SURFACE('',#4674,1.7);
#4674 = AXIS2_PLACEMENT_3D('',#4675,#4676,#4677);
#4675 = CARTESIAN_POINT('',(-59.,25.,23.0522));
#4676 = DIRECTION('',(0.,0.,1.));
#4677 = DIRECTION('',(1.,0.,-0.));
#4678 = ADVANCED_FACE('',(#4679),#4690,.F.);
#4679 = FACE_BOUND('',#4680,.F.);
#4680 = EDGE_LOOP('',(#4681,#4682,#4688,#4689));
#4681 = ORIENTED_EDGE('',*,*,#3776,.F.);
#4682 = ORIENTED_EDGE('',*,*,#4683,.F.);
#4683 = EDGE_CURVE('',#4136,#3777,#4684,.T.);
#4684 = LINE('',#4685,#4686);
#4685 = CARTESIAN_POINT('',(-57.3,35.,23.0522));
#4686 = VECTOR('',#4687,1.);
#4687 = DIRECTION('',(0.,0.,1.));
#4688 = ORIENTED_EDGE('',*,*,#4135,.T.);
#4689 = ORIENTED_EDGE('',*,*,#4683,.T.);
#4690 = CYLINDRICAL_SURFACE('',#4691,1.7);
#4691 = AXIS2_PLACEMENT_3D('',#4692,#4693,#4694);
#4692 = CARTESIAN_POINT('',(-59.,35.,23.0522));
#4693 = DIRECTION('',(0.,0.,1.));
#4694 = DIRECTION('',(1.,0.,-0.));
#4695 = ADVANCED_FACE('',(#4696),#4715,.F.);
#4696 = FACE_BOUND('',#4697,.F.);
#4697 = EDGE_LOOP('',(#4698,#4699,#4707,#4714));
#4698 = ORIENTED_EDGE('',*,*,#3787,.F.);
#4699 = ORIENTED_EDGE('',*,*,#4700,.F.);
#4700 = EDGE_CURVE('',#4701,#3788,#4703,.T.);
#4701 = VERTEX_POINT('',#4702);
#4702 = CARTESIAN_POINT('',(-48.3,35.,23.1522));
#4703 = LINE('',#4704,#4705);
#4704 = CARTESIAN_POINT('',(-48.3,35.,23.0522));
#4705 = VECTOR('',#4706,1.);
#4706 = DIRECTION('',(0.,0.,1.));
#4707 = ORIENTED_EDGE('',*,*,#4708,.T.);
#4708 = EDGE_CURVE('',#4701,#4701,#4709,.T.);
#4709 = CIRCLE('',#4710,1.7);
#4710 = AXIS2_PLACEMENT_3D('',#4711,#4712,#4713);
#4711 = CARTESIAN_POINT('',(-50.,35.,23.1522));
#4712 = DIRECTION('',(0.,0.,1.));
#4713 = DIRECTION('',(1.,0.,-0.));
#4714 = ORIENTED_EDGE('',*,*,#4700,.T.);
#4715 = CYLINDRICAL_SURFACE('',#4716,1.7);
#4716 = AXIS2_PLACEMENT_3D('',#4717,#4718,#4719);
#4717 = CARTESIAN_POINT('',(-50.,35.,23.0522));
#4718 = DIRECTION('',(0.,0.,1.));
#4719 = DIRECTION('',(1.,0.,-0.));
#4720 = ADVANCED_FACE('',(#4721),#4732,.F.);
#4721 = FACE_BOUND('',#4722,.F.);
#4722 = EDGE_LOOP('',(#4723,#4724,#4730,#4731));
#4723 = ORIENTED_EDGE('',*,*,#3798,.F.);
#4724 = ORIENTED_EDGE('',*,*,#4725,.F.);
#4725 = EDGE_CURVE('',#4025,#3799,#4726,.T.);
#4726 = LINE('',#4727,#4728);
#4727 = CARTESIAN_POINT('',(60.7,5.,23.0522));
#4728 = VECTOR('',#4729,1.);
#4729 = DIRECTION('',(0.,0.,1.));
#4730 = ORIENTED_EDGE('',*,*,#4024,.T.);
#4731 = ORIENTED_EDGE('',*,*,#4725,.T.);
#4732 = CYLINDRICAL_SURFACE('',#4733,1.7);
#4733 = AXIS2_PLACEMENT_3D('',#4734,#4735,#4736);
#4734 = CARTESIAN_POINT('',(59.,5.,23.0522));
#4735 = DIRECTION('',(0.,0.,1.));
#4736 = DIRECTION('',(1.,0.,-0.));
#4737 = ADVANCED_FACE('',(#4738),#4749,.F.);
#4738 = FACE_BOUND('',#4739,.F.);
#4739 = EDGE_LOOP('',(#4740,#4741,#4747,#4748));
#4740 = ORIENTED_EDGE('',*,*,#3809,.F.);
#4741 = ORIENTED_EDGE('',*,*,#4742,.F.);
#4742 = EDGE_CURVE('',#4036,#3810,#4743,.T.);
#4743 = LINE('',#4744,#4745);
#4744 = CARTESIAN_POINT('',(60.7,15.,23.0522));
#4745 = VECTOR('',#4746,1.);
#4746 = DIRECTION('',(0.,0.,1.));
#4747 = ORIENTED_EDGE('',*,*,#4035,.T.);
#4748 = ORIENTED_EDGE('',*,*,#4742,.T.);
#4749 = CYLINDRICAL_SURFACE('',#4750,1.7);
#4750 = AXIS2_PLACEMENT_3D('',#4751,#4752,#4753);
#4751 = CARTESIAN_POINT('',(59.,15.,23.0522));
#4752 = DIRECTION('',(0.,0.,1.));
#4753 = DIRECTION('',(1.,0.,-0.));
#4754 = ADVANCED_FACE('',(#4755),#4766,.F.);
#4755 = FACE_BOUND('',#4756,.F.);
#4756 = EDGE_LOOP('',(#4757,#4758,#4764,#4765));
#4757 = ORIENTED_EDGE('',*,*,#3820,.F.);
#4758 = ORIENTED_EDGE('',*,*,#4759,.F.);
#4759 = EDGE_CURVE('',#4047,#3821,#4760,.T.);
#4760 = LINE('',#4761,#4762);
#4761 = CARTESIAN_POINT('',(60.7,25.,23.0522));
#4762 = VECTOR('',#4763,1.);
#4763 = DIRECTION('',(0.,0.,1.));
#4764 = ORIENTED_EDGE('',*,*,#4046,.T.);
#4765 = ORIENTED_EDGE('',*,*,#4759,.T.);
#4766 = CYLINDRICAL_SURFACE('',#4767,1.7);
#4767 = AXIS2_PLACEMENT_3D('',#4768,#4769,#4770);
#4768 = CARTESIAN_POINT('',(59.,25.,23.0522));
#4769 = DIRECTION('',(0.,0.,1.));
#4770 = DIRECTION('',(1.,0.,-0.));
#4771 = ADVANCED_FACE('',(#4772),#4791,.F.);
#4772 = FACE_BOUND('',#4773,.F.);
#4773 = EDGE_LOOP('',(#4774,#4775,#4783,#4790));
#4774 = ORIENTED_EDGE('',*,*,#3831,.F.);
#4775 = ORIENTED_EDGE('',*,*,#4776,.F.);
#4776 = EDGE_CURVE('',#4777,#3832,#4779,.T.);
#4777 = VERTEX_POINT('',#4778);
#4778 = CARTESIAN_POINT('',(51.7,35.,23.1522));
#4779 = LINE('',#4780,#4781);
#4780 = CARTESIAN_POINT('',(51.7,35.,23.0522));
#4781 = VECTOR('',#4782,1.);
#4782 = DIRECTION('',(0.,0.,1.));
#4783 = ORIENTED_EDGE('',*,*,#4784,.T.);
#4784 = EDGE_CURVE('',#4777,#4777,#4785,.T.);
#4785 = CIRCLE('',#4786,1.7);
#4786 = AXIS2_PLACEMENT_3D('',#4787,#4788,#4789);
#4787 = CARTESIAN_POINT('',(50.,35.,23.1522));
#4788 = DIRECTION('',(0.,0.,1.));
#4789 = DIRECTION('',(1.,0.,-0.));
#4790 = ORIENTED_EDGE('',*,*,#4776,.T.);
#4791 = CYLINDRICAL_SURFACE('',#4792,1.7);
#4792 = AXIS2_PLACEMENT_3D('',#4793,#4794,#4795);
#4793 = CARTESIAN_POINT('',(50.,35.,23.0522));
#4794 = DIRECTION('',(0.,0.,1.));
#4795 = DIRECTION('',(1.,0.,-0.));
#4796 = ADVANCED_FACE('',(#4797),#4808,.F.);
#4797 = FACE_BOUND('',#4798,.F.);
#4798 = EDGE_LOOP('',(#4799,#4800,#4806,#4807));
#4799 = ORIENTED_EDGE('',*,*,#3842,.F.);
#4800 = ORIENTED_EDGE('',*,*,#4801,.F.);
#4801 = EDGE_CURVE('',#4058,#3843,#4802,.T.);
#4802 = LINE('',#4803,#4804);
#4803 = CARTESIAN_POINT('',(60.7,35.,23.0522));
#4804 = VECTOR('',#4805,1.);
#4805 = DIRECTION('',(0.,0.,1.));
#4806 = ORIENTED_EDGE('',*,*,#4057,.T.);
#4807 = ORIENTED_EDGE('',*,*,#4801,.T.);
#4808 = CYLINDRICAL_SURFACE('',#4809,1.7);
#4809 = AXIS2_PLACEMENT_3D('',#4810,#4811,#4812);
#4810 = CARTESIAN_POINT('',(59.,35.,23.0522));
#4811 = DIRECTION('',(0.,0.,1.));
#4812 = DIRECTION('',(1.,0.,-0.));
#4813 = ADVANCED_FACE('',(#4814),#4855,.T.);
#4814 = FACE_BOUND('',#4815,.T.);
#4815 = EDGE_LOOP('',(#4816,#4826,#4832,#4833,#4841,#4849));
#4816 = ORIENTED_EDGE('',*,*,#4817,.F.);
#4817 = EDGE_CURVE('',#4818,#4820,#4822,.T.);
#4818 = VERTEX_POINT('',#4819);
#4819 = CARTESIAN_POINT('',(-53.,38.,29.1522));
#4820 = VERTEX_POINT('',#4821);
#4821 = CARTESIAN_POINT('',(-50.,38.,29.1522));
#4822 = LINE('',#4823,#4824);
#4823 = CARTESIAN_POINT('',(-53.,38.,29.1522));
#4824 = VECTOR('',#4825,1.);
#4825 = DIRECTION('',(1.,0.,-0.));
#4826 = ORIENTED_EDGE('',*,*,#4827,.T.);
#4827 = EDGE_CURVE('',#4818,#4069,#4828,.T.);
#4828 = LINE('',#4829,#4830);
#4829 = CARTESIAN_POINT('',(-53.,38.,29.1522));
#4830 = VECTOR('',#4831,1.);
#4831 = DIRECTION('',(0.,0.,1.));
#4832 = ORIENTED_EDGE('',*,*,#4068,.T.);
#4833 = ORIENTED_EDGE('',*,*,#4834,.F.);
#4834 = EDGE_CURVE('',#4835,#4071,#4837,.T.);
#4835 = VERTEX_POINT('',#4836);
#4836 = CARTESIAN_POINT('',(53.,38.,29.1522));
#4837 = LINE('',#4838,#4839);
#4838 = CARTESIAN_POINT('',(53.,38.,29.1522));
#4839 = VECTOR('',#4840,1.);
#4840 = DIRECTION('',(0.,0.,1.));
#4841 = ORIENTED_EDGE('',*,*,#4842,.F.);
#4842 = EDGE_CURVE('',#4843,#4835,#4845,.T.);
#4843 = VERTEX_POINT('',#4844);
#4844 = CARTESIAN_POINT('',(50.,38.,29.1522));
#4845 = LINE('',#4846,#4847);
#4846 = CARTESIAN_POINT('',(-53.,38.,29.1522));
#4847 = VECTOR('',#4848,1.);
#4848 = DIRECTION('',(1.,0.,-0.));
#4849 = ORIENTED_EDGE('',*,*,#4850,.F.);
#4850 = EDGE_CURVE('',#4820,#4843,#4851,.T.);
#4851 = LINE('',#4852,#4853);
#4852 = CARTESIAN_POINT('',(-53.,38.,29.1522));
#4853 = VECTOR('',#4854,1.);
#4854 = DIRECTION('',(1.,0.,-0.));
#4855 = PLANE('',#4856);
#4856 = AXIS2_PLACEMENT_3D('',#4857,#4858,#4859);
#4857 = CARTESIAN_POINT('',(-53.,38.,29.1522));
#4858 = DIRECTION('',(-0.,1.,0.));
#4859 = DIRECTION('',(0.,0.,1.));
#4860 = ADVANCED_FACE('',(#4861),#4895,.F.);
#4861 = FACE_BOUND('',#4862,.T.);
#4862 = EDGE_LOOP('',(#4863,#4871,#4872,#4873,#4881,#4889));
#4863 = ORIENTED_EDGE('',*,*,#4864,.T.);
#4864 = EDGE_CURVE('',#4865,#4079,#4867,.T.);
#4865 = VERTEX_POINT('',#4866);
#4866 = CARTESIAN_POINT('',(-53.,-38.,29.1522));
#4867 = LINE('',#4868,#4869);
#4868 = CARTESIAN_POINT('',(-53.,-38.,29.1522));
#4869 = VECTOR('',#4870,1.);
#4870 = DIRECTION('',(0.,0.,1.));
#4871 = ORIENTED_EDGE('',*,*,#4078,.T.);
#4872 = ORIENTED_EDGE('',*,*,#4827,.F.);
#4873 = ORIENTED_EDGE('',*,*,#4874,.F.);
#4874 = EDGE_CURVE('',#4875,#4818,#4877,.T.);
#4875 = VERTEX_POINT('',#4876);
#4876 = CARTESIAN_POINT('',(-53.,35.,29.1522));
#4877 = LINE('',#4878,#4879);
#4878 = CARTESIAN_POINT('',(-53.,-38.,29.1522));
#4879 = VECTOR('',#4880,1.);
#4880 = DIRECTION('',(-0.,1.,0.));
#4881 = ORIENTED_EDGE('',*,*,#4882,.F.);
#4882 = EDGE_CURVE('',#4883,#4875,#4885,.T.);
#4883 = VERTEX_POINT('',#4884);
#4884 = CARTESIAN_POINT('',(-53.,-35.,29.1522));
#4885 = LINE('',#4886,#4887);
#4886 = CARTESIAN_POINT('',(-53.,-38.,29.1522));
#4887 = VECTOR('',#4888,1.);
#4888 = DIRECTION('',(-0.,1.,0.));
#4889 = ORIENTED_EDGE('',*,*,#4890,.F.);
#4890 = EDGE_CURVE('',#4865,#4883,#4891,.T.);
#4891 = LINE('',#4892,#4893);
#4892 = CARTESIAN_POINT('',(-53.,-38.,29.1522));
#4893 = VECTOR('',#4894,1.);
#4894 = DIRECTION('',(-0.,1.,0.));
#4895 = PLANE('',#4896);
#4896 = AXIS2_PLACEMENT_3D('',#4897,#4898,#4899);
#4897 = CARTESIAN_POINT('',(-53.,-38.,29.1522));
#4898 = DIRECTION('',(1.,0.,-0.));
#4899 = DIRECTION('',(0.,0.,1.));
#4900 = ADVANCED_FACE('',(#4901),#4935,.T.);
#4901 = FACE_BOUND('',#4902,.T.);
#4902 = EDGE_LOOP('',(#4903,#4911,#4919,#4927,#4933,#4934));
#4903 = ORIENTED_EDGE('',*,*,#4904,.F.);
#4904 = EDGE_CURVE('',#4905,#4087,#4907,.T.);
#4905 = VERTEX_POINT('',#4906);
#4906 = CARTESIAN_POINT('',(53.,-38.,29.1522));
#4907 = LINE('',#4908,#4909);
#4908 = CARTESIAN_POINT('',(53.,-38.,29.1522));
#4909 = VECTOR('',#4910,1.);
#4910 = DIRECTION('',(0.,0.,1.));
#4911 = ORIENTED_EDGE('',*,*,#4912,.T.);
#4912 = EDGE_CURVE('',#4905,#4913,#4915,.T.);
#4913 = VERTEX_POINT('',#4914);
#4914 = CARTESIAN_POINT('',(53.,-35.,29.1522));
#4915 = LINE('',#4916,#4917);
#4916 = CARTESIAN_POINT('',(53.,-38.,29.1522));
#4917 = VECTOR('',#4918,1.);
#4918 = DIRECTION('',(-0.,1.,0.));
#4919 = ORIENTED_EDGE('',*,*,#4920,.T.);
#4920 = EDGE_CURVE('',#4913,#4921,#4923,.T.);
#4921 = VERTEX_POINT('',#4922);
#4922 = CARTESIAN_POINT('',(53.,35.,29.1522));
#4923 = LINE('',#4924,#4925);
#4924 = CARTESIAN_POINT('',(53.,-38.,29.1522));
#4925 = VECTOR('',#4926,1.);
#4926 = DIRECTION('',(-0.,1.,0.));
#4927 = ORIENTED_EDGE('',*,*,#4928,.T.);
#4928 = EDGE_CURVE('',#4921,#4835,#4929,.T.);
#4929 = LINE('',#4930,#4931);
#4930 = CARTESIAN_POINT('',(53.,-38.,29.1522));
#4931 = VECTOR('',#4932,1.);
#4932 = DIRECTION('',(-0.,1.,0.));
#4933 = ORIENTED_EDGE('',*,*,#4834,.T.);
#4934 = ORIENTED_EDGE('',*,*,#4094,.F.);
#4935 = PLANE('',#4936);
#4936 = AXIS2_PLACEMENT_3D('',#4937,#4938,#4939);
#4937 = CARTESIAN_POINT('',(53.,-38.,29.1522));
#4938 = DIRECTION('',(1.,0.,-0.));
#4939 = DIRECTION('',(0.,0.,1.));
#4940 = ADVANCED_FACE('',(#4941),#4968,.F.);
#4941 = FACE_BOUND('',#4942,.T.);
#4942 = EDGE_LOOP('',(#4943,#4951,#4959,#4965,#4966,#4967));
#4943 = ORIENTED_EDGE('',*,*,#4944,.T.);
#4944 = EDGE_CURVE('',#4865,#4945,#4947,.T.);
#4945 = VERTEX_POINT('',#4946);
#4946 = CARTESIAN_POINT('',(-50.,-38.,29.1522));
#4947 = LINE('',#4948,#4949);
#4948 = CARTESIAN_POINT('',(-53.,-38.,29.1522));
#4949 = VECTOR('',#4950,1.);
#4950 = DIRECTION('',(1.,0.,-0.));
#4951 = ORIENTED_EDGE('',*,*,#4952,.T.);
#4952 = EDGE_CURVE('',#4945,#4953,#4955,.T.);
#4953 = VERTEX_POINT('',#4954);
#4954 = CARTESIAN_POINT('',(50.,-38.,29.1522));
#4955 = LINE('',#4956,#4957);
#4956 = CARTESIAN_POINT('',(-53.,-38.,29.1522));
#4957 = VECTOR('',#4958,1.);
#4958 = DIRECTION('',(1.,0.,-0.));
#4959 = ORIENTED_EDGE('',*,*,#4960,.T.);
#4960 = EDGE_CURVE('',#4953,#4905,#4961,.T.);
#4961 = LINE('',#4962,#4963);
#4962 = CARTESIAN_POINT('',(-53.,-38.,29.1522));
#4963 = VECTOR('',#4964,1.);
#4964 = DIRECTION('',(1.,0.,-0.));
#4965 = ORIENTED_EDGE('',*,*,#4904,.T.);
#4966 = ORIENTED_EDGE('',*,*,#4086,.F.);
#4967 = ORIENTED_EDGE('',*,*,#4864,.F.);
#4968 = PLANE('',#4969);
#4969 = AXIS2_PLACEMENT_3D('',#4970,#4971,#4972);
#4970 = CARTESIAN_POINT('',(-53.,-38.,29.1522));
#4971 = DIRECTION('',(-0.,1.,0.));
#4972 = DIRECTION('',(0.,0.,1.));
#4973 = ADVANCED_FACE('',(#4974,#4985),#4988,.F.);
#4974 = FACE_BOUND('',#4975,.F.);
#4975 = EDGE_LOOP('',(#4976));
#4976 = ORIENTED_EDGE('',*,*,#4977,.T.);
#4977 = EDGE_CURVE('',#4978,#4978,#4980,.T.);
#4978 = VERTEX_POINT('',#4979);
#4979 = CARTESIAN_POINT('',(-47.,-35.,23.1522));
#4980 = CIRCLE('',#4981,3.);
#4981 = AXIS2_PLACEMENT_3D('',#4982,#4983,#4984);
#4982 = CARTESIAN_POINT('',(-50.,-35.,23.1522));
#4983 = DIRECTION('',(0.,0.,1.));
#4984 = DIRECTION('',(1.,0.,-0.));
#4985 = FACE_BOUND('',#4986,.F.);
#4986 = EDGE_LOOP('',(#4987));
#4987 = ORIENTED_EDGE('',*,*,#4275,.F.);
#4988 = PLANE('',#4989);
#4989 = AXIS2_PLACEMENT_3D('',#4990,#4991,#4992);
#4990 = CARTESIAN_POINT('',(-50.,-35.,23.1522));
#4991 = DIRECTION('',(0.,0.,1.));
#4992 = DIRECTION('',(1.,0.,-0.));
#4993 = ADVANCED_FACE('',(#4994,#5005),#5008,.F.);
#4994 = FACE_BOUND('',#4995,.F.);
#4995 = EDGE_LOOP('',(#4996));
#4996 = ORIENTED_EDGE('',*,*,#4997,.T.);
#4997 = EDGE_CURVE('',#4998,#4998,#5000,.T.);
#4998 = VERTEX_POINT('',#4999);
#4999 = CARTESIAN_POINT('',(53.,-35.,23.1522));
#5000 = CIRCLE('',#5001,3.);
#5001 = AXIS2_PLACEMENT_3D('',#5002,#5003,#5004);
#5002 = CARTESIAN_POINT('',(50.,-35.,23.1522));
#5003 = DIRECTION('',(0.,0.,1.));
#5004 = DIRECTION('',(1.,0.,-0.));
#5005 = FACE_BOUND('',#5006,.F.);
#5006 = EDGE_LOOP('',(#5007));
#5007 = ORIENTED_EDGE('',*,*,#4351,.F.);
#5008 = PLANE('',#5009);
#5009 = AXIS2_PLACEMENT_3D('',#5010,#5011,#5012);
#5010 = CARTESIAN_POINT('',(50.,-35.,23.1522));
#5011 = DIRECTION('',(0.,0.,1.));
#5012 = DIRECTION('',(1.,0.,-0.));
#5013 = ADVANCED_FACE('',(#5014,#5120),#5130,.T.);
#5014 = FACE_BOUND('',#5015,.T.);
#5015 = EDGE_LOOP('',(#5016,#5026,#5035,#5044,#5052,#5061,#5070,#5078,
    #5087,#5096,#5104,#5113));
#5016 = ORIENTED_EDGE('',*,*,#5017,.T.);
#5017 = EDGE_CURVE('',#5018,#5020,#5022,.T.);
#5018 = VERTEX_POINT('',#5019);
#5019 = CARTESIAN_POINT('',(-51.5,-32.40192378864,33.1522));
#5020 = VERTEX_POINT('',#5021);
#5021 = CARTESIAN_POINT('',(-51.5,32.401923788647,33.1522));
#5022 = LINE('',#5023,#5024);
#5023 = CARTESIAN_POINT('',(-51.5,-36.5,33.1522));
#5024 = VECTOR('',#5025,1.);
#5025 = DIRECTION('',(-0.,1.,0.));
#5026 = ORIENTED_EDGE('',*,*,#5027,.T.);
#5027 = EDGE_CURVE('',#5020,#5028,#5030,.T.);
#5028 = VERTEX_POINT('',#5029);
#5029 = CARTESIAN_POINT('',(-47.,35.,33.1522));
#5030 = CIRCLE('',#5031,3.);
#5031 = AXIS2_PLACEMENT_3D('',#5032,#5033,#5034);
#5032 = CARTESIAN_POINT('',(-50.,35.,33.1522));
#5033 = DIRECTION('',(0.,0.,1.));
#5034 = DIRECTION('',(1.,0.,-0.));
#5035 = ORIENTED_EDGE('',*,*,#5036,.T.);
#5036 = EDGE_CURVE('',#5028,#5037,#5039,.T.);
#5037 = VERTEX_POINT('',#5038);
#5038 = CARTESIAN_POINT('',(-47.40192378864,36.5,33.1522));
#5039 = CIRCLE('',#5040,3.);
#5040 = AXIS2_PLACEMENT_3D('',#5041,#5042,#5043);
#5041 = CARTESIAN_POINT('',(-50.,35.,33.1522));
#5042 = DIRECTION('',(0.,0.,1.));
#5043 = DIRECTION('',(1.,0.,-0.));
#5044 = ORIENTED_EDGE('',*,*,#5045,.T.);
#5045 = EDGE_CURVE('',#5037,#5046,#5048,.T.);
#5046 = VERTEX_POINT('',#5047);
#5047 = CARTESIAN_POINT('',(47.401923788647,36.5,33.1522));
#5048 = LINE('',#5049,#5050);
#5049 = CARTESIAN_POINT('',(-51.5,36.5,33.1522));
#5050 = VECTOR('',#5051,1.);
#5051 = DIRECTION('',(1.,0.,-0.));
#5052 = ORIENTED_EDGE('',*,*,#5053,.T.);
#5053 = EDGE_CURVE('',#5046,#5054,#5056,.T.);
#5054 = VERTEX_POINT('',#5055);
#5055 = CARTESIAN_POINT('',(47.,35.,33.1522));
#5056 = CIRCLE('',#5057,3.);
#5057 = AXIS2_PLACEMENT_3D('',#5058,#5059,#5060);
#5058 = CARTESIAN_POINT('',(50.,35.,33.1522));
#5059 = DIRECTION('',(0.,0.,1.));
#5060 = DIRECTION('',(1.,0.,-0.));
#5061 = ORIENTED_EDGE('',*,*,#5062,.T.);
#5062 = EDGE_CURVE('',#5054,#5063,#5065,.T.);
#5063 = VERTEX_POINT('',#5064);
#5064 = CARTESIAN_POINT('',(51.5,32.401923788647,33.1522));
#5065 = CIRCLE('',#5066,3.);
#5066 = AXIS2_PLACEMENT_3D('',#5067,#5068,#5069);
#5067 = CARTESIAN_POINT('',(50.,35.,33.1522));
#5068 = DIRECTION('',(0.,0.,1.));
#5069 = DIRECTION('',(1.,0.,-0.));
#5070 = ORIENTED_EDGE('',*,*,#5071,.F.);
#5071 = EDGE_CURVE('',#5072,#5063,#5074,.T.);
#5072 = VERTEX_POINT('',#5073);
#5073 = CARTESIAN_POINT('',(51.5,-32.40192378864,33.1522));
#5074 = LINE('',#5075,#5076);
#5075 = CARTESIAN_POINT('',(51.5,-36.5,33.1522));
#5076 = VECTOR('',#5077,1.);
#5077 = DIRECTION('',(-0.,1.,0.));
#5078 = ORIENTED_EDGE('',*,*,#5079,.T.);
#5079 = EDGE_CURVE('',#5072,#5080,#5082,.T.);
#5080 = VERTEX_POINT('',#5081);
#5081 = CARTESIAN_POINT('',(47.,-35.,33.1522));
#5082 = CIRCLE('',#5083,3.);
#5083 = AXIS2_PLACEMENT_3D('',#5084,#5085,#5086);
#5084 = CARTESIAN_POINT('',(50.,-35.,33.1522));
#5085 = DIRECTION('',(0.,0.,1.));
#5086 = DIRECTION('',(1.,0.,-0.));
#5087 = ORIENTED_EDGE('',*,*,#5088,.T.);
#5088 = EDGE_CURVE('',#5080,#5089,#5091,.T.);
#5089 = VERTEX_POINT('',#5090);
#5090 = CARTESIAN_POINT('',(47.401923788647,-36.5,33.1522));
#5091 = CIRCLE('',#5092,3.);
#5092 = AXIS2_PLACEMENT_3D('',#5093,#5094,#5095);
#5093 = CARTESIAN_POINT('',(50.,-35.,33.1522));
#5094 = DIRECTION('',(0.,0.,1.));
#5095 = DIRECTION('',(1.,0.,-0.));
#5096 = ORIENTED_EDGE('',*,*,#5097,.F.);
#5097 = EDGE_CURVE('',#5098,#5089,#5100,.T.);
#5098 = VERTEX_POINT('',#5099);
#5099 = CARTESIAN_POINT('',(-47.40192378864,-36.5,33.1522));
#5100 = LINE('',#5101,#5102);
#5101 = CARTESIAN_POINT('',(-51.5,-36.5,33.1522));
#5102 = VECTOR('',#5103,1.);
#5103 = DIRECTION('',(1.,0.,-0.));
#5104 = ORIENTED_EDGE('',*,*,#5105,.T.);
#5105 = EDGE_CURVE('',#5098,#5106,#5108,.T.);
#5106 = VERTEX_POINT('',#5107);
#5107 = CARTESIAN_POINT('',(-47.,-35.,33.1522));
#5108 = CIRCLE('',#5109,3.);
#5109 = AXIS2_PLACEMENT_3D('',#5110,#5111,#5112);
#5110 = CARTESIAN_POINT('',(-50.,-35.,33.1522));
#5111 = DIRECTION('',(0.,0.,1.));
#5112 = DIRECTION('',(1.,0.,-0.));
#5113 = ORIENTED_EDGE('',*,*,#5114,.T.);
#5114 = EDGE_CURVE('',#5106,#5018,#5115,.T.);
#5115 = CIRCLE('',#5116,3.);
#5116 = AXIS2_PLACEMENT_3D('',#5117,#5118,#5119);
#5117 = CARTESIAN_POINT('',(-50.,-35.,33.1522));
#5118 = DIRECTION('',(0.,0.,1.));
#5119 = DIRECTION('',(1.,0.,-0.));
#5120 = FACE_BOUND('',#5121,.T.);
#5121 = EDGE_LOOP('',(#5122,#5123,#5124,#5125,#5126,#5127,#5128,#5129));
#5122 = ORIENTED_EDGE('',*,*,#4649,.T.);
#5123 = ORIENTED_EDGE('',*,*,#4478,.T.);
#5124 = ORIENTED_EDGE('',*,*,#4501,.T.);
#5125 = ORIENTED_EDGE('',*,*,#4527,.T.);
#5126 = ORIENTED_EDGE('',*,*,#4551,.F.);
#5127 = ORIENTED_EDGE('',*,*,#4576,.T.);
#5128 = ORIENTED_EDGE('',*,*,#4599,.F.);
#5129 = ORIENTED_EDGE('',*,*,#4625,.T.);
#5130 = PLANE('',#5131);
#5131 = AXIS2_PLACEMENT_3D('',#5132,#5133,#5134);
#5132 = CARTESIAN_POINT('',(8.783456012088E-14,-2.21209959639E-15,
    33.1522));
#5133 = DIRECTION('',(-0.,-0.,-1.));
#5134 = DIRECTION('',(-1.,0.,0.));
#5135 = ADVANCED_FACE('',(#5136,#5147),#5150,.F.);
#5136 = FACE_BOUND('',#5137,.F.);
#5137 = EDGE_LOOP('',(#5138));
#5138 = ORIENTED_EDGE('',*,*,#5139,.T.);
#5139 = EDGE_CURVE('',#5140,#5140,#5142,.T.);
#5140 = VERTEX_POINT('',#5141);
#5141 = CARTESIAN_POINT('',(-47.,35.,23.1522));
#5142 = CIRCLE('',#5143,3.);
#5143 = AXIS2_PLACEMENT_3D('',#5144,#5145,#5146);
#5144 = CARTESIAN_POINT('',(-50.,35.,23.1522));
#5145 = DIRECTION('',(0.,0.,1.));
#5146 = DIRECTION('',(1.,0.,-0.));
#5147 = FACE_BOUND('',#5148,.F.);
#5148 = EDGE_LOOP('',(#5149));
#5149 = ORIENTED_EDGE('',*,*,#4708,.F.);
#5150 = PLANE('',#5151);
#5151 = AXIS2_PLACEMENT_3D('',#5152,#5153,#5154);
#5152 = CARTESIAN_POINT('',(-50.,35.,23.1522));
#5153 = DIRECTION('',(0.,0.,1.));
#5154 = DIRECTION('',(1.,0.,-0.));
#5155 = ADVANCED_FACE('',(#5156,#5167),#5170,.F.);
#5156 = FACE_BOUND('',#5157,.F.);
#5157 = EDGE_LOOP('',(#5158));
#5158 = ORIENTED_EDGE('',*,*,#5159,.T.);
#5159 = EDGE_CURVE('',#5160,#5160,#5162,.T.);
#5160 = VERTEX_POINT('',#5161);
#5161 = CARTESIAN_POINT('',(53.,35.,23.1522));
#5162 = CIRCLE('',#5163,3.);
#5163 = AXIS2_PLACEMENT_3D('',#5164,#5165,#5166);
#5164 = CARTESIAN_POINT('',(50.,35.,23.1522));
#5165 = DIRECTION('',(0.,0.,1.));
#5166 = DIRECTION('',(1.,0.,-0.));
#5167 = FACE_BOUND('',#5168,.F.);
#5168 = EDGE_LOOP('',(#5169));
#5169 = ORIENTED_EDGE('',*,*,#4784,.F.);
#5170 = PLANE('',#5171);
#5171 = AXIS2_PLACEMENT_3D('',#5172,#5173,#5174);
#5172 = CARTESIAN_POINT('',(50.,35.,23.1522));
#5173 = DIRECTION('',(0.,0.,1.));
#5174 = DIRECTION('',(1.,0.,-0.));
#5175 = ADVANCED_FACE('',(#5176),#5187,.F.);
#5176 = FACE_BOUND('',#5177,.F.);
#5177 = EDGE_LOOP('',(#5178,#5179,#5186));
#5178 = ORIENTED_EDGE('',*,*,#4874,.F.);
#5179 = ORIENTED_EDGE('',*,*,#5180,.F.);
#5180 = EDGE_CURVE('',#4820,#4875,#5181,.T.);
#5181 = CIRCLE('',#5182,3.);
#5182 = AXIS2_PLACEMENT_3D('',#5183,#5184,#5185);
#5183 = CARTESIAN_POINT('',(-50.,35.,29.1522));
#5184 = DIRECTION('',(0.,0.,1.));
#5185 = DIRECTION('',(1.,0.,-0.));
#5186 = ORIENTED_EDGE('',*,*,#4817,.F.);
#5187 = PLANE('',#5188);
#5188 = AXIS2_PLACEMENT_3D('',#5189,#5190,#5191);
#5189 = CARTESIAN_POINT('',(-53.,-38.,29.1522));
#5190 = DIRECTION('',(0.,0.,1.));
#5191 = DIRECTION('',(1.,0.,-0.));
#5192 = ADVANCED_FACE('',(#5193),#5204,.F.);
#5193 = FACE_BOUND('',#5194,.F.);
#5194 = EDGE_LOOP('',(#5195,#5196,#5203));
#5195 = ORIENTED_EDGE('',*,*,#4842,.F.);
#5196 = ORIENTED_EDGE('',*,*,#5197,.F.);
#5197 = EDGE_CURVE('',#4921,#4843,#5198,.T.);
#5198 = CIRCLE('',#5199,3.);
#5199 = AXIS2_PLACEMENT_3D('',#5200,#5201,#5202);
#5200 = CARTESIAN_POINT('',(50.,35.,29.1522));
#5201 = DIRECTION('',(0.,0.,1.));
#5202 = DIRECTION('',(1.,0.,-0.));
#5203 = ORIENTED_EDGE('',*,*,#4928,.T.);
#5204 = PLANE('',#5205);
#5205 = AXIS2_PLACEMENT_3D('',#5206,#5207,#5208);
#5206 = CARTESIAN_POINT('',(-53.,-38.,29.1522));
#5207 = DIRECTION('',(0.,0.,1.));
#5208 = DIRECTION('',(1.,0.,-0.));
#5209 = ADVANCED_FACE('',(#5210),#5237,.F.);
#5210 = FACE_BOUND('',#5211,.F.);
#5211 = EDGE_LOOP('',(#5212,#5213,#5222,#5230));
#5212 = ORIENTED_EDGE('',*,*,#4850,.F.);
#5213 = ORIENTED_EDGE('',*,*,#5214,.F.);
#5214 = EDGE_CURVE('',#5215,#4820,#5217,.T.);
#5215 = VERTEX_POINT('',#5216);
#5216 = CARTESIAN_POINT('',(-47.40192378864,36.5,29.1522));
#5217 = CIRCLE('',#5218,3.);
#5218 = AXIS2_PLACEMENT_3D('',#5219,#5220,#5221);
#5219 = CARTESIAN_POINT('',(-50.,35.,29.1522));
#5220 = DIRECTION('',(0.,0.,1.));
#5221 = DIRECTION('',(1.,0.,-0.));
#5222 = ORIENTED_EDGE('',*,*,#5223,.T.);
#5223 = EDGE_CURVE('',#5215,#5224,#5226,.T.);
#5224 = VERTEX_POINT('',#5225);
#5225 = CARTESIAN_POINT('',(47.401923788647,36.5,29.1522));
#5226 = LINE('',#5227,#5228);
#5227 = CARTESIAN_POINT('',(-51.5,36.5,29.1522));
#5228 = VECTOR('',#5229,1.);
#5229 = DIRECTION('',(1.,0.,-0.));
#5230 = ORIENTED_EDGE('',*,*,#5231,.F.);
#5231 = EDGE_CURVE('',#4843,#5224,#5232,.T.);
#5232 = CIRCLE('',#5233,3.);
#5233 = AXIS2_PLACEMENT_3D('',#5234,#5235,#5236);
#5234 = CARTESIAN_POINT('',(50.,35.,29.1522));
#5235 = DIRECTION('',(0.,0.,1.));
#5236 = DIRECTION('',(1.,0.,-0.));
#5237 = PLANE('',#5238);
#5238 = AXIS2_PLACEMENT_3D('',#5239,#5240,#5241);
#5239 = CARTESIAN_POINT('',(-53.,-38.,29.1522));
#5240 = DIRECTION('',(0.,0.,1.));
#5241 = DIRECTION('',(1.,0.,-0.));
#5242 = ADVANCED_FACE('',(#5243),#5270,.F.);
#5243 = FACE_BOUND('',#5244,.F.);
#5244 = EDGE_LOOP('',(#5245,#5246,#5255,#5263));
#5245 = ORIENTED_EDGE('',*,*,#4882,.F.);
#5246 = ORIENTED_EDGE('',*,*,#5247,.F.);
#5247 = EDGE_CURVE('',#5248,#4883,#5250,.T.);
#5248 = VERTEX_POINT('',#5249);
#5249 = CARTESIAN_POINT('',(-51.5,-32.40192378864,29.1522));
#5250 = CIRCLE('',#5251,3.);
#5251 = AXIS2_PLACEMENT_3D('',#5252,#5253,#5254);
#5252 = CARTESIAN_POINT('',(-50.,-35.,29.1522));
#5253 = DIRECTION('',(0.,0.,1.));
#5254 = DIRECTION('',(1.,0.,-0.));
#5255 = ORIENTED_EDGE('',*,*,#5256,.T.);
#5256 = EDGE_CURVE('',#5248,#5257,#5259,.T.);
#5257 = VERTEX_POINT('',#5258);
#5258 = CARTESIAN_POINT('',(-51.5,32.401923788647,29.1522));
#5259 = LINE('',#5260,#5261);
#5260 = CARTESIAN_POINT('',(-51.5,-36.5,29.1522));
#5261 = VECTOR('',#5262,1.);
#5262 = DIRECTION('',(-0.,1.,0.));
#5263 = ORIENTED_EDGE('',*,*,#5264,.F.);
#5264 = EDGE_CURVE('',#4875,#5257,#5265,.T.);
#5265 = CIRCLE('',#5266,3.);
#5266 = AXIS2_PLACEMENT_3D('',#5267,#5268,#5269);
#5267 = CARTESIAN_POINT('',(-50.,35.,29.1522));
#5268 = DIRECTION('',(0.,0.,1.));
#5269 = DIRECTION('',(1.,0.,-0.));
#5270 = PLANE('',#5271);
#5271 = AXIS2_PLACEMENT_3D('',#5272,#5273,#5274);
#5272 = CARTESIAN_POINT('',(-53.,-38.,29.1522));
#5273 = DIRECTION('',(0.,0.,1.));
#5274 = DIRECTION('',(1.,0.,-0.));
#5275 = ADVANCED_FACE('',(#5276),#5287,.F.);
#5276 = FACE_BOUND('',#5277,.F.);
#5277 = EDGE_LOOP('',(#5278,#5279,#5280));
#5278 = ORIENTED_EDGE('',*,*,#4890,.F.);
#5279 = ORIENTED_EDGE('',*,*,#4944,.T.);
#5280 = ORIENTED_EDGE('',*,*,#5281,.F.);
#5281 = EDGE_CURVE('',#4883,#4945,#5282,.T.);
#5282 = CIRCLE('',#5283,3.);
#5283 = AXIS2_PLACEMENT_3D('',#5284,#5285,#5286);
#5284 = CARTESIAN_POINT('',(-50.,-35.,29.1522));
#5285 = DIRECTION('',(0.,0.,1.));
#5286 = DIRECTION('',(1.,0.,-0.));
#5287 = PLANE('',#5288);
#5288 = AXIS2_PLACEMENT_3D('',#5289,#5290,#5291);
#5289 = CARTESIAN_POINT('',(-53.,-38.,29.1522));
#5290 = DIRECTION('',(0.,0.,1.));
#5291 = DIRECTION('',(1.,0.,-0.));
#5292 = ADVANCED_FACE('',(#5293),#5304,.F.);
#5293 = FACE_BOUND('',#5294,.F.);
#5294 = EDGE_LOOP('',(#5295,#5296,#5303));
#5295 = ORIENTED_EDGE('',*,*,#4912,.T.);
#5296 = ORIENTED_EDGE('',*,*,#5297,.F.);
#5297 = EDGE_CURVE('',#4953,#4913,#5298,.T.);
#5298 = CIRCLE('',#5299,3.);
#5299 = AXIS2_PLACEMENT_3D('',#5300,#5301,#5302);
#5300 = CARTESIAN_POINT('',(50.,-35.,29.1522));
#5301 = DIRECTION('',(0.,0.,1.));
#5302 = DIRECTION('',(1.,0.,-0.));
#5303 = ORIENTED_EDGE('',*,*,#4960,.T.);
#5304 = PLANE('',#5305);
#5305 = AXIS2_PLACEMENT_3D('',#5306,#5307,#5308);
#5306 = CARTESIAN_POINT('',(-53.,-38.,29.1522));
#5307 = DIRECTION('',(0.,0.,1.));
#5308 = DIRECTION('',(1.,0.,-0.));
#5309 = ADVANCED_FACE('',(#5310),#5337,.F.);
#5310 = FACE_BOUND('',#5311,.F.);
#5311 = EDGE_LOOP('',(#5312,#5313,#5322,#5330));
#5312 = ORIENTED_EDGE('',*,*,#4920,.T.);
#5313 = ORIENTED_EDGE('',*,*,#5314,.F.);
#5314 = EDGE_CURVE('',#5315,#4921,#5317,.T.);
#5315 = VERTEX_POINT('',#5316);
#5316 = CARTESIAN_POINT('',(51.5,32.401923788647,29.1522));
#5317 = CIRCLE('',#5318,3.);
#5318 = AXIS2_PLACEMENT_3D('',#5319,#5320,#5321);
#5319 = CARTESIAN_POINT('',(50.,35.,29.1522));
#5320 = DIRECTION('',(0.,0.,1.));
#5321 = DIRECTION('',(1.,0.,-0.));
#5322 = ORIENTED_EDGE('',*,*,#5323,.F.);
#5323 = EDGE_CURVE('',#5324,#5315,#5326,.T.);
#5324 = VERTEX_POINT('',#5325);
#5325 = CARTESIAN_POINT('',(51.5,-32.40192378864,29.1522));
#5326 = LINE('',#5327,#5328);
#5327 = CARTESIAN_POINT('',(51.5,-36.5,29.1522));
#5328 = VECTOR('',#5329,1.);
#5329 = DIRECTION('',(-0.,1.,0.));
#5330 = ORIENTED_EDGE('',*,*,#5331,.F.);
#5331 = EDGE_CURVE('',#4913,#5324,#5332,.T.);
#5332 = CIRCLE('',#5333,3.);
#5333 = AXIS2_PLACEMENT_3D('',#5334,#5335,#5336);
#5334 = CARTESIAN_POINT('',(50.,-35.,29.1522));
#5335 = DIRECTION('',(0.,0.,1.));
#5336 = DIRECTION('',(1.,0.,-0.));
#5337 = PLANE('',#5338);
#5338 = AXIS2_PLACEMENT_3D('',#5339,#5340,#5341);
#5339 = CARTESIAN_POINT('',(-53.,-38.,29.1522));
#5340 = DIRECTION('',(0.,0.,1.));
#5341 = DIRECTION('',(1.,0.,-0.));
#5342 = ADVANCED_FACE('',(#5343),#5370,.F.);
#5343 = FACE_BOUND('',#5344,.F.);
#5344 = EDGE_LOOP('',(#5345,#5346,#5355,#5363));
#5345 = ORIENTED_EDGE('',*,*,#4952,.T.);
#5346 = ORIENTED_EDGE('',*,*,#5347,.F.);
#5347 = EDGE_CURVE('',#5348,#4953,#5350,.T.);
#5348 = VERTEX_POINT('',#5349);
#5349 = CARTESIAN_POINT('',(47.401923788647,-36.5,29.1522));
#5350 = CIRCLE('',#5351,3.);
#5351 = AXIS2_PLACEMENT_3D('',#5352,#5353,#5354);
#5352 = CARTESIAN_POINT('',(50.,-35.,29.1522));
#5353 = DIRECTION('',(0.,0.,1.));
#5354 = DIRECTION('',(1.,0.,-0.));
#5355 = ORIENTED_EDGE('',*,*,#5356,.F.);
#5356 = EDGE_CURVE('',#5357,#5348,#5359,.T.);
#5357 = VERTEX_POINT('',#5358);
#5358 = CARTESIAN_POINT('',(-47.40192378864,-36.5,29.1522));
#5359 = LINE('',#5360,#5361);
#5360 = CARTESIAN_POINT('',(-51.5,-36.5,29.1522));
#5361 = VECTOR('',#5362,1.);
#5362 = DIRECTION('',(1.,0.,-0.));
#5363 = ORIENTED_EDGE('',*,*,#5364,.F.);
#5364 = EDGE_CURVE('',#4945,#5357,#5365,.T.);
#5365 = CIRCLE('',#5366,3.);
#5366 = AXIS2_PLACEMENT_3D('',#5367,#5368,#5369);
#5367 = CARTESIAN_POINT('',(-50.,-35.,29.1522));
#5368 = DIRECTION('',(0.,0.,1.));
#5369 = DIRECTION('',(1.,0.,-0.));
#5370 = PLANE('',#5371);
#5371 = AXIS2_PLACEMENT_3D('',#5372,#5373,#5374);
#5372 = CARTESIAN_POINT('',(-53.,-38.,29.1522));
#5373 = DIRECTION('',(0.,0.,1.));
#5374 = DIRECTION('',(1.,0.,-0.));
#5375 = ADVANCED_FACE('',(#5376),#5403,.T.);
#5376 = FACE_BOUND('',#5377,.T.);
#5377 = EDGE_LOOP('',(#5378,#5384,#5385,#5391,#5392,#5393,#5394,#5400,
    #5401,#5402));
#5378 = ORIENTED_EDGE('',*,*,#5379,.T.);
#5379 = EDGE_CURVE('',#4978,#5106,#5380,.T.);
#5380 = LINE('',#5381,#5382);
#5381 = CARTESIAN_POINT('',(-47.,-35.,23.1522));
#5382 = VECTOR('',#5383,1.);
#5383 = DIRECTION('',(0.,0.,1.));
#5384 = ORIENTED_EDGE('',*,*,#5105,.F.);
#5385 = ORIENTED_EDGE('',*,*,#5386,.F.);
#5386 = EDGE_CURVE('',#5357,#5098,#5387,.T.);
#5387 = LINE('',#5388,#5389);
#5388 = CARTESIAN_POINT('',(-47.40192378864,-36.5,23.1522));
#5389 = VECTOR('',#5390,1.);
#5390 = DIRECTION('',(0.,0.,1.));
#5391 = ORIENTED_EDGE('',*,*,#5364,.F.);
#5392 = ORIENTED_EDGE('',*,*,#5281,.F.);
#5393 = ORIENTED_EDGE('',*,*,#5247,.F.);
#5394 = ORIENTED_EDGE('',*,*,#5395,.T.);
#5395 = EDGE_CURVE('',#5248,#5018,#5396,.T.);
#5396 = LINE('',#5397,#5398);
#5397 = CARTESIAN_POINT('',(-51.5,-32.40192378864,23.1522));
#5398 = VECTOR('',#5399,1.);
#5399 = DIRECTION('',(0.,0.,1.));
#5400 = ORIENTED_EDGE('',*,*,#5114,.F.);
#5401 = ORIENTED_EDGE('',*,*,#5379,.F.);
#5402 = ORIENTED_EDGE('',*,*,#4977,.T.);
#5403 = CYLINDRICAL_SURFACE('',#5404,3.);
#5404 = AXIS2_PLACEMENT_3D('',#5405,#5406,#5407);
#5405 = CARTESIAN_POINT('',(-50.,-35.,23.1522));
#5406 = DIRECTION('',(0.,0.,1.));
#5407 = DIRECTION('',(1.,0.,-0.));
#5408 = ADVANCED_FACE('',(#5409),#5436,.T.);
#5409 = FACE_BOUND('',#5410,.T.);
#5410 = EDGE_LOOP('',(#5411,#5412,#5418,#5419,#5425,#5426,#5427,#5428,
    #5429,#5435));
#5411 = ORIENTED_EDGE('',*,*,#5079,.F.);
#5412 = ORIENTED_EDGE('',*,*,#5413,.F.);
#5413 = EDGE_CURVE('',#5324,#5072,#5414,.T.);
#5414 = LINE('',#5415,#5416);
#5415 = CARTESIAN_POINT('',(51.5,-32.40192378864,23.1522));
#5416 = VECTOR('',#5417,1.);
#5417 = DIRECTION('',(0.,0.,1.));
#5418 = ORIENTED_EDGE('',*,*,#5331,.F.);
#5419 = ORIENTED_EDGE('',*,*,#5420,.F.);
#5420 = EDGE_CURVE('',#4998,#4913,#5421,.T.);
#5421 = LINE('',#5422,#5423);
#5422 = CARTESIAN_POINT('',(53.,-35.,23.1522));
#5423 = VECTOR('',#5424,1.);
#5424 = DIRECTION('',(0.,0.,1.));
#5425 = ORIENTED_EDGE('',*,*,#4997,.T.);
#5426 = ORIENTED_EDGE('',*,*,#5420,.T.);
#5427 = ORIENTED_EDGE('',*,*,#5297,.F.);
#5428 = ORIENTED_EDGE('',*,*,#5347,.F.);
#5429 = ORIENTED_EDGE('',*,*,#5430,.T.);
#5430 = EDGE_CURVE('',#5348,#5089,#5431,.T.);
#5431 = LINE('',#5432,#5433);
#5432 = CARTESIAN_POINT('',(47.401923788647,-36.5,23.1522));
#5433 = VECTOR('',#5434,1.);
#5434 = DIRECTION('',(0.,0.,1.));
#5435 = ORIENTED_EDGE('',*,*,#5088,.F.);
#5436 = CYLINDRICAL_SURFACE('',#5437,3.);
#5437 = AXIS2_PLACEMENT_3D('',#5438,#5439,#5440);
#5438 = CARTESIAN_POINT('',(50.,-35.,23.1522));
#5439 = DIRECTION('',(0.,0.,1.));
#5440 = DIRECTION('',(1.,0.,-0.));
#5441 = ADVANCED_FACE('',(#5442),#5453,.T.);
#5442 = FACE_BOUND('',#5443,.T.);
#5443 = EDGE_LOOP('',(#5444,#5445,#5446,#5452));
#5444 = ORIENTED_EDGE('',*,*,#5395,.F.);
#5445 = ORIENTED_EDGE('',*,*,#5256,.T.);
#5446 = ORIENTED_EDGE('',*,*,#5447,.T.);
#5447 = EDGE_CURVE('',#5257,#5020,#5448,.T.);
#5448 = LINE('',#5449,#5450);
#5449 = CARTESIAN_POINT('',(-51.5,32.401923788647,23.1522));
#5450 = VECTOR('',#5451,1.);
#5451 = DIRECTION('',(0.,0.,1.));
#5452 = ORIENTED_EDGE('',*,*,#5017,.F.);
#5453 = PLANE('',#5454);
#5454 = AXIS2_PLACEMENT_3D('',#5455,#5456,#5457);
#5455 = CARTESIAN_POINT('',(-51.5,-36.5,29.1522));
#5456 = DIRECTION('',(1.,0.,-0.));
#5457 = DIRECTION('',(0.,0.,1.));
#5458 = ADVANCED_FACE('',(#5459),#5481,.T.);
#5459 = FACE_BOUND('',#5460,.T.);
#5460 = EDGE_LOOP('',(#5461,#5467,#5468,#5469,#5470,#5471,#5472,#5478,
    #5479,#5480));
#5461 = ORIENTED_EDGE('',*,*,#5462,.T.);
#5462 = EDGE_CURVE('',#5140,#5028,#5463,.T.);
#5463 = LINE('',#5464,#5465);
#5464 = CARTESIAN_POINT('',(-47.,35.,23.1522));
#5465 = VECTOR('',#5466,1.);
#5466 = DIRECTION('',(0.,0.,1.));
#5467 = ORIENTED_EDGE('',*,*,#5027,.F.);
#5468 = ORIENTED_EDGE('',*,*,#5447,.F.);
#5469 = ORIENTED_EDGE('',*,*,#5264,.F.);
#5470 = ORIENTED_EDGE('',*,*,#5180,.F.);
#5471 = ORIENTED_EDGE('',*,*,#5214,.F.);
#5472 = ORIENTED_EDGE('',*,*,#5473,.T.);
#5473 = EDGE_CURVE('',#5215,#5037,#5474,.T.);
#5474 = LINE('',#5475,#5476);
#5475 = CARTESIAN_POINT('',(-47.40192378864,36.5,23.1522));
#5476 = VECTOR('',#5477,1.);
#5477 = DIRECTION('',(0.,0.,1.));
#5478 = ORIENTED_EDGE('',*,*,#5036,.F.);
#5479 = ORIENTED_EDGE('',*,*,#5462,.F.);
#5480 = ORIENTED_EDGE('',*,*,#5139,.T.);
#5481 = CYLINDRICAL_SURFACE('',#5482,3.);
#5482 = AXIS2_PLACEMENT_3D('',#5483,#5484,#5485);
#5483 = CARTESIAN_POINT('',(-50.,35.,23.1522));
#5484 = DIRECTION('',(0.,0.,1.));
#5485 = DIRECTION('',(1.,0.,-0.));
#5486 = ADVANCED_FACE('',(#5487),#5493,.T.);
#5487 = FACE_BOUND('',#5488,.T.);
#5488 = EDGE_LOOP('',(#5489,#5490,#5491,#5492));
#5489 = ORIENTED_EDGE('',*,*,#5356,.F.);
#5490 = ORIENTED_EDGE('',*,*,#5386,.T.);
#5491 = ORIENTED_EDGE('',*,*,#5097,.T.);
#5492 = ORIENTED_EDGE('',*,*,#5430,.F.);
#5493 = PLANE('',#5494);
#5494 = AXIS2_PLACEMENT_3D('',#5495,#5496,#5497);
#5495 = CARTESIAN_POINT('',(-51.5,-36.5,29.1522));
#5496 = DIRECTION('',(-0.,1.,0.));
#5497 = DIRECTION('',(0.,0.,1.));
#5498 = ADVANCED_FACE('',(#5499),#5510,.F.);
#5499 = FACE_BOUND('',#5500,.F.);
#5500 = EDGE_LOOP('',(#5501,#5502,#5503,#5504));
#5501 = ORIENTED_EDGE('',*,*,#5223,.F.);
#5502 = ORIENTED_EDGE('',*,*,#5473,.T.);
#5503 = ORIENTED_EDGE('',*,*,#5045,.T.);
#5504 = ORIENTED_EDGE('',*,*,#5505,.F.);
#5505 = EDGE_CURVE('',#5224,#5046,#5506,.T.);
#5506 = LINE('',#5507,#5508);
#5507 = CARTESIAN_POINT('',(47.401923788647,36.5,23.1522));
#5508 = VECTOR('',#5509,1.);
#5509 = DIRECTION('',(0.,0.,1.));
#5510 = PLANE('',#5511);
#5511 = AXIS2_PLACEMENT_3D('',#5512,#5513,#5514);
#5512 = CARTESIAN_POINT('',(-51.5,36.5,29.1522));
#5513 = DIRECTION('',(-0.,1.,0.));
#5514 = DIRECTION('',(0.,0.,1.));
#5515 = ADVANCED_FACE('',(#5516),#5538,.T.);
#5516 = FACE_BOUND('',#5517,.T.);
#5517 = EDGE_LOOP('',(#5518,#5524,#5525,#5526,#5527,#5528,#5529,#5535,
    #5536,#5537));
#5518 = ORIENTED_EDGE('',*,*,#5519,.T.);
#5519 = EDGE_CURVE('',#5315,#5063,#5520,.T.);
#5520 = LINE('',#5521,#5522);
#5521 = CARTESIAN_POINT('',(51.5,32.401923788647,23.1522));
#5522 = VECTOR('',#5523,1.);
#5523 = DIRECTION('',(0.,0.,1.));
#5524 = ORIENTED_EDGE('',*,*,#5062,.F.);
#5525 = ORIENTED_EDGE('',*,*,#5053,.F.);
#5526 = ORIENTED_EDGE('',*,*,#5505,.F.);
#5527 = ORIENTED_EDGE('',*,*,#5231,.F.);
#5528 = ORIENTED_EDGE('',*,*,#5197,.F.);
#5529 = ORIENTED_EDGE('',*,*,#5530,.F.);
#5530 = EDGE_CURVE('',#5160,#4921,#5531,.T.);
#5531 = LINE('',#5532,#5533);
#5532 = CARTESIAN_POINT('',(53.,35.,23.1522));
#5533 = VECTOR('',#5534,1.);
#5534 = DIRECTION('',(0.,0.,1.));
#5535 = ORIENTED_EDGE('',*,*,#5159,.T.);
#5536 = ORIENTED_EDGE('',*,*,#5530,.T.);
#5537 = ORIENTED_EDGE('',*,*,#5314,.F.);
#5538 = CYLINDRICAL_SURFACE('',#5539,3.);
#5539 = AXIS2_PLACEMENT_3D('',#5540,#5541,#5542);
#5540 = CARTESIAN_POINT('',(50.,35.,23.1522));
#5541 = DIRECTION('',(0.,0.,1.));
#5542 = DIRECTION('',(1.,0.,-0.));
#5543 = ADVANCED_FACE('',(#5544),#5550,.F.);
#5544 = FACE_BOUND('',#5545,.F.);
#5545 = EDGE_LOOP('',(#5546,#5547,#5548,#5549));
#5546 = ORIENTED_EDGE('',*,*,#5413,.F.);
#5547 = ORIENTED_EDGE('',*,*,#5323,.T.);
#5548 = ORIENTED_EDGE('',*,*,#5519,.T.);
#5549 = ORIENTED_EDGE('',*,*,#5071,.F.);
#5550 = PLANE('',#5551);
#5551 = AXIS2_PLACEMENT_3D('',#5552,#5553,#5554);
#5552 = CARTESIAN_POINT('',(51.5,-36.5,29.1522));
#5553 = DIRECTION('',(1.,0.,-0.));
#5554 = DIRECTION('',(0.,0.,1.));
#5555 = ( GEOMETRIC_REPRESENTATION_CONTEXT(3) 
GLOBAL_UNCERTAINTY_ASSIGNED_CONTEXT((#5559)) 
GLOBAL_UNIT_ASSIGNED_CONTEXT((#5556,#5557,#5558)) REPRESENTATION_CONTEXT
('Context #1','3D Context with UNIT and UNCERTAINTY') );
#5556 = ( LENGTH_UNIT() NAMED_UNIT(*) SI_UNIT(.MILLI.,.METRE.) );
#5557 = ( NAMED_UNIT(*) PLANE_ANGLE_UNIT() SI_UNIT($,.RADIAN.) );
#5558 = ( NAMED_UNIT(*) SI_UNIT($,.STERADIAN.) SOLID_ANGLE_UNIT() );
#5559 = UNCERTAINTY_MEASURE_WITH_UNIT(LENGTH_MEASURE(1.E-07),#5556,
  'distance_accuracy_value','confusion accuracy');
#5560 = CONTEXT_DEPENDENT_SHAPE_REPRESENTATION(#5561,#5563);
#5561 = ( REPRESENTATION_RELATIONSHIP('','',#3454,#10) 
REPRESENTATION_RELATIONSHIP_WITH_TRANSFORMATION(#5562) 
SHAPE_REPRESENTATION_RELATIONSHIP() );
#5562 = ITEM_DEFINED_TRANSFORMATION('','',#11,#19);
#5563 = PRODUCT_DEFINITION_SHAPE('Placement','Placement of an item',
  #5564);
#5564 = NEXT_ASSEMBLY_USAGE_OCCURRENCE('2','Upper board cover','',#5,
  #3449,$);
#5565 = PRODUCT_RELATED_PRODUCT_CATEGORY('part',$,(#3451));
#5566 = SHAPE_DEFINITION_REPRESENTATION(#5567,#5573);
#5567 = PRODUCT_DEFINITION_SHAPE('','',#5568);
#5568 = PRODUCT_DEFINITION('design','',#5569,#5572);
#5569 = PRODUCT_DEFINITION_FORMATION('','',#5570);
#5570 = PRODUCT('Lower board cover','Lower board cover','',(#5571));
#5571 = PRODUCT_CONTEXT('',#2,'mechanical');
#5572 = PRODUCT_DEFINITION_CONTEXT('part definition',#2,'design');
#5573 = ADVANCED_BREP_SHAPE_REPRESENTATION('',(#11,#5574),#7950);
#5574 = MANIFOLD_SOLID_BREP('',#5575);
#5575 = CLOSED_SHELL('',(#5576,#5609,#5656,#5696,#5771,#6041,#6081,#6098
    ,#6123,#6148,#6172,#6198,#6222,#6449,#6466,#6486,#6518,#6542,#6566,
    #6591,#6616,#6640,#6664,#6682,#6707,#6732,#6757,#6782,#6807,#6832,
    #6857,#6882,#6907,#6932,#6957,#6982,#7007,#7032,#7057,#7082,#7099,
    #7132,#7168,#7212,#7237,#7254,#7271,#7302,#7334,#7358,#7383,#7407,
    #7432,#7456,#7481,#7498,#7530,#7554,#7579,#7603,#7628,#7652,#7677,
    #7694,#7719,#7839,#7859,#7879,#7899,#7916,#7933));
#5576 = ADVANCED_FACE('',(#5577),#5604,.T.);
#5577 = FACE_BOUND('',#5578,.T.);
#5578 = EDGE_LOOP('',(#5579,#5589,#5598));
#5579 = ORIENTED_EDGE('',*,*,#5580,.T.);
#5580 = EDGE_CURVE('',#5581,#5583,#5585,.T.);
#5581 = VERTEX_POINT('',#5582);
#5582 = CARTESIAN_POINT('',(53.,-38.,3.));
#5583 = VERTEX_POINT('',#5584);
#5584 = CARTESIAN_POINT('',(53.,-35.,3.));
#5585 = LINE('',#5586,#5587);
#5586 = CARTESIAN_POINT('',(53.,-38.,3.));
#5587 = VECTOR('',#5588,1.);
#5588 = DIRECTION('',(-0.,1.,0.));
#5589 = ORIENTED_EDGE('',*,*,#5590,.F.);
#5590 = EDGE_CURVE('',#5591,#5583,#5593,.T.);
#5591 = VERTEX_POINT('',#5592);
#5592 = CARTESIAN_POINT('',(50.,-38.,3.));
#5593 = CIRCLE('',#5594,3.);
#5594 = AXIS2_PLACEMENT_3D('',#5595,#5596,#5597);
#5595 = CARTESIAN_POINT('',(50.,-35.,3.));
#5596 = DIRECTION('',(0.,0.,1.));
#5597 = DIRECTION('',(1.,0.,-0.));
#5598 = ORIENTED_EDGE('',*,*,#5599,.T.);
#5599 = EDGE_CURVE('',#5591,#5581,#5600,.T.);
#5600 = LINE('',#5601,#5602);
#5601 = CARTESIAN_POINT('',(-53.,-38.,3.));
#5602 = VECTOR('',#5603,1.);
#5603 = DIRECTION('',(1.,0.,-0.));
#5604 = PLANE('',#5605);
#5605 = AXIS2_PLACEMENT_3D('',#5606,#5607,#5608);
#5606 = CARTESIAN_POINT('',(-53.,-38.,3.));
#5607 = DIRECTION('',(0.,0.,1.));
#5608 = DIRECTION('',(1.,0.,-0.));
#5609 = ADVANCED_FACE('',(#5610),#5651,.T.);
#5610 = FACE_BOUND('',#5611,.T.);
#5611 = EDGE_LOOP('',(#5612,#5620,#5628,#5636,#5644,#5650));
#5612 = ORIENTED_EDGE('',*,*,#5613,.F.);
#5613 = EDGE_CURVE('',#5614,#5581,#5616,.T.);
#5614 = VERTEX_POINT('',#5615);
#5615 = CARTESIAN_POINT('',(53.,-38.,-2.5));
#5616 = LINE('',#5617,#5618);
#5617 = CARTESIAN_POINT('',(53.,-38.,-2.5));
#5618 = VECTOR('',#5619,1.);
#5619 = DIRECTION('',(0.,0.,1.));
#5620 = ORIENTED_EDGE('',*,*,#5621,.T.);
#5621 = EDGE_CURVE('',#5614,#5622,#5624,.T.);
#5622 = VERTEX_POINT('',#5623);
#5623 = CARTESIAN_POINT('',(53.,38.,-2.5));
#5624 = LINE('',#5625,#5626);
#5625 = CARTESIAN_POINT('',(53.,-38.,-2.5));
#5626 = VECTOR('',#5627,1.);
#5627 = DIRECTION('',(-0.,1.,0.));
#5628 = ORIENTED_EDGE('',*,*,#5629,.T.);
#5629 = EDGE_CURVE('',#5622,#5630,#5632,.T.);
#5630 = VERTEX_POINT('',#5631);
#5631 = CARTESIAN_POINT('',(53.,38.,3.));
#5632 = LINE('',#5633,#5634);
#5633 = CARTESIAN_POINT('',(53.,38.,-2.5));
#5634 = VECTOR('',#5635,1.);
#5635 = DIRECTION('',(0.,0.,1.));
#5636 = ORIENTED_EDGE('',*,*,#5637,.F.);
#5637 = EDGE_CURVE('',#5638,#5630,#5640,.T.);
#5638 = VERTEX_POINT('',#5639);
#5639 = CARTESIAN_POINT('',(53.,35.,3.));
#5640 = LINE('',#5641,#5642);
#5641 = CARTESIAN_POINT('',(53.,-38.,3.));
#5642 = VECTOR('',#5643,1.);
#5643 = DIRECTION('',(-0.,1.,0.));
#5644 = ORIENTED_EDGE('',*,*,#5645,.F.);
#5645 = EDGE_CURVE('',#5583,#5638,#5646,.T.);
#5646 = LINE('',#5647,#5648);
#5647 = CARTESIAN_POINT('',(53.,-38.,3.));
#5648 = VECTOR('',#5649,1.);
#5649 = DIRECTION('',(-0.,1.,0.));
#5650 = ORIENTED_EDGE('',*,*,#5580,.F.);
#5651 = PLANE('',#5652);
#5652 = AXIS2_PLACEMENT_3D('',#5653,#5654,#5655);
#5653 = CARTESIAN_POINT('',(53.,-38.,-2.5));
#5654 = DIRECTION('',(1.,0.,-0.));
#5655 = DIRECTION('',(0.,0.,1.));
#5656 = ADVANCED_FACE('',(#5657),#5691,.F.);
#5657 = FACE_BOUND('',#5658,.T.);
#5658 = EDGE_LOOP('',(#5659,#5667,#5668,#5669,#5677,#5685));
#5659 = ORIENTED_EDGE('',*,*,#5660,.T.);
#5660 = EDGE_CURVE('',#5661,#5614,#5663,.T.);
#5661 = VERTEX_POINT('',#5662);
#5662 = CARTESIAN_POINT('',(-53.,-38.,-2.5));
#5663 = LINE('',#5664,#5665);
#5664 = CARTESIAN_POINT('',(-53.,-38.,-2.5));
#5665 = VECTOR('',#5666,1.);
#5666 = DIRECTION('',(1.,0.,-0.));
#5667 = ORIENTED_EDGE('',*,*,#5613,.T.);
#5668 = ORIENTED_EDGE('',*,*,#5599,.F.);
#5669 = ORIENTED_EDGE('',*,*,#5670,.F.);
#5670 = EDGE_CURVE('',#5671,#5591,#5673,.T.);
#5671 = VERTEX_POINT('',#5672);
#5672 = CARTESIAN_POINT('',(-50.,-38.,3.));
#5673 = LINE('',#5674,#5675);
#5674 = CARTESIAN_POINT('',(-53.,-38.,3.));
#5675 = VECTOR('',#5676,1.);
#5676 = DIRECTION('',(1.,0.,-0.));
#5677 = ORIENTED_EDGE('',*,*,#5678,.F.);
#5678 = EDGE_CURVE('',#5679,#5671,#5681,.T.);
#5679 = VERTEX_POINT('',#5680);
#5680 = CARTESIAN_POINT('',(-53.,-38.,3.));
#5681 = LINE('',#5682,#5683);
#5682 = CARTESIAN_POINT('',(-53.,-38.,3.));
#5683 = VECTOR('',#5684,1.);
#5684 = DIRECTION('',(1.,0.,-0.));
#5685 = ORIENTED_EDGE('',*,*,#5686,.F.);
#5686 = EDGE_CURVE('',#5661,#5679,#5687,.T.);
#5687 = LINE('',#5688,#5689);
#5688 = CARTESIAN_POINT('',(-53.,-38.,-2.5));
#5689 = VECTOR('',#5690,1.);
#5690 = DIRECTION('',(0.,0.,1.));
#5691 = PLANE('',#5692);
#5692 = AXIS2_PLACEMENT_3D('',#5693,#5694,#5695);
#5693 = CARTESIAN_POINT('',(-53.,-38.,-2.5));
#5694 = DIRECTION('',(-0.,1.,0.));
#5695 = DIRECTION('',(0.,0.,1.));
#5696 = ADVANCED_FACE('',(#5697),#5766,.T.);
#5697 = FACE_BOUND('',#5698,.T.);
#5698 = EDGE_LOOP('',(#5699,#5707,#5714,#5715,#5724,#5732,#5741,#5750,
    #5758,#5765));
#5699 = ORIENTED_EDGE('',*,*,#5700,.T.);
#5700 = EDGE_CURVE('',#5583,#5701,#5703,.T.);
#5701 = VERTEX_POINT('',#5702);
#5702 = CARTESIAN_POINT('',(53.,-35.,10.5));
#5703 = LINE('',#5704,#5705);
#5704 = CARTESIAN_POINT('',(53.,-35.,-2.5));
#5705 = VECTOR('',#5706,1.);
#5706 = DIRECTION('',(0.,0.,1.));
#5707 = ORIENTED_EDGE('',*,*,#5708,.F.);
#5708 = EDGE_CURVE('',#5701,#5701,#5709,.T.);
#5709 = CIRCLE('',#5710,3.);
#5710 = AXIS2_PLACEMENT_3D('',#5711,#5712,#5713);
#5711 = CARTESIAN_POINT('',(50.,-35.,10.5));
#5712 = DIRECTION('',(0.,0.,1.));
#5713 = DIRECTION('',(1.,0.,-0.));
#5714 = ORIENTED_EDGE('',*,*,#5700,.F.);
#5715 = ORIENTED_EDGE('',*,*,#5716,.T.);
#5716 = EDGE_CURVE('',#5583,#5717,#5719,.T.);
#5717 = VERTEX_POINT('',#5718);
#5718 = CARTESIAN_POINT('',(51.5,-32.40192378864,3.));
#5719 = CIRCLE('',#5720,3.);
#5720 = AXIS2_PLACEMENT_3D('',#5721,#5722,#5723);
#5721 = CARTESIAN_POINT('',(50.,-35.,3.));
#5722 = DIRECTION('',(0.,0.,1.));
#5723 = DIRECTION('',(1.,0.,-0.));
#5724 = ORIENTED_EDGE('',*,*,#5725,.F.);
#5725 = EDGE_CURVE('',#5726,#5717,#5728,.T.);
#5726 = VERTEX_POINT('',#5727);
#5727 = CARTESIAN_POINT('',(51.5,-32.40192378864,-2.5));
#5728 = LINE('',#5729,#5730);
#5729 = CARTESIAN_POINT('',(51.5,-32.40192378864,-2.5));
#5730 = VECTOR('',#5731,1.);
#5731 = DIRECTION('',(0.,0.,1.));
#5732 = ORIENTED_EDGE('',*,*,#5733,.T.);
#5733 = EDGE_CURVE('',#5726,#5734,#5736,.T.);
#5734 = VERTEX_POINT('',#5735);
#5735 = CARTESIAN_POINT('',(47.,-35.,-2.5));
#5736 = CIRCLE('',#5737,3.);
#5737 = AXIS2_PLACEMENT_3D('',#5738,#5739,#5740);
#5738 = CARTESIAN_POINT('',(50.,-35.,-2.5));
#5739 = DIRECTION('',(0.,0.,1.));
#5740 = DIRECTION('',(1.,0.,-0.));
#5741 = ORIENTED_EDGE('',*,*,#5742,.T.);
#5742 = EDGE_CURVE('',#5734,#5743,#5745,.T.);
#5743 = VERTEX_POINT('',#5744);
#5744 = CARTESIAN_POINT('',(47.401923788647,-36.5,-2.5));
#5745 = CIRCLE('',#5746,3.);
#5746 = AXIS2_PLACEMENT_3D('',#5747,#5748,#5749);
#5747 = CARTESIAN_POINT('',(50.,-35.,-2.5));
#5748 = DIRECTION('',(0.,0.,1.));
#5749 = DIRECTION('',(1.,0.,-0.));
#5750 = ORIENTED_EDGE('',*,*,#5751,.T.);
#5751 = EDGE_CURVE('',#5743,#5752,#5754,.T.);
#5752 = VERTEX_POINT('',#5753);
#5753 = CARTESIAN_POINT('',(47.401923788647,-36.5,3.));
#5754 = LINE('',#5755,#5756);
#5755 = CARTESIAN_POINT('',(47.401923788647,-36.5,-2.5));
#5756 = VECTOR('',#5757,1.);
#5757 = DIRECTION('',(0.,0.,1.));
#5758 = ORIENTED_EDGE('',*,*,#5759,.T.);
#5759 = EDGE_CURVE('',#5752,#5591,#5760,.T.);
#5760 = CIRCLE('',#5761,3.);
#5761 = AXIS2_PLACEMENT_3D('',#5762,#5763,#5764);
#5762 = CARTESIAN_POINT('',(50.,-35.,3.));
#5763 = DIRECTION('',(0.,0.,1.));
#5764 = DIRECTION('',(1.,0.,-0.));
#5765 = ORIENTED_EDGE('',*,*,#5590,.T.);
#5766 = CYLINDRICAL_SURFACE('',#5767,3.);
#5767 = AXIS2_PLACEMENT_3D('',#5768,#5769,#5770);
#5768 = CARTESIAN_POINT('',(50.,-35.,-2.5));
#5769 = DIRECTION('',(0.,0.,1.));
#5770 = DIRECTION('',(1.,0.,-0.));
#5771 = ADVANCED_FACE('',(#5772,#5842,#5853,#5864,#5875,#5886,#5897,
    #5908,#5919,#5930,#5941,#5952,#5963,#5974,#5992,#6003,#6014,#6025),
  #6036,.T.);
#5772 = FACE_BOUND('',#5773,.T.);
#5773 = EDGE_LOOP('',(#5774,#5785,#5793,#5802,#5810,#5819,#5827,#5836));
#5774 = ORIENTED_EDGE('',*,*,#5775,.T.);
#5775 = EDGE_CURVE('',#5776,#5778,#5780,.T.);
#5776 = VERTEX_POINT('',#5777);
#5777 = CARTESIAN_POINT('',(-64.,-35.,-2.5));
#5778 = VERTEX_POINT('',#5779);
#5779 = CARTESIAN_POINT('',(-60.,-39.,-2.5));
#5780 = CIRCLE('',#5781,4.);
#5781 = AXIS2_PLACEMENT_3D('',#5782,#5783,#5784);
#5782 = CARTESIAN_POINT('',(-60.,-35.,-2.5));
#5783 = DIRECTION('',(0.,0.,1.));
#5784 = DIRECTION('',(1.,0.,-0.));
#5785 = ORIENTED_EDGE('',*,*,#5786,.T.);
#5786 = EDGE_CURVE('',#5778,#5787,#5789,.T.);
#5787 = VERTEX_POINT('',#5788);
#5788 = CARTESIAN_POINT('',(60.,-39.,-2.5));
#5789 = LINE('',#5790,#5791);
#5790 = CARTESIAN_POINT('',(-60.,-39.,-2.5));
#5791 = VECTOR('',#5792,1.);
#5792 = DIRECTION('',(1.,0.,-0.));
#5793 = ORIENTED_EDGE('',*,*,#5794,.T.);
#5794 = EDGE_CURVE('',#5787,#5795,#5797,.T.);
#5795 = VERTEX_POINT('',#5796);
#5796 = CARTESIAN_POINT('',(64.,-35.,-2.5));
#5797 = CIRCLE('',#5798,4.);
#5798 = AXIS2_PLACEMENT_3D('',#5799,#5800,#5801);
#5799 = CARTESIAN_POINT('',(60.,-35.,-2.5));
#5800 = DIRECTION('',(0.,0.,1.));
#5801 = DIRECTION('',(1.,0.,-0.));
#5802 = ORIENTED_EDGE('',*,*,#5803,.T.);
#5803 = EDGE_CURVE('',#5795,#5804,#5806,.T.);
#5804 = VERTEX_POINT('',#5805);
#5805 = CARTESIAN_POINT('',(64.,35.,-2.5));
#5806 = LINE('',#5807,#5808);
#5807 = CARTESIAN_POINT('',(64.,-35.,-2.5));
#5808 = VECTOR('',#5809,1.);
#5809 = DIRECTION('',(-0.,1.,0.));
#5810 = ORIENTED_EDGE('',*,*,#5811,.T.);
#5811 = EDGE_CURVE('',#5804,#5812,#5814,.T.);
#5812 = VERTEX_POINT('',#5813);
#5813 = CARTESIAN_POINT('',(60.,39.,-2.5));
#5814 = CIRCLE('',#5815,4.);
#5815 = AXIS2_PLACEMENT_3D('',#5816,#5817,#5818);
#5816 = CARTESIAN_POINT('',(60.,35.,-2.5));
#5817 = DIRECTION('',(0.,0.,1.));
#5818 = DIRECTION('',(1.,0.,-0.));
#5819 = ORIENTED_EDGE('',*,*,#5820,.F.);
#5820 = EDGE_CURVE('',#5821,#5812,#5823,.T.);
#5821 = VERTEX_POINT('',#5822);
#5822 = CARTESIAN_POINT('',(-60.,39.,-2.5));
#5823 = LINE('',#5824,#5825);
#5824 = CARTESIAN_POINT('',(-60.,39.,-2.5));
#5825 = VECTOR('',#5826,1.);
#5826 = DIRECTION('',(1.,0.,-0.));
#5827 = ORIENTED_EDGE('',*,*,#5828,.T.);
#5828 = EDGE_CURVE('',#5821,#5829,#5831,.T.);
#5829 = VERTEX_POINT('',#5830);
#5830 = CARTESIAN_POINT('',(-64.,35.,-2.5));
#5831 = CIRCLE('',#5832,4.);
#5832 = AXIS2_PLACEMENT_3D('',#5833,#5834,#5835);
#5833 = CARTESIAN_POINT('',(-60.,35.,-2.5));
#5834 = DIRECTION('',(0.,0.,1.));
#5835 = DIRECTION('',(1.,0.,-0.));
#5836 = ORIENTED_EDGE('',*,*,#5837,.F.);
#5837 = EDGE_CURVE('',#5776,#5829,#5838,.T.);
#5838 = LINE('',#5839,#5840);
#5839 = CARTESIAN_POINT('',(-64.,-35.,-2.5));
#5840 = VECTOR('',#5841,1.);
#5841 = DIRECTION('',(-0.,1.,0.));
#5842 = FACE_BOUND('',#5843,.T.);
#5843 = EDGE_LOOP('',(#5844));
#5844 = ORIENTED_EDGE('',*,*,#5845,.F.);
#5845 = EDGE_CURVE('',#5846,#5846,#5848,.T.);
#5846 = VERTEX_POINT('',#5847);
#5847 = CARTESIAN_POINT('',(-57.3,-35.,-2.5));
#5848 = CIRCLE('',#5849,1.7);
#5849 = AXIS2_PLACEMENT_3D('',#5850,#5851,#5852);
#5850 = CARTESIAN_POINT('',(-59.,-35.,-2.5));
#5851 = DIRECTION('',(0.,0.,1.));
#5852 = DIRECTION('',(1.,0.,-0.));
#5853 = FACE_BOUND('',#5854,.T.);
#5854 = EDGE_LOOP('',(#5855));
#5855 = ORIENTED_EDGE('',*,*,#5856,.F.);
#5856 = EDGE_CURVE('',#5857,#5857,#5859,.T.);
#5857 = VERTEX_POINT('',#5858);
#5858 = CARTESIAN_POINT('',(-57.3,-25.,-2.5));
#5859 = CIRCLE('',#5860,1.7);
#5860 = AXIS2_PLACEMENT_3D('',#5861,#5862,#5863);
#5861 = CARTESIAN_POINT('',(-59.,-25.,-2.5));
#5862 = DIRECTION('',(0.,0.,1.));
#5863 = DIRECTION('',(1.,0.,-0.));
#5864 = FACE_BOUND('',#5865,.T.);
#5865 = EDGE_LOOP('',(#5866));
#5866 = ORIENTED_EDGE('',*,*,#5867,.F.);
#5867 = EDGE_CURVE('',#5868,#5868,#5870,.T.);
#5868 = VERTEX_POINT('',#5869);
#5869 = CARTESIAN_POINT('',(-57.3,-15.,-2.5));
#5870 = CIRCLE('',#5871,1.7);
#5871 = AXIS2_PLACEMENT_3D('',#5872,#5873,#5874);
#5872 = CARTESIAN_POINT('',(-59.,-15.,-2.5));
#5873 = DIRECTION('',(0.,0.,1.));
#5874 = DIRECTION('',(1.,0.,-0.));
#5875 = FACE_BOUND('',#5876,.T.);
#5876 = EDGE_LOOP('',(#5877));
#5877 = ORIENTED_EDGE('',*,*,#5878,.F.);
#5878 = EDGE_CURVE('',#5879,#5879,#5881,.T.);
#5879 = VERTEX_POINT('',#5880);
#5880 = CARTESIAN_POINT('',(-57.3,-5.,-2.5));
#5881 = CIRCLE('',#5882,1.7);
#5882 = AXIS2_PLACEMENT_3D('',#5883,#5884,#5885);
#5883 = CARTESIAN_POINT('',(-59.,-5.,-2.5));
#5884 = DIRECTION('',(0.,0.,1.));
#5885 = DIRECTION('',(1.,0.,-0.));
#5886 = FACE_BOUND('',#5887,.T.);
#5887 = EDGE_LOOP('',(#5888));
#5888 = ORIENTED_EDGE('',*,*,#5889,.F.);
#5889 = EDGE_CURVE('',#5890,#5890,#5892,.T.);
#5890 = VERTEX_POINT('',#5891);
#5891 = CARTESIAN_POINT('',(60.7,-35.,-2.5));
#5892 = CIRCLE('',#5893,1.7);
#5893 = AXIS2_PLACEMENT_3D('',#5894,#5895,#5896);
#5894 = CARTESIAN_POINT('',(59.,-35.,-2.5));
#5895 = DIRECTION('',(0.,0.,1.));
#5896 = DIRECTION('',(1.,0.,-0.));
#5897 = FACE_BOUND('',#5898,.T.);
#5898 = EDGE_LOOP('',(#5899));
#5899 = ORIENTED_EDGE('',*,*,#5900,.F.);
#5900 = EDGE_CURVE('',#5901,#5901,#5903,.T.);
#5901 = VERTEX_POINT('',#5902);
#5902 = CARTESIAN_POINT('',(60.7,-25.,-2.5));
#5903 = CIRCLE('',#5904,1.7);
#5904 = AXIS2_PLACEMENT_3D('',#5905,#5906,#5907);
#5905 = CARTESIAN_POINT('',(59.,-25.,-2.5));
#5906 = DIRECTION('',(0.,0.,1.));
#5907 = DIRECTION('',(1.,0.,-0.));
#5908 = FACE_BOUND('',#5909,.T.);
#5909 = EDGE_LOOP('',(#5910));
#5910 = ORIENTED_EDGE('',*,*,#5911,.F.);
#5911 = EDGE_CURVE('',#5912,#5912,#5914,.T.);
#5912 = VERTEX_POINT('',#5913);
#5913 = CARTESIAN_POINT('',(60.7,-15.,-2.5));
#5914 = CIRCLE('',#5915,1.7);
#5915 = AXIS2_PLACEMENT_3D('',#5916,#5917,#5918);
#5916 = CARTESIAN_POINT('',(59.,-15.,-2.5));
#5917 = DIRECTION('',(0.,0.,1.));
#5918 = DIRECTION('',(1.,0.,-0.));
#5919 = FACE_BOUND('',#5920,.T.);
#5920 = EDGE_LOOP('',(#5921));
#5921 = ORIENTED_EDGE('',*,*,#5922,.F.);
#5922 = EDGE_CURVE('',#5923,#5923,#5925,.T.);
#5923 = VERTEX_POINT('',#5924);
#5924 = CARTESIAN_POINT('',(60.7,-5.,-2.5));
#5925 = CIRCLE('',#5926,1.7);
#5926 = AXIS2_PLACEMENT_3D('',#5927,#5928,#5929);
#5927 = CARTESIAN_POINT('',(59.,-5.,-2.5));
#5928 = DIRECTION('',(0.,0.,1.));
#5929 = DIRECTION('',(1.,0.,-0.));
#5930 = FACE_BOUND('',#5931,.T.);
#5931 = EDGE_LOOP('',(#5932));
#5932 = ORIENTED_EDGE('',*,*,#5933,.F.);
#5933 = EDGE_CURVE('',#5934,#5934,#5936,.T.);
#5934 = VERTEX_POINT('',#5935);
#5935 = CARTESIAN_POINT('',(-57.3,5.,-2.5));
#5936 = CIRCLE('',#5937,1.7);
#5937 = AXIS2_PLACEMENT_3D('',#5938,#5939,#5940);
#5938 = CARTESIAN_POINT('',(-59.,5.,-2.5));
#5939 = DIRECTION('',(0.,0.,1.));
#5940 = DIRECTION('',(1.,0.,-0.));
#5941 = FACE_BOUND('',#5942,.T.);
#5942 = EDGE_LOOP('',(#5943));
#5943 = ORIENTED_EDGE('',*,*,#5944,.F.);
#5944 = EDGE_CURVE('',#5945,#5945,#5947,.T.);
#5945 = VERTEX_POINT('',#5946);
#5946 = CARTESIAN_POINT('',(-57.3,15.,-2.5));
#5947 = CIRCLE('',#5948,1.7);
#5948 = AXIS2_PLACEMENT_3D('',#5949,#5950,#5951);
#5949 = CARTESIAN_POINT('',(-59.,15.,-2.5));
#5950 = DIRECTION('',(0.,0.,1.));
#5951 = DIRECTION('',(1.,0.,-0.));
#5952 = FACE_BOUND('',#5953,.T.);
#5953 = EDGE_LOOP('',(#5954));
#5954 = ORIENTED_EDGE('',*,*,#5955,.F.);
#5955 = EDGE_CURVE('',#5956,#5956,#5958,.T.);
#5956 = VERTEX_POINT('',#5957);
#5957 = CARTESIAN_POINT('',(-57.3,25.,-2.5));
#5958 = CIRCLE('',#5959,1.7);
#5959 = AXIS2_PLACEMENT_3D('',#5960,#5961,#5962);
#5960 = CARTESIAN_POINT('',(-59.,25.,-2.5));
#5961 = DIRECTION('',(0.,0.,1.));
#5962 = DIRECTION('',(1.,0.,-0.));
#5963 = FACE_BOUND('',#5964,.T.);
#5964 = EDGE_LOOP('',(#5965));
#5965 = ORIENTED_EDGE('',*,*,#5966,.F.);
#5966 = EDGE_CURVE('',#5967,#5967,#5969,.T.);
#5967 = VERTEX_POINT('',#5968);
#5968 = CARTESIAN_POINT('',(-57.3,35.,-2.5));
#5969 = CIRCLE('',#5970,1.7);
#5970 = AXIS2_PLACEMENT_3D('',#5971,#5972,#5973);
#5971 = CARTESIAN_POINT('',(-59.,35.,-2.5));
#5972 = DIRECTION('',(0.,0.,1.));
#5973 = DIRECTION('',(1.,0.,-0.));
#5974 = FACE_BOUND('',#5975,.T.);
#5975 = EDGE_LOOP('',(#5976,#5977,#5978,#5986));
#5976 = ORIENTED_EDGE('',*,*,#5621,.F.);
#5977 = ORIENTED_EDGE('',*,*,#5660,.F.);
#5978 = ORIENTED_EDGE('',*,*,#5979,.T.);
#5979 = EDGE_CURVE('',#5661,#5980,#5982,.T.);
#5980 = VERTEX_POINT('',#5981);
#5981 = CARTESIAN_POINT('',(-53.,38.,-2.5));
#5982 = LINE('',#5983,#5984);
#5983 = CARTESIAN_POINT('',(-53.,-38.,-2.5));
#5984 = VECTOR('',#5985,1.);
#5985 = DIRECTION('',(-0.,1.,0.));
#5986 = ORIENTED_EDGE('',*,*,#5987,.T.);
#5987 = EDGE_CURVE('',#5980,#5622,#5988,.T.);
#5988 = LINE('',#5989,#5990);
#5989 = CARTESIAN_POINT('',(-53.,38.,-2.5));
#5990 = VECTOR('',#5991,1.);
#5991 = DIRECTION('',(1.,0.,-0.));
#5992 = FACE_BOUND('',#5993,.T.);
#5993 = EDGE_LOOP('',(#5994));
#5994 = ORIENTED_EDGE('',*,*,#5995,.F.);
#5995 = EDGE_CURVE('',#5996,#5996,#5998,.T.);
#5996 = VERTEX_POINT('',#5997);
#5997 = CARTESIAN_POINT('',(60.7,5.,-2.5));
#5998 = CIRCLE('',#5999,1.7);
#5999 = AXIS2_PLACEMENT_3D('',#6000,#6001,#6002);
#6000 = CARTESIAN_POINT('',(59.,5.,-2.5));
#6001 = DIRECTION('',(0.,0.,1.));
#6002 = DIRECTION('',(1.,0.,-0.));
#6003 = FACE_BOUND('',#6004,.T.);
#6004 = EDGE_LOOP('',(#6005));
#6005 = ORIENTED_EDGE('',*,*,#6006,.F.);
#6006 = EDGE_CURVE('',#6007,#6007,#6009,.T.);
#6007 = VERTEX_POINT('',#6008);
#6008 = CARTESIAN_POINT('',(60.7,15.,-2.5));
#6009 = CIRCLE('',#6010,1.7);
#6010 = AXIS2_PLACEMENT_3D('',#6011,#6012,#6013);
#6011 = CARTESIAN_POINT('',(59.,15.,-2.5));
#6012 = DIRECTION('',(0.,0.,1.));
#6013 = DIRECTION('',(1.,0.,-0.));
#6014 = FACE_BOUND('',#6015,.T.);
#6015 = EDGE_LOOP('',(#6016));
#6016 = ORIENTED_EDGE('',*,*,#6017,.F.);
#6017 = EDGE_CURVE('',#6018,#6018,#6020,.T.);
#6018 = VERTEX_POINT('',#6019);
#6019 = CARTESIAN_POINT('',(60.7,25.,-2.5));
#6020 = CIRCLE('',#6021,1.7);
#6021 = AXIS2_PLACEMENT_3D('',#6022,#6023,#6024);
#6022 = CARTESIAN_POINT('',(59.,25.,-2.5));
#6023 = DIRECTION('',(0.,0.,1.));
#6024 = DIRECTION('',(1.,0.,-0.));
#6025 = FACE_BOUND('',#6026,.T.);
#6026 = EDGE_LOOP('',(#6027));
#6027 = ORIENTED_EDGE('',*,*,#6028,.F.);
#6028 = EDGE_CURVE('',#6029,#6029,#6031,.T.);
#6029 = VERTEX_POINT('',#6030);
#6030 = CARTESIAN_POINT('',(60.7,35.,-2.5));
#6031 = CIRCLE('',#6032,1.7);
#6032 = AXIS2_PLACEMENT_3D('',#6033,#6034,#6035);
#6033 = CARTESIAN_POINT('',(59.,35.,-2.5));
#6034 = DIRECTION('',(0.,0.,1.));
#6035 = DIRECTION('',(1.,0.,-0.));
#6036 = PLANE('',#6037);
#6037 = AXIS2_PLACEMENT_3D('',#6038,#6039,#6040);
#6038 = CARTESIAN_POINT('',(0.,-5.616291690047E-16,-2.5));
#6039 = DIRECTION('',(0.,0.,1.));
#6040 = DIRECTION('',(1.,0.,-0.));
#6041 = ADVANCED_FACE('',(#6042),#6076,.T.);
#6042 = FACE_BOUND('',#6043,.T.);
#6043 = EDGE_LOOP('',(#6044,#6045,#6053,#6061,#6069,#6075));
#6044 = ORIENTED_EDGE('',*,*,#5987,.F.);
#6045 = ORIENTED_EDGE('',*,*,#6046,.T.);
#6046 = EDGE_CURVE('',#5980,#6047,#6049,.T.);
#6047 = VERTEX_POINT('',#6048);
#6048 = CARTESIAN_POINT('',(-53.,38.,3.));
#6049 = LINE('',#6050,#6051);
#6050 = CARTESIAN_POINT('',(-53.,38.,-2.5));
#6051 = VECTOR('',#6052,1.);
#6052 = DIRECTION('',(0.,0.,1.));
#6053 = ORIENTED_EDGE('',*,*,#6054,.T.);
#6054 = EDGE_CURVE('',#6047,#6055,#6057,.T.);
#6055 = VERTEX_POINT('',#6056);
#6056 = CARTESIAN_POINT('',(-50.,38.,3.));
#6057 = LINE('',#6058,#6059);
#6058 = CARTESIAN_POINT('',(-53.,38.,3.));
#6059 = VECTOR('',#6060,1.);
#6060 = DIRECTION('',(1.,0.,-0.));
#6061 = ORIENTED_EDGE('',*,*,#6062,.T.);
#6062 = EDGE_CURVE('',#6055,#6063,#6065,.T.);
#6063 = VERTEX_POINT('',#6064);
#6064 = CARTESIAN_POINT('',(50.,38.,3.));
#6065 = LINE('',#6066,#6067);
#6066 = CARTESIAN_POINT('',(-53.,38.,3.));
#6067 = VECTOR('',#6068,1.);
#6068 = DIRECTION('',(1.,0.,-0.));
#6069 = ORIENTED_EDGE('',*,*,#6070,.T.);
#6070 = EDGE_CURVE('',#6063,#5630,#6071,.T.);
#6071 = LINE('',#6072,#6073);
#6072 = CARTESIAN_POINT('',(-53.,38.,3.));
#6073 = VECTOR('',#6074,1.);
#6074 = DIRECTION('',(1.,0.,-0.));
#6075 = ORIENTED_EDGE('',*,*,#5629,.F.);
#6076 = PLANE('',#6077);
#6077 = AXIS2_PLACEMENT_3D('',#6078,#6079,#6080);
#6078 = CARTESIAN_POINT('',(-53.,38.,-2.5));
#6079 = DIRECTION('',(-0.,1.,0.));
#6080 = DIRECTION('',(0.,0.,1.));
#6081 = ADVANCED_FACE('',(#6082),#6093,.T.);
#6082 = FACE_BOUND('',#6083,.T.);
#6083 = EDGE_LOOP('',(#6084,#6085,#6092));
#6084 = ORIENTED_EDGE('',*,*,#6070,.F.);
#6085 = ORIENTED_EDGE('',*,*,#6086,.F.);
#6086 = EDGE_CURVE('',#5638,#6063,#6087,.T.);
#6087 = CIRCLE('',#6088,3.);
#6088 = AXIS2_PLACEMENT_3D('',#6089,#6090,#6091);
#6089 = CARTESIAN_POINT('',(50.,35.,3.));
#6090 = DIRECTION('',(0.,0.,1.));
#6091 = DIRECTION('',(1.,0.,-0.));
#6092 = ORIENTED_EDGE('',*,*,#5637,.T.);
#6093 = PLANE('',#6094);
#6094 = AXIS2_PLACEMENT_3D('',#6095,#6096,#6097);
#6095 = CARTESIAN_POINT('',(-53.,-38.,3.));
#6096 = DIRECTION('',(0.,0.,1.));
#6097 = DIRECTION('',(1.,0.,-0.));
#6098 = ADVANCED_FACE('',(#6099),#6118,.T.);
#6099 = FACE_BOUND('',#6100,.T.);
#6100 = EDGE_LOOP('',(#6101,#6102,#6111,#6117));
#6101 = ORIENTED_EDGE('',*,*,#5645,.T.);
#6102 = ORIENTED_EDGE('',*,*,#6103,.F.);
#6103 = EDGE_CURVE('',#6104,#5638,#6106,.T.);
#6104 = VERTEX_POINT('',#6105);
#6105 = CARTESIAN_POINT('',(51.5,32.401923788647,3.));
#6106 = CIRCLE('',#6107,3.);
#6107 = AXIS2_PLACEMENT_3D('',#6108,#6109,#6110);
#6108 = CARTESIAN_POINT('',(50.,35.,3.));
#6109 = DIRECTION('',(0.,0.,1.));
#6110 = DIRECTION('',(1.,0.,-0.));
#6111 = ORIENTED_EDGE('',*,*,#6112,.F.);
#6112 = EDGE_CURVE('',#5717,#6104,#6113,.T.);
#6113 = LINE('',#6114,#6115);
#6114 = CARTESIAN_POINT('',(51.5,-36.5,3.));
#6115 = VECTOR('',#6116,1.);
#6116 = DIRECTION('',(-0.,1.,0.));
#6117 = ORIENTED_EDGE('',*,*,#5716,.F.);
#6118 = PLANE('',#6119);
#6119 = AXIS2_PLACEMENT_3D('',#6120,#6121,#6122);
#6120 = CARTESIAN_POINT('',(-53.,-38.,3.));
#6121 = DIRECTION('',(0.,0.,1.));
#6122 = DIRECTION('',(1.,0.,-0.));
#6123 = ADVANCED_FACE('',(#6124),#6143,.T.);
#6124 = FACE_BOUND('',#6125,.T.);
#6125 = EDGE_LOOP('',(#6126,#6127,#6128,#6136));
#6126 = ORIENTED_EDGE('',*,*,#5670,.T.);
#6127 = ORIENTED_EDGE('',*,*,#5759,.F.);
#6128 = ORIENTED_EDGE('',*,*,#6129,.F.);
#6129 = EDGE_CURVE('',#6130,#5752,#6132,.T.);
#6130 = VERTEX_POINT('',#6131);
#6131 = CARTESIAN_POINT('',(-47.40192378864,-36.5,3.));
#6132 = LINE('',#6133,#6134);
#6133 = CARTESIAN_POINT('',(-51.5,-36.5,3.));
#6134 = VECTOR('',#6135,1.);
#6135 = DIRECTION('',(1.,0.,-0.));
#6136 = ORIENTED_EDGE('',*,*,#6137,.F.);
#6137 = EDGE_CURVE('',#5671,#6130,#6138,.T.);
#6138 = CIRCLE('',#6139,3.);
#6139 = AXIS2_PLACEMENT_3D('',#6140,#6141,#6142);
#6140 = CARTESIAN_POINT('',(-50.,-35.,3.));
#6141 = DIRECTION('',(0.,0.,1.));
#6142 = DIRECTION('',(1.,0.,-0.));
#6143 = PLANE('',#6144);
#6144 = AXIS2_PLACEMENT_3D('',#6145,#6146,#6147);
#6145 = CARTESIAN_POINT('',(-53.,-38.,3.));
#6146 = DIRECTION('',(0.,0.,1.));
#6147 = DIRECTION('',(1.,0.,-0.));
#6148 = ADVANCED_FACE('',(#6149),#6167,.T.);
#6149 = FACE_BOUND('',#6150,.T.);
#6150 = EDGE_LOOP('',(#6151,#6159,#6160));
#6151 = ORIENTED_EDGE('',*,*,#6152,.F.);
#6152 = EDGE_CURVE('',#5679,#6153,#6155,.T.);
#6153 = VERTEX_POINT('',#6154);
#6154 = CARTESIAN_POINT('',(-53.,-35.,3.));
#6155 = LINE('',#6156,#6157);
#6156 = CARTESIAN_POINT('',(-53.,-38.,3.));
#6157 = VECTOR('',#6158,1.);
#6158 = DIRECTION('',(-0.,1.,0.));
#6159 = ORIENTED_EDGE('',*,*,#5678,.T.);
#6160 = ORIENTED_EDGE('',*,*,#6161,.F.);
#6161 = EDGE_CURVE('',#6153,#5671,#6162,.T.);
#6162 = CIRCLE('',#6163,3.);
#6163 = AXIS2_PLACEMENT_3D('',#6164,#6165,#6166);
#6164 = CARTESIAN_POINT('',(-50.,-35.,3.));
#6165 = DIRECTION('',(0.,0.,1.));
#6166 = DIRECTION('',(1.,0.,-0.));
#6167 = PLANE('',#6168);
#6168 = AXIS2_PLACEMENT_3D('',#6169,#6170,#6171);
#6169 = CARTESIAN_POINT('',(-53.,-38.,3.));
#6170 = DIRECTION('',(0.,0.,1.));
#6171 = DIRECTION('',(1.,0.,-0.));
#6172 = ADVANCED_FACE('',(#6173),#6193,.F.);
#6173 = FACE_BOUND('',#6174,.T.);
#6174 = EDGE_LOOP('',(#6175,#6176,#6177,#6185,#6191,#6192));
#6175 = ORIENTED_EDGE('',*,*,#5686,.T.);
#6176 = ORIENTED_EDGE('',*,*,#6152,.T.);
#6177 = ORIENTED_EDGE('',*,*,#6178,.T.);
#6178 = EDGE_CURVE('',#6153,#6179,#6181,.T.);
#6179 = VERTEX_POINT('',#6180);
#6180 = CARTESIAN_POINT('',(-53.,35.,3.));
#6181 = LINE('',#6182,#6183);
#6182 = CARTESIAN_POINT('',(-53.,-38.,3.));
#6183 = VECTOR('',#6184,1.);
#6184 = DIRECTION('',(-0.,1.,0.));
#6185 = ORIENTED_EDGE('',*,*,#6186,.T.);
#6186 = EDGE_CURVE('',#6179,#6047,#6187,.T.);
#6187 = LINE('',#6188,#6189);
#6188 = CARTESIAN_POINT('',(-53.,-38.,3.));
#6189 = VECTOR('',#6190,1.);
#6190 = DIRECTION('',(-0.,1.,0.));
#6191 = ORIENTED_EDGE('',*,*,#6046,.F.);
#6192 = ORIENTED_EDGE('',*,*,#5979,.F.);
#6193 = PLANE('',#6194);
#6194 = AXIS2_PLACEMENT_3D('',#6195,#6196,#6197);
#6195 = CARTESIAN_POINT('',(-53.,-38.,-2.5));
#6196 = DIRECTION('',(1.,0.,-0.));
#6197 = DIRECTION('',(0.,0.,1.));
#6198 = ADVANCED_FACE('',(#6199),#6217,.T.);
#6199 = FACE_BOUND('',#6200,.T.);
#6200 = EDGE_LOOP('',(#6201,#6209,#6215,#6216));
#6201 = ORIENTED_EDGE('',*,*,#6202,.F.);
#6202 = EDGE_CURVE('',#6203,#5743,#6205,.T.);
#6203 = VERTEX_POINT('',#6204);
#6204 = CARTESIAN_POINT('',(-47.40192378864,-36.5,-2.5));
#6205 = LINE('',#6206,#6207);
#6206 = CARTESIAN_POINT('',(-51.5,-36.5,-2.5));
#6207 = VECTOR('',#6208,1.);
#6208 = DIRECTION('',(1.,0.,-0.));
#6209 = ORIENTED_EDGE('',*,*,#6210,.T.);
#6210 = EDGE_CURVE('',#6203,#6130,#6211,.T.);
#6211 = LINE('',#6212,#6213);
#6212 = CARTESIAN_POINT('',(-47.40192378864,-36.5,-2.5));
#6213 = VECTOR('',#6214,1.);
#6214 = DIRECTION('',(0.,0.,1.));
#6215 = ORIENTED_EDGE('',*,*,#6129,.T.);
#6216 = ORIENTED_EDGE('',*,*,#5751,.F.);
#6217 = PLANE('',#6218);
#6218 = AXIS2_PLACEMENT_3D('',#6219,#6220,#6221);
#6219 = CARTESIAN_POINT('',(-51.5,-36.5,-2.5));
#6220 = DIRECTION('',(-0.,1.,0.));
#6221 = DIRECTION('',(0.,0.,1.));
#6222 = ADVANCED_FACE('',(#6223,#6304,#6374),#6444,.T.);
#6223 = FACE_BOUND('',#6224,.T.);
#6224 = EDGE_LOOP('',(#6225,#6226,#6227,#6235,#6244,#6253,#6261,#6270,
    #6279,#6287,#6296,#6303));
#6225 = ORIENTED_EDGE('',*,*,#5742,.F.);
#6226 = ORIENTED_EDGE('',*,*,#5733,.F.);
#6227 = ORIENTED_EDGE('',*,*,#6228,.T.);
#6228 = EDGE_CURVE('',#5726,#6229,#6231,.T.);
#6229 = VERTEX_POINT('',#6230);
#6230 = CARTESIAN_POINT('',(51.5,32.401923788647,-2.5));
#6231 = LINE('',#6232,#6233);
#6232 = CARTESIAN_POINT('',(51.5,-36.5,-2.5));
#6233 = VECTOR('',#6234,1.);
#6234 = DIRECTION('',(-0.,1.,0.));
#6235 = ORIENTED_EDGE('',*,*,#6236,.F.);
#6236 = EDGE_CURVE('',#6237,#6229,#6239,.T.);
#6237 = VERTEX_POINT('',#6238);
#6238 = CARTESIAN_POINT('',(47.,35.,-2.5));
#6239 = CIRCLE('',#6240,3.);
#6240 = AXIS2_PLACEMENT_3D('',#6241,#6242,#6243);
#6241 = CARTESIAN_POINT('',(50.,35.,-2.5));
#6242 = DIRECTION('',(0.,0.,1.));
#6243 = DIRECTION('',(1.,0.,-0.));
#6244 = ORIENTED_EDGE('',*,*,#6245,.F.);
#6245 = EDGE_CURVE('',#6246,#6237,#6248,.T.);
#6246 = VERTEX_POINT('',#6247);
#6247 = CARTESIAN_POINT('',(47.401923788647,36.5,-2.5));
#6248 = CIRCLE('',#6249,3.);
#6249 = AXIS2_PLACEMENT_3D('',#6250,#6251,#6252);
#6250 = CARTESIAN_POINT('',(50.,35.,-2.5));
#6251 = DIRECTION('',(0.,0.,1.));
#6252 = DIRECTION('',(1.,0.,-0.));
#6253 = ORIENTED_EDGE('',*,*,#6254,.F.);
#6254 = EDGE_CURVE('',#6255,#6246,#6257,.T.);
#6255 = VERTEX_POINT('',#6256);
#6256 = CARTESIAN_POINT('',(-47.40192378864,36.5,-2.5));
#6257 = LINE('',#6258,#6259);
#6258 = CARTESIAN_POINT('',(-51.5,36.5,-2.5));
#6259 = VECTOR('',#6260,1.);
#6260 = DIRECTION('',(1.,0.,-0.));
#6261 = ORIENTED_EDGE('',*,*,#6262,.F.);
#6262 = EDGE_CURVE('',#6263,#6255,#6265,.T.);
#6263 = VERTEX_POINT('',#6264);
#6264 = CARTESIAN_POINT('',(-47.,35.,-2.5));
#6265 = CIRCLE('',#6266,3.);
#6266 = AXIS2_PLACEMENT_3D('',#6267,#6268,#6269);
#6267 = CARTESIAN_POINT('',(-50.,35.,-2.5));
#6268 = DIRECTION('',(0.,0.,1.));
#6269 = DIRECTION('',(1.,0.,-0.));
#6270 = ORIENTED_EDGE('',*,*,#6271,.F.);
#6271 = EDGE_CURVE('',#6272,#6263,#6274,.T.);
#6272 = VERTEX_POINT('',#6273);
#6273 = CARTESIAN_POINT('',(-51.5,32.401923788647,-2.5));
#6274 = CIRCLE('',#6275,3.);
#6275 = AXIS2_PLACEMENT_3D('',#6276,#6277,#6278);
#6276 = CARTESIAN_POINT('',(-50.,35.,-2.5));
#6277 = DIRECTION('',(0.,0.,1.));
#6278 = DIRECTION('',(1.,0.,-0.));
#6279 = ORIENTED_EDGE('',*,*,#6280,.F.);
#6280 = EDGE_CURVE('',#6281,#6272,#6283,.T.);
#6281 = VERTEX_POINT('',#6282);
#6282 = CARTESIAN_POINT('',(-51.5,-32.40192378864,-2.5));
#6283 = LINE('',#6284,#6285);
#6284 = CARTESIAN_POINT('',(-51.5,-36.5,-2.5));
#6285 = VECTOR('',#6286,1.);
#6286 = DIRECTION('',(-0.,1.,0.));
#6287 = ORIENTED_EDGE('',*,*,#6288,.F.);
#6288 = EDGE_CURVE('',#6289,#6281,#6291,.T.);
#6289 = VERTEX_POINT('',#6290);
#6290 = CARTESIAN_POINT('',(-47.,-35.,-2.5));
#6291 = CIRCLE('',#6292,3.);
#6292 = AXIS2_PLACEMENT_3D('',#6293,#6294,#6295);
#6293 = CARTESIAN_POINT('',(-50.,-35.,-2.5));
#6294 = DIRECTION('',(0.,0.,1.));
#6295 = DIRECTION('',(1.,0.,-0.));
#6296 = ORIENTED_EDGE('',*,*,#6297,.F.);
#6297 = EDGE_CURVE('',#6203,#6289,#6298,.T.);
#6298 = CIRCLE('',#6299,3.);
#6299 = AXIS2_PLACEMENT_3D('',#6300,#6301,#6302);
#6300 = CARTESIAN_POINT('',(-50.,-35.,-2.5));
#6301 = DIRECTION('',(0.,0.,1.));
#6302 = DIRECTION('',(1.,0.,-0.));
#6303 = ORIENTED_EDGE('',*,*,#6202,.T.);
#6304 = FACE_BOUND('',#6305,.T.);
#6305 = EDGE_LOOP('',(#6306,#6317,#6325,#6334,#6342,#6351,#6359,#6368));
#6306 = ORIENTED_EDGE('',*,*,#6307,.F.);
#6307 = EDGE_CURVE('',#6308,#6310,#6312,.T.);
#6308 = VERTEX_POINT('',#6309);
#6309 = CARTESIAN_POINT('',(26.6671,-10.5159,-2.5));
#6310 = VERTEX_POINT('',#6311);
#6311 = CARTESIAN_POINT('',(27.6671,-11.5159,-2.5));
#6312 = CIRCLE('',#6313,1.);
#6313 = AXIS2_PLACEMENT_3D('',#6314,#6315,#6316);
#6314 = CARTESIAN_POINT('',(27.6671,-10.5159,-2.5));
#6315 = DIRECTION('',(0.,0.,1.));
#6316 = DIRECTION('',(1.,0.,-0.));
#6317 = ORIENTED_EDGE('',*,*,#6318,.T.);
#6318 = EDGE_CURVE('',#6308,#6319,#6321,.T.);
#6319 = VERTEX_POINT('',#6320);
#6320 = CARTESIAN_POINT('',(26.6671,5.4841,-2.5));
#6321 = LINE('',#6322,#6323);
#6322 = CARTESIAN_POINT('',(26.6671,-5.25795,-2.5));
#6323 = VECTOR('',#6324,1.);
#6324 = DIRECTION('',(-0.,1.,0.));
#6325 = ORIENTED_EDGE('',*,*,#6326,.F.);
#6326 = EDGE_CURVE('',#6327,#6319,#6329,.T.);
#6327 = VERTEX_POINT('',#6328);
#6328 = CARTESIAN_POINT('',(27.6671,6.4841,-2.5));
#6329 = CIRCLE('',#6330,1.);
#6330 = AXIS2_PLACEMENT_3D('',#6331,#6332,#6333);
#6331 = CARTESIAN_POINT('',(27.6671,5.4841,-2.5));
#6332 = DIRECTION('',(0.,0.,1.));
#6333 = DIRECTION('',(1.,0.,-0.));
#6334 = ORIENTED_EDGE('',*,*,#6335,.F.);
#6335 = EDGE_CURVE('',#6336,#6327,#6338,.T.);
#6336 = VERTEX_POINT('',#6337);
#6337 = CARTESIAN_POINT('',(39.6671,6.4841,-2.5));
#6338 = LINE('',#6339,#6340);
#6339 = CARTESIAN_POINT('',(13.83355,6.4841,-2.5));
#6340 = VECTOR('',#6341,1.);
#6341 = DIRECTION('',(-1.,-0.,0.));
#6342 = ORIENTED_EDGE('',*,*,#6343,.F.);
#6343 = EDGE_CURVE('',#6344,#6336,#6346,.T.);
#6344 = VERTEX_POINT('',#6345);
#6345 = CARTESIAN_POINT('',(40.6671,5.4841,-2.5));
#6346 = CIRCLE('',#6347,1.);
#6347 = AXIS2_PLACEMENT_3D('',#6348,#6349,#6350);
#6348 = CARTESIAN_POINT('',(39.6671,5.4841,-2.5));
#6349 = DIRECTION('',(0.,0.,1.));
#6350 = DIRECTION('',(1.,0.,-0.));
#6351 = ORIENTED_EDGE('',*,*,#6352,.F.);
#6352 = EDGE_CURVE('',#6353,#6344,#6355,.T.);
#6353 = VERTEX_POINT('',#6354);
#6354 = CARTESIAN_POINT('',(40.6671,-10.5159,-2.5));
#6355 = LINE('',#6356,#6357);
#6356 = CARTESIAN_POINT('',(40.6671,-5.25795,-2.5));
#6357 = VECTOR('',#6358,1.);
#6358 = DIRECTION('',(-0.,1.,0.));
#6359 = ORIENTED_EDGE('',*,*,#6360,.F.);
#6360 = EDGE_CURVE('',#6361,#6353,#6363,.T.);
#6361 = VERTEX_POINT('',#6362);
#6362 = CARTESIAN_POINT('',(39.6671,-11.5159,-2.5));
#6363 = CIRCLE('',#6364,1.);
#6364 = AXIS2_PLACEMENT_3D('',#6365,#6366,#6367);
#6365 = CARTESIAN_POINT('',(39.6671,-10.5159,-2.5));
#6366 = DIRECTION('',(0.,0.,1.));
#6367 = DIRECTION('',(1.,0.,-0.));
#6368 = ORIENTED_EDGE('',*,*,#6369,.T.);
#6369 = EDGE_CURVE('',#6361,#6310,#6370,.T.);
#6370 = LINE('',#6371,#6372);
#6371 = CARTESIAN_POINT('',(13.83355,-11.5159,-2.5));
#6372 = VECTOR('',#6373,1.);
#6373 = DIRECTION('',(-1.,-0.,0.));
#6374 = FACE_BOUND('',#6375,.T.);
#6375 = EDGE_LOOP('',(#6376,#6387,#6395,#6404,#6412,#6421,#6429,#6438));
#6376 = ORIENTED_EDGE('',*,*,#6377,.F.);
#6377 = EDGE_CURVE('',#6378,#6380,#6382,.T.);
#6378 = VERTEX_POINT('',#6379);
#6379 = CARTESIAN_POINT('',(-23.361,-11.3275,-2.5));
#6380 = VERTEX_POINT('',#6381);
#6381 = CARTESIAN_POINT('',(-20.361,-14.3275,-2.5));
#6382 = CIRCLE('',#6383,3.);
#6383 = AXIS2_PLACEMENT_3D('',#6384,#6385,#6386);
#6384 = CARTESIAN_POINT('',(-20.361,-11.3275,-2.5));
#6385 = DIRECTION('',(0.,0.,1.));
#6386 = DIRECTION('',(1.,0.,-0.));
#6387 = ORIENTED_EDGE('',*,*,#6388,.T.);
#6388 = EDGE_CURVE('',#6378,#6389,#6391,.T.);
#6389 = VERTEX_POINT('',#6390);
#6390 = CARTESIAN_POINT('',(-23.361,6.6725,-2.5));
#6391 = LINE('',#6392,#6393);
#6392 = CARTESIAN_POINT('',(-23.361,-5.66375,-2.5));
#6393 = VECTOR('',#6394,1.);
#6394 = DIRECTION('',(-0.,1.,0.));
#6395 = ORIENTED_EDGE('',*,*,#6396,.F.);
#6396 = EDGE_CURVE('',#6397,#6389,#6399,.T.);
#6397 = VERTEX_POINT('',#6398);
#6398 = CARTESIAN_POINT('',(-20.361,9.6725,-2.5));
#6399 = CIRCLE('',#6400,3.);
#6400 = AXIS2_PLACEMENT_3D('',#6401,#6402,#6403);
#6401 = CARTESIAN_POINT('',(-20.361,6.6725,-2.5));
#6402 = DIRECTION('',(0.,0.,1.));
#6403 = DIRECTION('',(1.,0.,-0.));
#6404 = ORIENTED_EDGE('',*,*,#6405,.F.);
#6405 = EDGE_CURVE('',#6406,#6397,#6408,.T.);
#6406 = VERTEX_POINT('',#6407);
#6407 = CARTESIAN_POINT('',(-2.361,9.6725,-2.5));
#6408 = LINE('',#6409,#6410);
#6409 = CARTESIAN_POINT('',(-10.1805,9.6725,-2.5));
#6410 = VECTOR('',#6411,1.);
#6411 = DIRECTION('',(-1.,-0.,0.));
#6412 = ORIENTED_EDGE('',*,*,#6413,.F.);
#6413 = EDGE_CURVE('',#6414,#6406,#6416,.T.);
#6414 = VERTEX_POINT('',#6415);
#6415 = CARTESIAN_POINT('',(0.639,6.6725,-2.5));
#6416 = CIRCLE('',#6417,3.);
#6417 = AXIS2_PLACEMENT_3D('',#6418,#6419,#6420);
#6418 = CARTESIAN_POINT('',(-2.361,6.6725,-2.5));
#6419 = DIRECTION('',(0.,0.,1.));
#6420 = DIRECTION('',(1.,0.,-0.));
#6421 = ORIENTED_EDGE('',*,*,#6422,.F.);
#6422 = EDGE_CURVE('',#6423,#6414,#6425,.T.);
#6423 = VERTEX_POINT('',#6424);
#6424 = CARTESIAN_POINT('',(0.639,-11.3275,-2.5));
#6425 = LINE('',#6426,#6427);
#6426 = CARTESIAN_POINT('',(0.639,-5.66375,-2.5));
#6427 = VECTOR('',#6428,1.);
#6428 = DIRECTION('',(-0.,1.,0.));
#6429 = ORIENTED_EDGE('',*,*,#6430,.F.);
#6430 = EDGE_CURVE('',#6431,#6423,#6433,.T.);
#6431 = VERTEX_POINT('',#6432);
#6432 = CARTESIAN_POINT('',(-2.361,-14.3275,-2.5));
#6433 = CIRCLE('',#6434,3.);
#6434 = AXIS2_PLACEMENT_3D('',#6435,#6436,#6437);
#6435 = CARTESIAN_POINT('',(-2.361,-11.3275,-2.5));
#6436 = DIRECTION('',(0.,0.,1.));
#6437 = DIRECTION('',(1.,0.,-0.));
#6438 = ORIENTED_EDGE('',*,*,#6439,.T.);
#6439 = EDGE_CURVE('',#6431,#6380,#6440,.T.);
#6440 = LINE('',#6441,#6442);
#6441 = CARTESIAN_POINT('',(-10.1805,-14.3275,-2.5));
#6442 = VECTOR('',#6443,1.);
#6443 = DIRECTION('',(-1.,-0.,0.));
#6444 = PLANE('',#6445);
#6445 = AXIS2_PLACEMENT_3D('',#6446,#6447,#6448);
#6446 = CARTESIAN_POINT('',(8.962047539136E-14,1.29884746944E-15,-2.5));
#6447 = DIRECTION('',(0.,0.,1.));
#6448 = DIRECTION('',(1.,0.,-0.));
#6449 = ADVANCED_FACE('',(#6450),#6461,.F.);
#6450 = FACE_BOUND('',#6451,.F.);
#6451 = EDGE_LOOP('',(#6452,#6453,#6454,#6455));
#6452 = ORIENTED_EDGE('',*,*,#6112,.F.);
#6453 = ORIENTED_EDGE('',*,*,#5725,.F.);
#6454 = ORIENTED_EDGE('',*,*,#6228,.T.);
#6455 = ORIENTED_EDGE('',*,*,#6456,.T.);
#6456 = EDGE_CURVE('',#6229,#6104,#6457,.T.);
#6457 = LINE('',#6458,#6459);
#6458 = CARTESIAN_POINT('',(51.5,32.401923788647,-2.5));
#6459 = VECTOR('',#6460,1.);
#6460 = DIRECTION('',(0.,0.,1.));
#6461 = PLANE('',#6462);
#6462 = AXIS2_PLACEMENT_3D('',#6463,#6464,#6465);
#6463 = CARTESIAN_POINT('',(51.5,-36.5,-2.5));
#6464 = DIRECTION('',(1.,0.,-0.));
#6465 = DIRECTION('',(0.,0.,1.));
#6466 = ADVANCED_FACE('',(#6467,#6470),#6481,.T.);
#6467 = FACE_BOUND('',#6468,.T.);
#6468 = EDGE_LOOP('',(#6469));
#6469 = ORIENTED_EDGE('',*,*,#5708,.T.);
#6470 = FACE_BOUND('',#6471,.T.);
#6471 = EDGE_LOOP('',(#6472));
#6472 = ORIENTED_EDGE('',*,*,#6473,.F.);
#6473 = EDGE_CURVE('',#6474,#6474,#6476,.T.);
#6474 = VERTEX_POINT('',#6475);
#6475 = CARTESIAN_POINT('',(51.7,-35.,10.5));
#6476 = CIRCLE('',#6477,1.7);
#6477 = AXIS2_PLACEMENT_3D('',#6478,#6479,#6480);
#6478 = CARTESIAN_POINT('',(50.,-35.,10.5));
#6479 = DIRECTION('',(0.,0.,1.));
#6480 = DIRECTION('',(1.,0.,-0.));
#6481 = PLANE('',#6482);
#6482 = AXIS2_PLACEMENT_3D('',#6483,#6484,#6485);
#6483 = CARTESIAN_POINT('',(50.,-35.,10.5));
#6484 = DIRECTION('',(0.,0.,1.));
#6485 = DIRECTION('',(1.,0.,-0.));
#6486 = ADVANCED_FACE('',(#6487),#6513,.T.);
#6487 = FACE_BOUND('',#6488,.T.);
#6488 = EDGE_LOOP('',(#6489,#6490,#6498,#6507));
#6489 = ORIENTED_EDGE('',*,*,#5775,.F.);
#6490 = ORIENTED_EDGE('',*,*,#6491,.F.);
#6491 = EDGE_CURVE('',#6492,#5776,#6494,.T.);
#6492 = VERTEX_POINT('',#6493);
#6493 = CARTESIAN_POINT('',(-64.,-35.,-5.5));
#6494 = LINE('',#6495,#6496);
#6495 = CARTESIAN_POINT('',(-64.,-35.,-5.5));
#6496 = VECTOR('',#6497,1.);
#6497 = DIRECTION('',(0.,0.,1.));
#6498 = ORIENTED_EDGE('',*,*,#6499,.T.);
#6499 = EDGE_CURVE('',#6492,#6500,#6502,.T.);
#6500 = VERTEX_POINT('',#6501);
#6501 = CARTESIAN_POINT('',(-60.,-39.,-5.5));
#6502 = CIRCLE('',#6503,4.);
#6503 = AXIS2_PLACEMENT_3D('',#6504,#6505,#6506);
#6504 = CARTESIAN_POINT('',(-60.,-35.,-5.5));
#6505 = DIRECTION('',(0.,0.,1.));
#6506 = DIRECTION('',(1.,0.,-0.));
#6507 = ORIENTED_EDGE('',*,*,#6508,.T.);
#6508 = EDGE_CURVE('',#6500,#5778,#6509,.T.);
#6509 = LINE('',#6510,#6511);
#6510 = CARTESIAN_POINT('',(-60.,-39.,-5.5));
#6511 = VECTOR('',#6512,1.);
#6512 = DIRECTION('',(0.,0.,1.));
#6513 = CYLINDRICAL_SURFACE('',#6514,4.);
#6514 = AXIS2_PLACEMENT_3D('',#6515,#6516,#6517);
#6515 = CARTESIAN_POINT('',(-60.,-35.,-5.5));
#6516 = DIRECTION('',(0.,0.,1.));
#6517 = DIRECTION('',(1.,0.,-0.));
#6518 = ADVANCED_FACE('',(#6519),#6537,.F.);
#6519 = FACE_BOUND('',#6520,.F.);
#6520 = EDGE_LOOP('',(#6521,#6522,#6530,#6536));
#6521 = ORIENTED_EDGE('',*,*,#6491,.F.);
#6522 = ORIENTED_EDGE('',*,*,#6523,.T.);
#6523 = EDGE_CURVE('',#6492,#6524,#6526,.T.);
#6524 = VERTEX_POINT('',#6525);
#6525 = CARTESIAN_POINT('',(-64.,35.,-5.5));
#6526 = LINE('',#6527,#6528);
#6527 = CARTESIAN_POINT('',(-64.,-35.,-5.5));
#6528 = VECTOR('',#6529,1.);
#6529 = DIRECTION('',(-0.,1.,0.));
#6530 = ORIENTED_EDGE('',*,*,#6531,.T.);
#6531 = EDGE_CURVE('',#6524,#5829,#6532,.T.);
#6532 = LINE('',#6533,#6534);
#6533 = CARTESIAN_POINT('',(-64.,35.,-5.5));
#6534 = VECTOR('',#6535,1.);
#6535 = DIRECTION('',(0.,0.,1.));
#6536 = ORIENTED_EDGE('',*,*,#5837,.F.);
#6537 = PLANE('',#6538);
#6538 = AXIS2_PLACEMENT_3D('',#6539,#6540,#6541);
#6539 = CARTESIAN_POINT('',(-64.,-35.,-5.5));
#6540 = DIRECTION('',(1.,0.,-0.));
#6541 = DIRECTION('',(0.,0.,1.));
#6542 = ADVANCED_FACE('',(#6543),#6561,.F.);
#6543 = FACE_BOUND('',#6544,.F.);
#6544 = EDGE_LOOP('',(#6545,#6553,#6554,#6555));
#6545 = ORIENTED_EDGE('',*,*,#6546,.F.);
#6546 = EDGE_CURVE('',#6500,#6547,#6549,.T.);
#6547 = VERTEX_POINT('',#6548);
#6548 = CARTESIAN_POINT('',(60.,-39.,-5.5));
#6549 = LINE('',#6550,#6551);
#6550 = CARTESIAN_POINT('',(-60.,-39.,-5.5));
#6551 = VECTOR('',#6552,1.);
#6552 = DIRECTION('',(1.,0.,-0.));
#6553 = ORIENTED_EDGE('',*,*,#6508,.T.);
#6554 = ORIENTED_EDGE('',*,*,#5786,.T.);
#6555 = ORIENTED_EDGE('',*,*,#6556,.F.);
#6556 = EDGE_CURVE('',#6547,#5787,#6557,.T.);
#6557 = LINE('',#6558,#6559);
#6558 = CARTESIAN_POINT('',(60.,-39.,-5.5));
#6559 = VECTOR('',#6560,1.);
#6560 = DIRECTION('',(0.,0.,1.));
#6561 = PLANE('',#6562);
#6562 = AXIS2_PLACEMENT_3D('',#6563,#6564,#6565);
#6563 = CARTESIAN_POINT('',(-60.,-39.,-5.5));
#6564 = DIRECTION('',(-0.,1.,0.));
#6565 = DIRECTION('',(0.,0.,1.));
#6566 = ADVANCED_FACE('',(#6567),#6586,.T.);
#6567 = FACE_BOUND('',#6568,.T.);
#6568 = EDGE_LOOP('',(#6569,#6570,#6578,#6585));
#6569 = ORIENTED_EDGE('',*,*,#5828,.F.);
#6570 = ORIENTED_EDGE('',*,*,#6571,.F.);
#6571 = EDGE_CURVE('',#6572,#5821,#6574,.T.);
#6572 = VERTEX_POINT('',#6573);
#6573 = CARTESIAN_POINT('',(-60.,39.,-5.5));
#6574 = LINE('',#6575,#6576);
#6575 = CARTESIAN_POINT('',(-60.,39.,-5.5));
#6576 = VECTOR('',#6577,1.);
#6577 = DIRECTION('',(0.,0.,1.));
#6578 = ORIENTED_EDGE('',*,*,#6579,.T.);
#6579 = EDGE_CURVE('',#6572,#6524,#6580,.T.);
#6580 = CIRCLE('',#6581,4.);
#6581 = AXIS2_PLACEMENT_3D('',#6582,#6583,#6584);
#6582 = CARTESIAN_POINT('',(-60.,35.,-5.5));
#6583 = DIRECTION('',(0.,0.,1.));
#6584 = DIRECTION('',(1.,0.,-0.));
#6585 = ORIENTED_EDGE('',*,*,#6531,.T.);
#6586 = CYLINDRICAL_SURFACE('',#6587,4.);
#6587 = AXIS2_PLACEMENT_3D('',#6588,#6589,#6590);
#6588 = CARTESIAN_POINT('',(-60.,35.,-5.5));
#6589 = DIRECTION('',(0.,0.,1.));
#6590 = DIRECTION('',(1.,0.,-0.));
#6591 = ADVANCED_FACE('',(#6592),#6611,.T.);
#6592 = FACE_BOUND('',#6593,.T.);
#6593 = EDGE_LOOP('',(#6594,#6595,#6596,#6605));
#6594 = ORIENTED_EDGE('',*,*,#5794,.F.);
#6595 = ORIENTED_EDGE('',*,*,#6556,.F.);
#6596 = ORIENTED_EDGE('',*,*,#6597,.T.);
#6597 = EDGE_CURVE('',#6547,#6598,#6600,.T.);
#6598 = VERTEX_POINT('',#6599);
#6599 = CARTESIAN_POINT('',(64.,-35.,-5.5));
#6600 = CIRCLE('',#6601,4.);
#6601 = AXIS2_PLACEMENT_3D('',#6602,#6603,#6604);
#6602 = CARTESIAN_POINT('',(60.,-35.,-5.5));
#6603 = DIRECTION('',(0.,0.,1.));
#6604 = DIRECTION('',(1.,0.,-0.));
#6605 = ORIENTED_EDGE('',*,*,#6606,.T.);
#6606 = EDGE_CURVE('',#6598,#5795,#6607,.T.);
#6607 = LINE('',#6608,#6609);
#6608 = CARTESIAN_POINT('',(64.,-35.,-5.5));
#6609 = VECTOR('',#6610,1.);
#6610 = DIRECTION('',(0.,0.,1.));
#6611 = CYLINDRICAL_SURFACE('',#6612,4.);
#6612 = AXIS2_PLACEMENT_3D('',#6613,#6614,#6615);
#6613 = CARTESIAN_POINT('',(60.,-35.,-5.5));
#6614 = DIRECTION('',(0.,0.,1.));
#6615 = DIRECTION('',(1.,0.,-0.));
#6616 = ADVANCED_FACE('',(#6617),#6635,.T.);
#6617 = FACE_BOUND('',#6618,.T.);
#6618 = EDGE_LOOP('',(#6619,#6627,#6628,#6629));
#6619 = ORIENTED_EDGE('',*,*,#6620,.F.);
#6620 = EDGE_CURVE('',#6572,#6621,#6623,.T.);
#6621 = VERTEX_POINT('',#6622);
#6622 = CARTESIAN_POINT('',(60.,39.,-5.5));
#6623 = LINE('',#6624,#6625);
#6624 = CARTESIAN_POINT('',(-60.,39.,-5.5));
#6625 = VECTOR('',#6626,1.);
#6626 = DIRECTION('',(1.,0.,-0.));
#6627 = ORIENTED_EDGE('',*,*,#6571,.T.);
#6628 = ORIENTED_EDGE('',*,*,#5820,.T.);
#6629 = ORIENTED_EDGE('',*,*,#6630,.F.);
#6630 = EDGE_CURVE('',#6621,#5812,#6631,.T.);
#6631 = LINE('',#6632,#6633);
#6632 = CARTESIAN_POINT('',(60.,39.,-5.5));
#6633 = VECTOR('',#6634,1.);
#6634 = DIRECTION('',(0.,0.,1.));
#6635 = PLANE('',#6636);
#6636 = AXIS2_PLACEMENT_3D('',#6637,#6638,#6639);
#6637 = CARTESIAN_POINT('',(-60.,39.,-5.5));
#6638 = DIRECTION('',(-0.,1.,0.));
#6639 = DIRECTION('',(0.,0.,1.));
#6640 = ADVANCED_FACE('',(#6641),#6659,.T.);
#6641 = FACE_BOUND('',#6642,.T.);
#6642 = EDGE_LOOP('',(#6643,#6644,#6652,#6658));
#6643 = ORIENTED_EDGE('',*,*,#6606,.F.);
#6644 = ORIENTED_EDGE('',*,*,#6645,.T.);
#6645 = EDGE_CURVE('',#6598,#6646,#6648,.T.);
#6646 = VERTEX_POINT('',#6647);
#6647 = CARTESIAN_POINT('',(64.,35.,-5.5));
#6648 = LINE('',#6649,#6650);
#6649 = CARTESIAN_POINT('',(64.,-35.,-5.5));
#6650 = VECTOR('',#6651,1.);
#6651 = DIRECTION('',(-0.,1.,0.));
#6652 = ORIENTED_EDGE('',*,*,#6653,.T.);
#6653 = EDGE_CURVE('',#6646,#5804,#6654,.T.);
#6654 = LINE('',#6655,#6656);
#6655 = CARTESIAN_POINT('',(64.,35.,-5.5));
#6656 = VECTOR('',#6657,1.);
#6657 = DIRECTION('',(0.,0.,1.));
#6658 = ORIENTED_EDGE('',*,*,#5803,.F.);
#6659 = PLANE('',#6660);
#6660 = AXIS2_PLACEMENT_3D('',#6661,#6662,#6663);
#6661 = CARTESIAN_POINT('',(64.,-35.,-5.5));
#6662 = DIRECTION('',(1.,0.,-0.));
#6663 = DIRECTION('',(0.,0.,1.));
#6664 = ADVANCED_FACE('',(#6665),#6677,.T.);
#6665 = FACE_BOUND('',#6666,.T.);
#6666 = EDGE_LOOP('',(#6667,#6668,#6669,#6676));
#6667 = ORIENTED_EDGE('',*,*,#5811,.F.);
#6668 = ORIENTED_EDGE('',*,*,#6653,.F.);
#6669 = ORIENTED_EDGE('',*,*,#6670,.T.);
#6670 = EDGE_CURVE('',#6646,#6621,#6671,.T.);
#6671 = CIRCLE('',#6672,4.);
#6672 = AXIS2_PLACEMENT_3D('',#6673,#6674,#6675);
#6673 = CARTESIAN_POINT('',(60.,35.,-5.5));
#6674 = DIRECTION('',(0.,0.,1.));
#6675 = DIRECTION('',(1.,0.,-0.));
#6676 = ORIENTED_EDGE('',*,*,#6630,.T.);
#6677 = CYLINDRICAL_SURFACE('',#6678,4.);
#6678 = AXIS2_PLACEMENT_3D('',#6679,#6680,#6681);
#6679 = CARTESIAN_POINT('',(60.,35.,-5.5));
#6680 = DIRECTION('',(0.,0.,1.));
#6681 = DIRECTION('',(1.,0.,-0.));
#6682 = ADVANCED_FACE('',(#6683),#6702,.F.);
#6683 = FACE_BOUND('',#6684,.F.);
#6684 = EDGE_LOOP('',(#6685,#6686,#6694,#6701));
#6685 = ORIENTED_EDGE('',*,*,#5845,.F.);
#6686 = ORIENTED_EDGE('',*,*,#6687,.F.);
#6687 = EDGE_CURVE('',#6688,#5846,#6690,.T.);
#6688 = VERTEX_POINT('',#6689);
#6689 = CARTESIAN_POINT('',(-57.3,-35.,-5.5));
#6690 = LINE('',#6691,#6692);
#6691 = CARTESIAN_POINT('',(-57.3,-35.,-5.6));
#6692 = VECTOR('',#6693,1.);
#6693 = DIRECTION('',(0.,0.,1.));
#6694 = ORIENTED_EDGE('',*,*,#6695,.T.);
#6695 = EDGE_CURVE('',#6688,#6688,#6696,.T.);
#6696 = CIRCLE('',#6697,1.7);
#6697 = AXIS2_PLACEMENT_3D('',#6698,#6699,#6700);
#6698 = CARTESIAN_POINT('',(-59.,-35.,-5.5));
#6699 = DIRECTION('',(0.,0.,1.));
#6700 = DIRECTION('',(1.,0.,-0.));
#6701 = ORIENTED_EDGE('',*,*,#6687,.T.);
#6702 = CYLINDRICAL_SURFACE('',#6703,1.7);
#6703 = AXIS2_PLACEMENT_3D('',#6704,#6705,#6706);
#6704 = CARTESIAN_POINT('',(-59.,-35.,-5.6));
#6705 = DIRECTION('',(0.,0.,1.));
#6706 = DIRECTION('',(1.,0.,-0.));
#6707 = ADVANCED_FACE('',(#6708),#6727,.F.);
#6708 = FACE_BOUND('',#6709,.F.);
#6709 = EDGE_LOOP('',(#6710,#6711,#6719,#6726));
#6710 = ORIENTED_EDGE('',*,*,#5856,.F.);
#6711 = ORIENTED_EDGE('',*,*,#6712,.F.);
#6712 = EDGE_CURVE('',#6713,#5857,#6715,.T.);
#6713 = VERTEX_POINT('',#6714);
#6714 = CARTESIAN_POINT('',(-57.3,-25.,-5.5));
#6715 = LINE('',#6716,#6717);
#6716 = CARTESIAN_POINT('',(-57.3,-25.,-5.6));
#6717 = VECTOR('',#6718,1.);
#6718 = DIRECTION('',(0.,0.,1.));
#6719 = ORIENTED_EDGE('',*,*,#6720,.T.);
#6720 = EDGE_CURVE('',#6713,#6713,#6721,.T.);
#6721 = CIRCLE('',#6722,1.7);
#6722 = AXIS2_PLACEMENT_3D('',#6723,#6724,#6725);
#6723 = CARTESIAN_POINT('',(-59.,-25.,-5.5));
#6724 = DIRECTION('',(0.,0.,1.));
#6725 = DIRECTION('',(1.,0.,-0.));
#6726 = ORIENTED_EDGE('',*,*,#6712,.T.);
#6727 = CYLINDRICAL_SURFACE('',#6728,1.7);
#6728 = AXIS2_PLACEMENT_3D('',#6729,#6730,#6731);
#6729 = CARTESIAN_POINT('',(-59.,-25.,-5.6));
#6730 = DIRECTION('',(0.,0.,1.));
#6731 = DIRECTION('',(1.,0.,-0.));
#6732 = ADVANCED_FACE('',(#6733),#6752,.F.);
#6733 = FACE_BOUND('',#6734,.F.);
#6734 = EDGE_LOOP('',(#6735,#6736,#6744,#6751));
#6735 = ORIENTED_EDGE('',*,*,#5867,.F.);
#6736 = ORIENTED_EDGE('',*,*,#6737,.F.);
#6737 = EDGE_CURVE('',#6738,#5868,#6740,.T.);
#6738 = VERTEX_POINT('',#6739);
#6739 = CARTESIAN_POINT('',(-57.3,-15.,-5.5));
#6740 = LINE('',#6741,#6742);
#6741 = CARTESIAN_POINT('',(-57.3,-15.,-5.6));
#6742 = VECTOR('',#6743,1.);
#6743 = DIRECTION('',(0.,0.,1.));
#6744 = ORIENTED_EDGE('',*,*,#6745,.T.);
#6745 = EDGE_CURVE('',#6738,#6738,#6746,.T.);
#6746 = CIRCLE('',#6747,1.7);
#6747 = AXIS2_PLACEMENT_3D('',#6748,#6749,#6750);
#6748 = CARTESIAN_POINT('',(-59.,-15.,-5.5));
#6749 = DIRECTION('',(0.,0.,1.));
#6750 = DIRECTION('',(1.,0.,-0.));
#6751 = ORIENTED_EDGE('',*,*,#6737,.T.);
#6752 = CYLINDRICAL_SURFACE('',#6753,1.7);
#6753 = AXIS2_PLACEMENT_3D('',#6754,#6755,#6756);
#6754 = CARTESIAN_POINT('',(-59.,-15.,-5.6));
#6755 = DIRECTION('',(0.,0.,1.));
#6756 = DIRECTION('',(1.,0.,-0.));
#6757 = ADVANCED_FACE('',(#6758),#6777,.F.);
#6758 = FACE_BOUND('',#6759,.F.);
#6759 = EDGE_LOOP('',(#6760,#6761,#6769,#6776));
#6760 = ORIENTED_EDGE('',*,*,#5878,.F.);
#6761 = ORIENTED_EDGE('',*,*,#6762,.F.);
#6762 = EDGE_CURVE('',#6763,#5879,#6765,.T.);
#6763 = VERTEX_POINT('',#6764);
#6764 = CARTESIAN_POINT('',(-57.3,-5.,-5.5));
#6765 = LINE('',#6766,#6767);
#6766 = CARTESIAN_POINT('',(-57.3,-5.,-5.6));
#6767 = VECTOR('',#6768,1.);
#6768 = DIRECTION('',(0.,0.,1.));
#6769 = ORIENTED_EDGE('',*,*,#6770,.T.);
#6770 = EDGE_CURVE('',#6763,#6763,#6771,.T.);
#6771 = CIRCLE('',#6772,1.7);
#6772 = AXIS2_PLACEMENT_3D('',#6773,#6774,#6775);
#6773 = CARTESIAN_POINT('',(-59.,-5.,-5.5));
#6774 = DIRECTION('',(0.,0.,1.));
#6775 = DIRECTION('',(1.,0.,-0.));
#6776 = ORIENTED_EDGE('',*,*,#6762,.T.);
#6777 = CYLINDRICAL_SURFACE('',#6778,1.7);
#6778 = AXIS2_PLACEMENT_3D('',#6779,#6780,#6781);
#6779 = CARTESIAN_POINT('',(-59.,-5.,-5.6));
#6780 = DIRECTION('',(0.,0.,1.));
#6781 = DIRECTION('',(1.,0.,-0.));
#6782 = ADVANCED_FACE('',(#6783),#6802,.F.);
#6783 = FACE_BOUND('',#6784,.F.);
#6784 = EDGE_LOOP('',(#6785,#6786,#6794,#6801));
#6785 = ORIENTED_EDGE('',*,*,#5889,.F.);
#6786 = ORIENTED_EDGE('',*,*,#6787,.F.);
#6787 = EDGE_CURVE('',#6788,#5890,#6790,.T.);
#6788 = VERTEX_POINT('',#6789);
#6789 = CARTESIAN_POINT('',(60.7,-35.,-5.5));
#6790 = LINE('',#6791,#6792);
#6791 = CARTESIAN_POINT('',(60.7,-35.,-5.6));
#6792 = VECTOR('',#6793,1.);
#6793 = DIRECTION('',(0.,0.,1.));
#6794 = ORIENTED_EDGE('',*,*,#6795,.T.);
#6795 = EDGE_CURVE('',#6788,#6788,#6796,.T.);
#6796 = CIRCLE('',#6797,1.7);
#6797 = AXIS2_PLACEMENT_3D('',#6798,#6799,#6800);
#6798 = CARTESIAN_POINT('',(59.,-35.,-5.5));
#6799 = DIRECTION('',(0.,0.,1.));
#6800 = DIRECTION('',(1.,0.,-0.));
#6801 = ORIENTED_EDGE('',*,*,#6787,.T.);
#6802 = CYLINDRICAL_SURFACE('',#6803,1.7);
#6803 = AXIS2_PLACEMENT_3D('',#6804,#6805,#6806);
#6804 = CARTESIAN_POINT('',(59.,-35.,-5.6));
#6805 = DIRECTION('',(0.,0.,1.));
#6806 = DIRECTION('',(1.,0.,-0.));
#6807 = ADVANCED_FACE('',(#6808),#6827,.F.);
#6808 = FACE_BOUND('',#6809,.F.);
#6809 = EDGE_LOOP('',(#6810,#6811,#6819,#6826));
#6810 = ORIENTED_EDGE('',*,*,#5900,.F.);
#6811 = ORIENTED_EDGE('',*,*,#6812,.F.);
#6812 = EDGE_CURVE('',#6813,#5901,#6815,.T.);
#6813 = VERTEX_POINT('',#6814);
#6814 = CARTESIAN_POINT('',(60.7,-25.,-5.5));
#6815 = LINE('',#6816,#6817);
#6816 = CARTESIAN_POINT('',(60.7,-25.,-5.6));
#6817 = VECTOR('',#6818,1.);
#6818 = DIRECTION('',(0.,0.,1.));
#6819 = ORIENTED_EDGE('',*,*,#6820,.T.);
#6820 = EDGE_CURVE('',#6813,#6813,#6821,.T.);
#6821 = CIRCLE('',#6822,1.7);
#6822 = AXIS2_PLACEMENT_3D('',#6823,#6824,#6825);
#6823 = CARTESIAN_POINT('',(59.,-25.,-5.5));
#6824 = DIRECTION('',(0.,0.,1.));
#6825 = DIRECTION('',(1.,0.,-0.));
#6826 = ORIENTED_EDGE('',*,*,#6812,.T.);
#6827 = CYLINDRICAL_SURFACE('',#6828,1.7);
#6828 = AXIS2_PLACEMENT_3D('',#6829,#6830,#6831);
#6829 = CARTESIAN_POINT('',(59.,-25.,-5.6));
#6830 = DIRECTION('',(0.,0.,1.));
#6831 = DIRECTION('',(1.,0.,-0.));
#6832 = ADVANCED_FACE('',(#6833),#6852,.F.);
#6833 = FACE_BOUND('',#6834,.F.);
#6834 = EDGE_LOOP('',(#6835,#6836,#6844,#6851));
#6835 = ORIENTED_EDGE('',*,*,#5911,.F.);
#6836 = ORIENTED_EDGE('',*,*,#6837,.F.);
#6837 = EDGE_CURVE('',#6838,#5912,#6840,.T.);
#6838 = VERTEX_POINT('',#6839);
#6839 = CARTESIAN_POINT('',(60.7,-15.,-5.5));
#6840 = LINE('',#6841,#6842);
#6841 = CARTESIAN_POINT('',(60.7,-15.,-5.6));
#6842 = VECTOR('',#6843,1.);
#6843 = DIRECTION('',(0.,0.,1.));
#6844 = ORIENTED_EDGE('',*,*,#6845,.T.);
#6845 = EDGE_CURVE('',#6838,#6838,#6846,.T.);
#6846 = CIRCLE('',#6847,1.7);
#6847 = AXIS2_PLACEMENT_3D('',#6848,#6849,#6850);
#6848 = CARTESIAN_POINT('',(59.,-15.,-5.5));
#6849 = DIRECTION('',(0.,0.,1.));
#6850 = DIRECTION('',(1.,0.,-0.));
#6851 = ORIENTED_EDGE('',*,*,#6837,.T.);
#6852 = CYLINDRICAL_SURFACE('',#6853,1.7);
#6853 = AXIS2_PLACEMENT_3D('',#6854,#6855,#6856);
#6854 = CARTESIAN_POINT('',(59.,-15.,-5.6));
#6855 = DIRECTION('',(0.,0.,1.));
#6856 = DIRECTION('',(1.,0.,-0.));
#6857 = ADVANCED_FACE('',(#6858),#6877,.F.);
#6858 = FACE_BOUND('',#6859,.F.);
#6859 = EDGE_LOOP('',(#6860,#6861,#6869,#6876));
#6860 = ORIENTED_EDGE('',*,*,#5922,.F.);
#6861 = ORIENTED_EDGE('',*,*,#6862,.F.);
#6862 = EDGE_CURVE('',#6863,#5923,#6865,.T.);
#6863 = VERTEX_POINT('',#6864);
#6864 = CARTESIAN_POINT('',(60.7,-5.,-5.5));
#6865 = LINE('',#6866,#6867);
#6866 = CARTESIAN_POINT('',(60.7,-5.,-5.6));
#6867 = VECTOR('',#6868,1.);
#6868 = DIRECTION('',(0.,0.,1.));
#6869 = ORIENTED_EDGE('',*,*,#6870,.T.);
#6870 = EDGE_CURVE('',#6863,#6863,#6871,.T.);
#6871 = CIRCLE('',#6872,1.7);
#6872 = AXIS2_PLACEMENT_3D('',#6873,#6874,#6875);
#6873 = CARTESIAN_POINT('',(59.,-5.,-5.5));
#6874 = DIRECTION('',(0.,0.,1.));
#6875 = DIRECTION('',(1.,0.,-0.));
#6876 = ORIENTED_EDGE('',*,*,#6862,.T.);
#6877 = CYLINDRICAL_SURFACE('',#6878,1.7);
#6878 = AXIS2_PLACEMENT_3D('',#6879,#6880,#6881);
#6879 = CARTESIAN_POINT('',(59.,-5.,-5.6));
#6880 = DIRECTION('',(0.,0.,1.));
#6881 = DIRECTION('',(1.,0.,-0.));
#6882 = ADVANCED_FACE('',(#6883),#6902,.F.);
#6883 = FACE_BOUND('',#6884,.F.);
#6884 = EDGE_LOOP('',(#6885,#6886,#6894,#6901));
#6885 = ORIENTED_EDGE('',*,*,#5933,.F.);
#6886 = ORIENTED_EDGE('',*,*,#6887,.F.);
#6887 = EDGE_CURVE('',#6888,#5934,#6890,.T.);
#6888 = VERTEX_POINT('',#6889);
#6889 = CARTESIAN_POINT('',(-57.3,5.,-5.5));
#6890 = LINE('',#6891,#6892);
#6891 = CARTESIAN_POINT('',(-57.3,5.,-5.6));
#6892 = VECTOR('',#6893,1.);
#6893 = DIRECTION('',(0.,0.,1.));
#6894 = ORIENTED_EDGE('',*,*,#6895,.T.);
#6895 = EDGE_CURVE('',#6888,#6888,#6896,.T.);
#6896 = CIRCLE('',#6897,1.7);
#6897 = AXIS2_PLACEMENT_3D('',#6898,#6899,#6900);
#6898 = CARTESIAN_POINT('',(-59.,5.,-5.5));
#6899 = DIRECTION('',(0.,0.,1.));
#6900 = DIRECTION('',(1.,0.,-0.));
#6901 = ORIENTED_EDGE('',*,*,#6887,.T.);
#6902 = CYLINDRICAL_SURFACE('',#6903,1.7);
#6903 = AXIS2_PLACEMENT_3D('',#6904,#6905,#6906);
#6904 = CARTESIAN_POINT('',(-59.,5.,-5.6));
#6905 = DIRECTION('',(0.,0.,1.));
#6906 = DIRECTION('',(1.,0.,-0.));
#6907 = ADVANCED_FACE('',(#6908),#6927,.F.);
#6908 = FACE_BOUND('',#6909,.F.);
#6909 = EDGE_LOOP('',(#6910,#6911,#6919,#6926));
#6910 = ORIENTED_EDGE('',*,*,#5944,.F.);
#6911 = ORIENTED_EDGE('',*,*,#6912,.F.);
#6912 = EDGE_CURVE('',#6913,#5945,#6915,.T.);
#6913 = VERTEX_POINT('',#6914);
#6914 = CARTESIAN_POINT('',(-57.3,15.,-5.5));
#6915 = LINE('',#6916,#6917);
#6916 = CARTESIAN_POINT('',(-57.3,15.,-5.6));
#6917 = VECTOR('',#6918,1.);
#6918 = DIRECTION('',(0.,0.,1.));
#6919 = ORIENTED_EDGE('',*,*,#6920,.T.);
#6920 = EDGE_CURVE('',#6913,#6913,#6921,.T.);
#6921 = CIRCLE('',#6922,1.7);
#6922 = AXIS2_PLACEMENT_3D('',#6923,#6924,#6925);
#6923 = CARTESIAN_POINT('',(-59.,15.,-5.5));
#6924 = DIRECTION('',(0.,0.,1.));
#6925 = DIRECTION('',(1.,0.,-0.));
#6926 = ORIENTED_EDGE('',*,*,#6912,.T.);
#6927 = CYLINDRICAL_SURFACE('',#6928,1.7);
#6928 = AXIS2_PLACEMENT_3D('',#6929,#6930,#6931);
#6929 = CARTESIAN_POINT('',(-59.,15.,-5.6));
#6930 = DIRECTION('',(0.,0.,1.));
#6931 = DIRECTION('',(1.,0.,-0.));
#6932 = ADVANCED_FACE('',(#6933),#6952,.F.);
#6933 = FACE_BOUND('',#6934,.F.);
#6934 = EDGE_LOOP('',(#6935,#6936,#6944,#6951));
#6935 = ORIENTED_EDGE('',*,*,#5955,.F.);
#6936 = ORIENTED_EDGE('',*,*,#6937,.F.);
#6937 = EDGE_CURVE('',#6938,#5956,#6940,.T.);
#6938 = VERTEX_POINT('',#6939);
#6939 = CARTESIAN_POINT('',(-57.3,25.,-5.5));
#6940 = LINE('',#6941,#6942);
#6941 = CARTESIAN_POINT('',(-57.3,25.,-5.6));
#6942 = VECTOR('',#6943,1.);
#6943 = DIRECTION('',(0.,0.,1.));
#6944 = ORIENTED_EDGE('',*,*,#6945,.T.);
#6945 = EDGE_CURVE('',#6938,#6938,#6946,.T.);
#6946 = CIRCLE('',#6947,1.7);
#6947 = AXIS2_PLACEMENT_3D('',#6948,#6949,#6950);
#6948 = CARTESIAN_POINT('',(-59.,25.,-5.5));
#6949 = DIRECTION('',(0.,0.,1.));
#6950 = DIRECTION('',(1.,0.,-0.));
#6951 = ORIENTED_EDGE('',*,*,#6937,.T.);
#6952 = CYLINDRICAL_SURFACE('',#6953,1.7);
#6953 = AXIS2_PLACEMENT_3D('',#6954,#6955,#6956);
#6954 = CARTESIAN_POINT('',(-59.,25.,-5.6));
#6955 = DIRECTION('',(0.,0.,1.));
#6956 = DIRECTION('',(1.,0.,-0.));
#6957 = ADVANCED_FACE('',(#6958),#6977,.F.);
#6958 = FACE_BOUND('',#6959,.F.);
#6959 = EDGE_LOOP('',(#6960,#6961,#6969,#6976));
#6960 = ORIENTED_EDGE('',*,*,#5966,.F.);
#6961 = ORIENTED_EDGE('',*,*,#6962,.F.);
#6962 = EDGE_CURVE('',#6963,#5967,#6965,.T.);
#6963 = VERTEX_POINT('',#6964);
#6964 = CARTESIAN_POINT('',(-57.3,35.,-5.5));
#6965 = LINE('',#6966,#6967);
#6966 = CARTESIAN_POINT('',(-57.3,35.,-5.6));
#6967 = VECTOR('',#6968,1.);
#6968 = DIRECTION('',(0.,0.,1.));
#6969 = ORIENTED_EDGE('',*,*,#6970,.T.);
#6970 = EDGE_CURVE('',#6963,#6963,#6971,.T.);
#6971 = CIRCLE('',#6972,1.7);
#6972 = AXIS2_PLACEMENT_3D('',#6973,#6974,#6975);
#6973 = CARTESIAN_POINT('',(-59.,35.,-5.5));
#6974 = DIRECTION('',(0.,0.,1.));
#6975 = DIRECTION('',(1.,0.,-0.));
#6976 = ORIENTED_EDGE('',*,*,#6962,.T.);
#6977 = CYLINDRICAL_SURFACE('',#6978,1.7);
#6978 = AXIS2_PLACEMENT_3D('',#6979,#6980,#6981);
#6979 = CARTESIAN_POINT('',(-59.,35.,-5.6));
#6980 = DIRECTION('',(0.,0.,1.));
#6981 = DIRECTION('',(1.,0.,-0.));
#6982 = ADVANCED_FACE('',(#6983),#7002,.F.);
#6983 = FACE_BOUND('',#6984,.F.);
#6984 = EDGE_LOOP('',(#6985,#6986,#6994,#7001));
#6985 = ORIENTED_EDGE('',*,*,#5995,.F.);
#6986 = ORIENTED_EDGE('',*,*,#6987,.F.);
#6987 = EDGE_CURVE('',#6988,#5996,#6990,.T.);
#6988 = VERTEX_POINT('',#6989);
#6989 = CARTESIAN_POINT('',(60.7,5.,-5.5));
#6990 = LINE('',#6991,#6992);
#6991 = CARTESIAN_POINT('',(60.7,5.,-5.6));
#6992 = VECTOR('',#6993,1.);
#6993 = DIRECTION('',(0.,0.,1.));
#6994 = ORIENTED_EDGE('',*,*,#6995,.T.);
#6995 = EDGE_CURVE('',#6988,#6988,#6996,.T.);
#6996 = CIRCLE('',#6997,1.7);
#6997 = AXIS2_PLACEMENT_3D('',#6998,#6999,#7000);
#6998 = CARTESIAN_POINT('',(59.,5.,-5.5));
#6999 = DIRECTION('',(0.,0.,1.));
#7000 = DIRECTION('',(1.,0.,-0.));
#7001 = ORIENTED_EDGE('',*,*,#6987,.T.);
#7002 = CYLINDRICAL_SURFACE('',#7003,1.7);
#7003 = AXIS2_PLACEMENT_3D('',#7004,#7005,#7006);
#7004 = CARTESIAN_POINT('',(59.,5.,-5.6));
#7005 = DIRECTION('',(0.,0.,1.));
#7006 = DIRECTION('',(1.,0.,-0.));
#7007 = ADVANCED_FACE('',(#7008),#7027,.F.);
#7008 = FACE_BOUND('',#7009,.F.);
#7009 = EDGE_LOOP('',(#7010,#7011,#7019,#7026));
#7010 = ORIENTED_EDGE('',*,*,#6006,.F.);
#7011 = ORIENTED_EDGE('',*,*,#7012,.F.);
#7012 = EDGE_CURVE('',#7013,#6007,#7015,.T.);
#7013 = VERTEX_POINT('',#7014);
#7014 = CARTESIAN_POINT('',(60.7,15.,-5.5));
#7015 = LINE('',#7016,#7017);
#7016 = CARTESIAN_POINT('',(60.7,15.,-5.6));
#7017 = VECTOR('',#7018,1.);
#7018 = DIRECTION('',(0.,0.,1.));
#7019 = ORIENTED_EDGE('',*,*,#7020,.T.);
#7020 = EDGE_CURVE('',#7013,#7013,#7021,.T.);
#7021 = CIRCLE('',#7022,1.7);
#7022 = AXIS2_PLACEMENT_3D('',#7023,#7024,#7025);
#7023 = CARTESIAN_POINT('',(59.,15.,-5.5));
#7024 = DIRECTION('',(0.,0.,1.));
#7025 = DIRECTION('',(1.,0.,-0.));
#7026 = ORIENTED_EDGE('',*,*,#7012,.T.);
#7027 = CYLINDRICAL_SURFACE('',#7028,1.7);
#7028 = AXIS2_PLACEMENT_3D('',#7029,#7030,#7031);
#7029 = CARTESIAN_POINT('',(59.,15.,-5.6));
#7030 = DIRECTION('',(0.,0.,1.));
#7031 = DIRECTION('',(1.,0.,-0.));
#7032 = ADVANCED_FACE('',(#7033),#7052,.F.);
#7033 = FACE_BOUND('',#7034,.F.);
#7034 = EDGE_LOOP('',(#7035,#7036,#7044,#7051));
#7035 = ORIENTED_EDGE('',*,*,#6017,.F.);
#7036 = ORIENTED_EDGE('',*,*,#7037,.F.);
#7037 = EDGE_CURVE('',#7038,#6018,#7040,.T.);
#7038 = VERTEX_POINT('',#7039);
#7039 = CARTESIAN_POINT('',(60.7,25.,-5.5));
#7040 = LINE('',#7041,#7042);
#7041 = CARTESIAN_POINT('',(60.7,25.,-5.6));
#7042 = VECTOR('',#7043,1.);
#7043 = DIRECTION('',(0.,0.,1.));
#7044 = ORIENTED_EDGE('',*,*,#7045,.T.);
#7045 = EDGE_CURVE('',#7038,#7038,#7046,.T.);
#7046 = CIRCLE('',#7047,1.7);
#7047 = AXIS2_PLACEMENT_3D('',#7048,#7049,#7050);
#7048 = CARTESIAN_POINT('',(59.,25.,-5.5));
#7049 = DIRECTION('',(0.,0.,1.));
#7050 = DIRECTION('',(1.,0.,-0.));
#7051 = ORIENTED_EDGE('',*,*,#7037,.T.);
#7052 = CYLINDRICAL_SURFACE('',#7053,1.7);
#7053 = AXIS2_PLACEMENT_3D('',#7054,#7055,#7056);
#7054 = CARTESIAN_POINT('',(59.,25.,-5.6));
#7055 = DIRECTION('',(0.,0.,1.));
#7056 = DIRECTION('',(1.,0.,-0.));
#7057 = ADVANCED_FACE('',(#7058),#7077,.F.);
#7058 = FACE_BOUND('',#7059,.F.);
#7059 = EDGE_LOOP('',(#7060,#7061,#7069,#7076));
#7060 = ORIENTED_EDGE('',*,*,#6028,.F.);
#7061 = ORIENTED_EDGE('',*,*,#7062,.F.);
#7062 = EDGE_CURVE('',#7063,#6029,#7065,.T.);
#7063 = VERTEX_POINT('',#7064);
#7064 = CARTESIAN_POINT('',(60.7,35.,-5.5));
#7065 = LINE('',#7066,#7067);
#7066 = CARTESIAN_POINT('',(60.7,35.,-5.6));
#7067 = VECTOR('',#7068,1.);
#7068 = DIRECTION('',(0.,0.,1.));
#7069 = ORIENTED_EDGE('',*,*,#7070,.T.);
#7070 = EDGE_CURVE('',#7063,#7063,#7071,.T.);
#7071 = CIRCLE('',#7072,1.7);
#7072 = AXIS2_PLACEMENT_3D('',#7073,#7074,#7075);
#7073 = CARTESIAN_POINT('',(59.,35.,-5.5));
#7074 = DIRECTION('',(0.,0.,1.));
#7075 = DIRECTION('',(1.,0.,-0.));
#7076 = ORIENTED_EDGE('',*,*,#7062,.T.);
#7077 = CYLINDRICAL_SURFACE('',#7078,1.7);
#7078 = AXIS2_PLACEMENT_3D('',#7079,#7080,#7081);
#7079 = CARTESIAN_POINT('',(59.,35.,-5.6));
#7080 = DIRECTION('',(0.,0.,1.));
#7081 = DIRECTION('',(1.,0.,-0.));
#7082 = ADVANCED_FACE('',(#7083),#7094,.T.);
#7083 = FACE_BOUND('',#7084,.T.);
#7084 = EDGE_LOOP('',(#7085,#7086,#7093));
#7085 = ORIENTED_EDGE('',*,*,#6186,.F.);
#7086 = ORIENTED_EDGE('',*,*,#7087,.F.);
#7087 = EDGE_CURVE('',#6055,#6179,#7088,.T.);
#7088 = CIRCLE('',#7089,3.);
#7089 = AXIS2_PLACEMENT_3D('',#7090,#7091,#7092);
#7090 = CARTESIAN_POINT('',(-50.,35.,3.));
#7091 = DIRECTION('',(0.,0.,1.));
#7092 = DIRECTION('',(1.,0.,-0.));
#7093 = ORIENTED_EDGE('',*,*,#6054,.F.);
#7094 = PLANE('',#7095);
#7095 = AXIS2_PLACEMENT_3D('',#7096,#7097,#7098);
#7096 = CARTESIAN_POINT('',(-53.,-38.,3.));
#7097 = DIRECTION('',(0.,0.,1.));
#7098 = DIRECTION('',(1.,0.,-0.));
#7099 = ADVANCED_FACE('',(#7100),#7127,.T.);
#7100 = FACE_BOUND('',#7101,.T.);
#7101 = EDGE_LOOP('',(#7102,#7103,#7112,#7120));
#7102 = ORIENTED_EDGE('',*,*,#6062,.F.);
#7103 = ORIENTED_EDGE('',*,*,#7104,.F.);
#7104 = EDGE_CURVE('',#7105,#6055,#7107,.T.);
#7105 = VERTEX_POINT('',#7106);
#7106 = CARTESIAN_POINT('',(-47.40192378864,36.5,3.));
#7107 = CIRCLE('',#7108,3.);
#7108 = AXIS2_PLACEMENT_3D('',#7109,#7110,#7111);
#7109 = CARTESIAN_POINT('',(-50.,35.,3.));
#7110 = DIRECTION('',(0.,0.,1.));
#7111 = DIRECTION('',(1.,0.,-0.));
#7112 = ORIENTED_EDGE('',*,*,#7113,.T.);
#7113 = EDGE_CURVE('',#7105,#7114,#7116,.T.);
#7114 = VERTEX_POINT('',#7115);
#7115 = CARTESIAN_POINT('',(47.401923788647,36.5,3.));
#7116 = LINE('',#7117,#7118);
#7117 = CARTESIAN_POINT('',(-51.5,36.5,3.));
#7118 = VECTOR('',#7119,1.);
#7119 = DIRECTION('',(1.,0.,-0.));
#7120 = ORIENTED_EDGE('',*,*,#7121,.F.);
#7121 = EDGE_CURVE('',#6063,#7114,#7122,.T.);
#7122 = CIRCLE('',#7123,3.);
#7123 = AXIS2_PLACEMENT_3D('',#7124,#7125,#7126);
#7124 = CARTESIAN_POINT('',(50.,35.,3.));
#7125 = DIRECTION('',(0.,0.,1.));
#7126 = DIRECTION('',(1.,0.,-0.));
#7127 = PLANE('',#7128);
#7128 = AXIS2_PLACEMENT_3D('',#7129,#7130,#7131);
#7129 = CARTESIAN_POINT('',(-53.,-38.,3.));
#7130 = DIRECTION('',(0.,0.,1.));
#7131 = DIRECTION('',(1.,0.,-0.));
#7132 = ADVANCED_FACE('',(#7133),#7163,.T.);
#7133 = FACE_BOUND('',#7134,.T.);
#7134 = EDGE_LOOP('',(#7135,#7143,#7150,#7151,#7152,#7153,#7159,#7160,
    #7161,#7162));
#7135 = ORIENTED_EDGE('',*,*,#7136,.T.);
#7136 = EDGE_CURVE('',#5638,#7137,#7139,.T.);
#7137 = VERTEX_POINT('',#7138);
#7138 = CARTESIAN_POINT('',(53.,35.,10.5));
#7139 = LINE('',#7140,#7141);
#7140 = CARTESIAN_POINT('',(53.,35.,-2.5));
#7141 = VECTOR('',#7142,1.);
#7142 = DIRECTION('',(0.,0.,1.));
#7143 = ORIENTED_EDGE('',*,*,#7144,.F.);
#7144 = EDGE_CURVE('',#7137,#7137,#7145,.T.);
#7145 = CIRCLE('',#7146,3.);
#7146 = AXIS2_PLACEMENT_3D('',#7147,#7148,#7149);
#7147 = CARTESIAN_POINT('',(50.,35.,10.5));
#7148 = DIRECTION('',(0.,0.,1.));
#7149 = DIRECTION('',(1.,0.,-0.));
#7150 = ORIENTED_EDGE('',*,*,#7136,.F.);
#7151 = ORIENTED_EDGE('',*,*,#6086,.T.);
#7152 = ORIENTED_EDGE('',*,*,#7121,.T.);
#7153 = ORIENTED_EDGE('',*,*,#7154,.F.);
#7154 = EDGE_CURVE('',#6246,#7114,#7155,.T.);
#7155 = LINE('',#7156,#7157);
#7156 = CARTESIAN_POINT('',(47.401923788647,36.5,-2.5));
#7157 = VECTOR('',#7158,1.);
#7158 = DIRECTION('',(0.,0.,1.));
#7159 = ORIENTED_EDGE('',*,*,#6245,.T.);
#7160 = ORIENTED_EDGE('',*,*,#6236,.T.);
#7161 = ORIENTED_EDGE('',*,*,#6456,.T.);
#7162 = ORIENTED_EDGE('',*,*,#6103,.T.);
#7163 = CYLINDRICAL_SURFACE('',#7164,3.);
#7164 = AXIS2_PLACEMENT_3D('',#7165,#7166,#7167);
#7165 = CARTESIAN_POINT('',(50.,35.,-2.5));
#7166 = DIRECTION('',(0.,0.,1.));
#7167 = DIRECTION('',(1.,0.,-0.));
#7168 = ADVANCED_FACE('',(#7169),#7207,.T.);
#7169 = FACE_BOUND('',#7170,.T.);
#7170 = EDGE_LOOP('',(#7171,#7179,#7186,#7187,#7188,#7196,#7203,#7204,
    #7205,#7206));
#7171 = ORIENTED_EDGE('',*,*,#7172,.T.);
#7172 = EDGE_CURVE('',#6289,#7173,#7175,.T.);
#7173 = VERTEX_POINT('',#7174);
#7174 = CARTESIAN_POINT('',(-47.,-35.,10.5));
#7175 = LINE('',#7176,#7177);
#7176 = CARTESIAN_POINT('',(-47.,-35.,-2.5));
#7177 = VECTOR('',#7178,1.);
#7178 = DIRECTION('',(0.,0.,1.));
#7179 = ORIENTED_EDGE('',*,*,#7180,.F.);
#7180 = EDGE_CURVE('',#7173,#7173,#7181,.T.);
#7181 = CIRCLE('',#7182,3.);
#7182 = AXIS2_PLACEMENT_3D('',#7183,#7184,#7185);
#7183 = CARTESIAN_POINT('',(-50.,-35.,10.5));
#7184 = DIRECTION('',(0.,0.,1.));
#7185 = DIRECTION('',(1.,0.,-0.));
#7186 = ORIENTED_EDGE('',*,*,#7172,.F.);
#7187 = ORIENTED_EDGE('',*,*,#6288,.T.);
#7188 = ORIENTED_EDGE('',*,*,#7189,.T.);
#7189 = EDGE_CURVE('',#6281,#7190,#7192,.T.);
#7190 = VERTEX_POINT('',#7191);
#7191 = CARTESIAN_POINT('',(-51.5,-32.40192378864,3.));
#7192 = LINE('',#7193,#7194);
#7193 = CARTESIAN_POINT('',(-51.5,-32.40192378864,-2.5));
#7194 = VECTOR('',#7195,1.);
#7195 = DIRECTION('',(0.,0.,1.));
#7196 = ORIENTED_EDGE('',*,*,#7197,.T.);
#7197 = EDGE_CURVE('',#7190,#6153,#7198,.T.);
#7198 = CIRCLE('',#7199,3.);
#7199 = AXIS2_PLACEMENT_3D('',#7200,#7201,#7202);
#7200 = CARTESIAN_POINT('',(-50.,-35.,3.));
#7201 = DIRECTION('',(0.,0.,1.));
#7202 = DIRECTION('',(1.,0.,-0.));
#7203 = ORIENTED_EDGE('',*,*,#6161,.T.);
#7204 = ORIENTED_EDGE('',*,*,#6137,.T.);
#7205 = ORIENTED_EDGE('',*,*,#6210,.F.);
#7206 = ORIENTED_EDGE('',*,*,#6297,.T.);
#7207 = CYLINDRICAL_SURFACE('',#7208,3.);
#7208 = AXIS2_PLACEMENT_3D('',#7209,#7210,#7211);
#7209 = CARTESIAN_POINT('',(-50.,-35.,-2.5));
#7210 = DIRECTION('',(0.,0.,1.));
#7211 = DIRECTION('',(1.,0.,-0.));
#7212 = ADVANCED_FACE('',(#7213),#7232,.T.);
#7213 = FACE_BOUND('',#7214,.T.);
#7214 = EDGE_LOOP('',(#7215,#7216,#7217,#7225));
#7215 = ORIENTED_EDGE('',*,*,#6178,.F.);
#7216 = ORIENTED_EDGE('',*,*,#7197,.F.);
#7217 = ORIENTED_EDGE('',*,*,#7218,.T.);
#7218 = EDGE_CURVE('',#7190,#7219,#7221,.T.);
#7219 = VERTEX_POINT('',#7220);
#7220 = CARTESIAN_POINT('',(-51.5,32.401923788647,3.));
#7221 = LINE('',#7222,#7223);
#7222 = CARTESIAN_POINT('',(-51.5,-36.5,3.));
#7223 = VECTOR('',#7224,1.);
#7224 = DIRECTION('',(-0.,1.,0.));
#7225 = ORIENTED_EDGE('',*,*,#7226,.F.);
#7226 = EDGE_CURVE('',#6179,#7219,#7227,.T.);
#7227 = CIRCLE('',#7228,3.);
#7228 = AXIS2_PLACEMENT_3D('',#7229,#7230,#7231);
#7229 = CARTESIAN_POINT('',(-50.,35.,3.));
#7230 = DIRECTION('',(0.,0.,1.));
#7231 = DIRECTION('',(1.,0.,-0.));
#7232 = PLANE('',#7233);
#7233 = AXIS2_PLACEMENT_3D('',#7234,#7235,#7236);
#7234 = CARTESIAN_POINT('',(-53.,-38.,3.));
#7235 = DIRECTION('',(0.,0.,1.));
#7236 = DIRECTION('',(1.,0.,-0.));
#7237 = ADVANCED_FACE('',(#7238),#7249,.T.);
#7238 = FACE_BOUND('',#7239,.T.);
#7239 = EDGE_LOOP('',(#7240,#7241,#7242,#7243));
#7240 = ORIENTED_EDGE('',*,*,#7218,.F.);
#7241 = ORIENTED_EDGE('',*,*,#7189,.F.);
#7242 = ORIENTED_EDGE('',*,*,#6280,.T.);
#7243 = ORIENTED_EDGE('',*,*,#7244,.T.);
#7244 = EDGE_CURVE('',#6272,#7219,#7245,.T.);
#7245 = LINE('',#7246,#7247);
#7246 = CARTESIAN_POINT('',(-51.5,32.401923788647,-2.5));
#7247 = VECTOR('',#7248,1.);
#7248 = DIRECTION('',(0.,0.,1.));
#7249 = PLANE('',#7250);
#7250 = AXIS2_PLACEMENT_3D('',#7251,#7252,#7253);
#7251 = CARTESIAN_POINT('',(-51.5,-36.5,-2.5));
#7252 = DIRECTION('',(1.,0.,-0.));
#7253 = DIRECTION('',(0.,0.,1.));
#7254 = ADVANCED_FACE('',(#7255),#7266,.F.);
#7255 = FACE_BOUND('',#7256,.F.);
#7256 = EDGE_LOOP('',(#7257,#7258,#7264,#7265));
#7257 = ORIENTED_EDGE('',*,*,#6254,.F.);
#7258 = ORIENTED_EDGE('',*,*,#7259,.T.);
#7259 = EDGE_CURVE('',#6255,#7105,#7260,.T.);
#7260 = LINE('',#7261,#7262);
#7261 = CARTESIAN_POINT('',(-47.40192378864,36.5,-2.5));
#7262 = VECTOR('',#7263,1.);
#7263 = DIRECTION('',(0.,0.,1.));
#7264 = ORIENTED_EDGE('',*,*,#7113,.T.);
#7265 = ORIENTED_EDGE('',*,*,#7154,.F.);
#7266 = PLANE('',#7267);
#7267 = AXIS2_PLACEMENT_3D('',#7268,#7269,#7270);
#7268 = CARTESIAN_POINT('',(-51.5,36.5,-2.5));
#7269 = DIRECTION('',(-0.,1.,0.));
#7270 = DIRECTION('',(0.,0.,1.));
#7271 = ADVANCED_FACE('',(#7272),#7297,.T.);
#7272 = FACE_BOUND('',#7273,.T.);
#7273 = EDGE_LOOP('',(#7274,#7282,#7289,#7290,#7291,#7292,#7293,#7294,
    #7295,#7296));
#7274 = ORIENTED_EDGE('',*,*,#7275,.T.);
#7275 = EDGE_CURVE('',#6263,#7276,#7278,.T.);
#7276 = VERTEX_POINT('',#7277);
#7277 = CARTESIAN_POINT('',(-47.,35.,10.5));
#7278 = LINE('',#7279,#7280);
#7279 = CARTESIAN_POINT('',(-47.,35.,-2.5));
#7280 = VECTOR('',#7281,1.);
#7281 = DIRECTION('',(0.,0.,1.));
#7282 = ORIENTED_EDGE('',*,*,#7283,.F.);
#7283 = EDGE_CURVE('',#7276,#7276,#7284,.T.);
#7284 = CIRCLE('',#7285,3.);
#7285 = AXIS2_PLACEMENT_3D('',#7286,#7287,#7288);
#7286 = CARTESIAN_POINT('',(-50.,35.,10.5));
#7287 = DIRECTION('',(0.,0.,1.));
#7288 = DIRECTION('',(1.,0.,-0.));
#7289 = ORIENTED_EDGE('',*,*,#7275,.F.);
#7290 = ORIENTED_EDGE('',*,*,#6262,.T.);
#7291 = ORIENTED_EDGE('',*,*,#7259,.T.);
#7292 = ORIENTED_EDGE('',*,*,#7104,.T.);
#7293 = ORIENTED_EDGE('',*,*,#7087,.T.);
#7294 = ORIENTED_EDGE('',*,*,#7226,.T.);
#7295 = ORIENTED_EDGE('',*,*,#7244,.F.);
#7296 = ORIENTED_EDGE('',*,*,#6271,.T.);
#7297 = CYLINDRICAL_SURFACE('',#7298,3.);
#7298 = AXIS2_PLACEMENT_3D('',#7299,#7300,#7301);
#7299 = CARTESIAN_POINT('',(-50.,35.,-2.5));
#7300 = DIRECTION('',(0.,0.,1.));
#7301 = DIRECTION('',(1.,0.,-0.));
#7302 = ADVANCED_FACE('',(#7303),#7329,.F.);
#7303 = FACE_BOUND('',#7304,.F.);
#7304 = EDGE_LOOP('',(#7305,#7306,#7314,#7323));
#7305 = ORIENTED_EDGE('',*,*,#6307,.F.);
#7306 = ORIENTED_EDGE('',*,*,#7307,.F.);
#7307 = EDGE_CURVE('',#7308,#6308,#7310,.T.);
#7308 = VERTEX_POINT('',#7309);
#7309 = CARTESIAN_POINT('',(26.6671,-10.5159,-5.5));
#7310 = LINE('',#7311,#7312);
#7311 = CARTESIAN_POINT('',(26.6671,-10.5159,-5.6));
#7312 = VECTOR('',#7313,1.);
#7313 = DIRECTION('',(0.,0.,1.));
#7314 = ORIENTED_EDGE('',*,*,#7315,.T.);
#7315 = EDGE_CURVE('',#7308,#7316,#7318,.T.);
#7316 = VERTEX_POINT('',#7317);
#7317 = CARTESIAN_POINT('',(27.6671,-11.5159,-5.5));
#7318 = CIRCLE('',#7319,1.);
#7319 = AXIS2_PLACEMENT_3D('',#7320,#7321,#7322);
#7320 = CARTESIAN_POINT('',(27.6671,-10.5159,-5.5));
#7321 = DIRECTION('',(0.,0.,1.));
#7322 = DIRECTION('',(1.,0.,-0.));
#7323 = ORIENTED_EDGE('',*,*,#7324,.T.);
#7324 = EDGE_CURVE('',#7316,#6310,#7325,.T.);
#7325 = LINE('',#7326,#7327);
#7326 = CARTESIAN_POINT('',(27.6671,-11.5159,-5.6));
#7327 = VECTOR('',#7328,1.);
#7328 = DIRECTION('',(0.,0.,1.));
#7329 = CYLINDRICAL_SURFACE('',#7330,1.);
#7330 = AXIS2_PLACEMENT_3D('',#7331,#7332,#7333);
#7331 = CARTESIAN_POINT('',(27.6671,-10.5159,-5.6));
#7332 = DIRECTION('',(0.,0.,1.));
#7333 = DIRECTION('',(1.,0.,-0.));
#7334 = ADVANCED_FACE('',(#7335),#7353,.T.);
#7335 = FACE_BOUND('',#7336,.T.);
#7336 = EDGE_LOOP('',(#7337,#7345,#7346,#7347));
#7337 = ORIENTED_EDGE('',*,*,#7338,.F.);
#7338 = EDGE_CURVE('',#7316,#7339,#7341,.T.);
#7339 = VERTEX_POINT('',#7340);
#7340 = CARTESIAN_POINT('',(39.6671,-11.5159,-5.5));
#7341 = LINE('',#7342,#7343);
#7342 = CARTESIAN_POINT('',(13.83355,-11.5159,-5.5));
#7343 = VECTOR('',#7344,1.);
#7344 = DIRECTION('',(1.,0.,-0.));
#7345 = ORIENTED_EDGE('',*,*,#7324,.T.);
#7346 = ORIENTED_EDGE('',*,*,#6369,.F.);
#7347 = ORIENTED_EDGE('',*,*,#7348,.F.);
#7348 = EDGE_CURVE('',#7339,#6361,#7349,.T.);
#7349 = LINE('',#7350,#7351);
#7350 = CARTESIAN_POINT('',(39.6671,-11.5159,-5.6));
#7351 = VECTOR('',#7352,1.);
#7352 = DIRECTION('',(0.,0.,1.));
#7353 = PLANE('',#7354);
#7354 = AXIS2_PLACEMENT_3D('',#7355,#7356,#7357);
#7355 = CARTESIAN_POINT('',(27.6671,-11.5159,-5.6));
#7356 = DIRECTION('',(-0.,1.,0.));
#7357 = DIRECTION('',(0.,0.,1.));
#7358 = ADVANCED_FACE('',(#7359),#7378,.F.);
#7359 = FACE_BOUND('',#7360,.F.);
#7360 = EDGE_LOOP('',(#7361,#7362,#7363,#7372));
#7361 = ORIENTED_EDGE('',*,*,#6360,.F.);
#7362 = ORIENTED_EDGE('',*,*,#7348,.F.);
#7363 = ORIENTED_EDGE('',*,*,#7364,.T.);
#7364 = EDGE_CURVE('',#7339,#7365,#7367,.T.);
#7365 = VERTEX_POINT('',#7366);
#7366 = CARTESIAN_POINT('',(40.6671,-10.5159,-5.5));
#7367 = CIRCLE('',#7368,1.);
#7368 = AXIS2_PLACEMENT_3D('',#7369,#7370,#7371);
#7369 = CARTESIAN_POINT('',(39.6671,-10.5159,-5.5));
#7370 = DIRECTION('',(0.,0.,1.));
#7371 = DIRECTION('',(1.,0.,-0.));
#7372 = ORIENTED_EDGE('',*,*,#7373,.T.);
#7373 = EDGE_CURVE('',#7365,#6353,#7374,.T.);
#7374 = LINE('',#7375,#7376);
#7375 = CARTESIAN_POINT('',(40.6671,-10.5159,-5.6));
#7376 = VECTOR('',#7377,1.);
#7377 = DIRECTION('',(0.,0.,1.));
#7378 = CYLINDRICAL_SURFACE('',#7379,1.);
#7379 = AXIS2_PLACEMENT_3D('',#7380,#7381,#7382);
#7380 = CARTESIAN_POINT('',(39.6671,-10.5159,-5.6));
#7381 = DIRECTION('',(0.,0.,1.));
#7382 = DIRECTION('',(1.,0.,-0.));
#7383 = ADVANCED_FACE('',(#7384),#7402,.F.);
#7384 = FACE_BOUND('',#7385,.F.);
#7385 = EDGE_LOOP('',(#7386,#7387,#7395,#7401));
#7386 = ORIENTED_EDGE('',*,*,#7373,.F.);
#7387 = ORIENTED_EDGE('',*,*,#7388,.F.);
#7388 = EDGE_CURVE('',#7389,#7365,#7391,.T.);
#7389 = VERTEX_POINT('',#7390);
#7390 = CARTESIAN_POINT('',(40.6671,5.4841,-5.5));
#7391 = LINE('',#7392,#7393);
#7392 = CARTESIAN_POINT('',(40.6671,-5.25795,-5.5));
#7393 = VECTOR('',#7394,1.);
#7394 = DIRECTION('',(0.,-1.,0.));
#7395 = ORIENTED_EDGE('',*,*,#7396,.T.);
#7396 = EDGE_CURVE('',#7389,#6344,#7397,.T.);
#7397 = LINE('',#7398,#7399);
#7398 = CARTESIAN_POINT('',(40.6671,5.4841,-5.6));
#7399 = VECTOR('',#7400,1.);
#7400 = DIRECTION('',(0.,0.,1.));
#7401 = ORIENTED_EDGE('',*,*,#6352,.F.);
#7402 = PLANE('',#7403);
#7403 = AXIS2_PLACEMENT_3D('',#7404,#7405,#7406);
#7404 = CARTESIAN_POINT('',(40.6671,-10.5159,-5.6));
#7405 = DIRECTION('',(1.,0.,-0.));
#7406 = DIRECTION('',(0.,0.,1.));
#7407 = ADVANCED_FACE('',(#7408),#7427,.F.);
#7408 = FACE_BOUND('',#7409,.F.);
#7409 = EDGE_LOOP('',(#7410,#7411,#7412,#7421));
#7410 = ORIENTED_EDGE('',*,*,#6343,.F.);
#7411 = ORIENTED_EDGE('',*,*,#7396,.F.);
#7412 = ORIENTED_EDGE('',*,*,#7413,.T.);
#7413 = EDGE_CURVE('',#7389,#7414,#7416,.T.);
#7414 = VERTEX_POINT('',#7415);
#7415 = CARTESIAN_POINT('',(39.6671,6.4841,-5.5));
#7416 = CIRCLE('',#7417,1.);
#7417 = AXIS2_PLACEMENT_3D('',#7418,#7419,#7420);
#7418 = CARTESIAN_POINT('',(39.6671,5.4841,-5.5));
#7419 = DIRECTION('',(0.,0.,1.));
#7420 = DIRECTION('',(1.,0.,-0.));
#7421 = ORIENTED_EDGE('',*,*,#7422,.T.);
#7422 = EDGE_CURVE('',#7414,#6336,#7423,.T.);
#7423 = LINE('',#7424,#7425);
#7424 = CARTESIAN_POINT('',(39.6671,6.4841,-5.6));
#7425 = VECTOR('',#7426,1.);
#7426 = DIRECTION('',(0.,0.,1.));
#7427 = CYLINDRICAL_SURFACE('',#7428,1.);
#7428 = AXIS2_PLACEMENT_3D('',#7429,#7430,#7431);
#7429 = CARTESIAN_POINT('',(39.6671,5.4841,-5.6));
#7430 = DIRECTION('',(0.,0.,1.));
#7431 = DIRECTION('',(1.,0.,-0.));
#7432 = ADVANCED_FACE('',(#7433),#7451,.F.);
#7433 = FACE_BOUND('',#7434,.F.);
#7434 = EDGE_LOOP('',(#7435,#7443,#7449,#7450));
#7435 = ORIENTED_EDGE('',*,*,#7436,.F.);
#7436 = EDGE_CURVE('',#7437,#7414,#7439,.T.);
#7437 = VERTEX_POINT('',#7438);
#7438 = CARTESIAN_POINT('',(27.6671,6.4841,-5.5));
#7439 = LINE('',#7440,#7441);
#7440 = CARTESIAN_POINT('',(13.83355,6.4841,-5.5));
#7441 = VECTOR('',#7442,1.);
#7442 = DIRECTION('',(1.,0.,-0.));
#7443 = ORIENTED_EDGE('',*,*,#7444,.T.);
#7444 = EDGE_CURVE('',#7437,#6327,#7445,.T.);
#7445 = LINE('',#7446,#7447);
#7446 = CARTESIAN_POINT('',(27.6671,6.4841,-5.6));
#7447 = VECTOR('',#7448,1.);
#7448 = DIRECTION('',(0.,0.,1.));
#7449 = ORIENTED_EDGE('',*,*,#6335,.F.);
#7450 = ORIENTED_EDGE('',*,*,#7422,.F.);
#7451 = PLANE('',#7452);
#7452 = AXIS2_PLACEMENT_3D('',#7453,#7454,#7455);
#7453 = CARTESIAN_POINT('',(27.6671,6.4841,-5.6));
#7454 = DIRECTION('',(-0.,1.,0.));
#7455 = DIRECTION('',(0.,0.,1.));
#7456 = ADVANCED_FACE('',(#7457),#7476,.F.);
#7457 = FACE_BOUND('',#7458,.F.);
#7458 = EDGE_LOOP('',(#7459,#7460,#7461,#7470));
#7459 = ORIENTED_EDGE('',*,*,#6326,.F.);
#7460 = ORIENTED_EDGE('',*,*,#7444,.F.);
#7461 = ORIENTED_EDGE('',*,*,#7462,.T.);
#7462 = EDGE_CURVE('',#7437,#7463,#7465,.T.);
#7463 = VERTEX_POINT('',#7464);
#7464 = CARTESIAN_POINT('',(26.6671,5.4841,-5.5));
#7465 = CIRCLE('',#7466,1.);
#7466 = AXIS2_PLACEMENT_3D('',#7467,#7468,#7469);
#7467 = CARTESIAN_POINT('',(27.6671,5.4841,-5.5));
#7468 = DIRECTION('',(0.,0.,1.));
#7469 = DIRECTION('',(1.,0.,-0.));
#7470 = ORIENTED_EDGE('',*,*,#7471,.T.);
#7471 = EDGE_CURVE('',#7463,#6319,#7472,.T.);
#7472 = LINE('',#7473,#7474);
#7473 = CARTESIAN_POINT('',(26.6671,5.4841,-5.6));
#7474 = VECTOR('',#7475,1.);
#7475 = DIRECTION('',(0.,0.,1.));
#7476 = CYLINDRICAL_SURFACE('',#7477,1.);
#7477 = AXIS2_PLACEMENT_3D('',#7478,#7479,#7480);
#7478 = CARTESIAN_POINT('',(27.6671,5.4841,-5.6));
#7479 = DIRECTION('',(0.,0.,1.));
#7480 = DIRECTION('',(1.,0.,-0.));
#7481 = ADVANCED_FACE('',(#7482),#7493,.T.);
#7482 = FACE_BOUND('',#7483,.T.);
#7483 = EDGE_LOOP('',(#7484,#7485,#7491,#7492));
#7484 = ORIENTED_EDGE('',*,*,#7307,.F.);
#7485 = ORIENTED_EDGE('',*,*,#7486,.F.);
#7486 = EDGE_CURVE('',#7463,#7308,#7487,.T.);
#7487 = LINE('',#7488,#7489);
#7488 = CARTESIAN_POINT('',(26.6671,-5.25795,-5.5));
#7489 = VECTOR('',#7490,1.);
#7490 = DIRECTION('',(0.,-1.,0.));
#7491 = ORIENTED_EDGE('',*,*,#7471,.T.);
#7492 = ORIENTED_EDGE('',*,*,#6318,.F.);
#7493 = PLANE('',#7494);
#7494 = AXIS2_PLACEMENT_3D('',#7495,#7496,#7497);
#7495 = CARTESIAN_POINT('',(26.6671,-10.5159,-5.6));
#7496 = DIRECTION('',(1.,0.,-0.));
#7497 = DIRECTION('',(0.,0.,1.));
#7498 = ADVANCED_FACE('',(#7499),#7525,.F.);
#7499 = FACE_BOUND('',#7500,.F.);
#7500 = EDGE_LOOP('',(#7501,#7502,#7510,#7519));
#7501 = ORIENTED_EDGE('',*,*,#6377,.F.);
#7502 = ORIENTED_EDGE('',*,*,#7503,.F.);
#7503 = EDGE_CURVE('',#7504,#6378,#7506,.T.);
#7504 = VERTEX_POINT('',#7505);
#7505 = CARTESIAN_POINT('',(-23.361,-11.3275,-5.5));
#7506 = LINE('',#7507,#7508);
#7507 = CARTESIAN_POINT('',(-23.361,-11.3275,-5.6));
#7508 = VECTOR('',#7509,1.);
#7509 = DIRECTION('',(0.,0.,1.));
#7510 = ORIENTED_EDGE('',*,*,#7511,.T.);
#7511 = EDGE_CURVE('',#7504,#7512,#7514,.T.);
#7512 = VERTEX_POINT('',#7513);
#7513 = CARTESIAN_POINT('',(-20.361,-14.3275,-5.5));
#7514 = CIRCLE('',#7515,3.);
#7515 = AXIS2_PLACEMENT_3D('',#7516,#7517,#7518);
#7516 = CARTESIAN_POINT('',(-20.361,-11.3275,-5.5));
#7517 = DIRECTION('',(0.,0.,1.));
#7518 = DIRECTION('',(1.,0.,-0.));
#7519 = ORIENTED_EDGE('',*,*,#7520,.T.);
#7520 = EDGE_CURVE('',#7512,#6380,#7521,.T.);
#7521 = LINE('',#7522,#7523);
#7522 = CARTESIAN_POINT('',(-20.361,-14.3275,-5.6));
#7523 = VECTOR('',#7524,1.);
#7524 = DIRECTION('',(0.,0.,1.));
#7525 = CYLINDRICAL_SURFACE('',#7526,3.);
#7526 = AXIS2_PLACEMENT_3D('',#7527,#7528,#7529);
#7527 = CARTESIAN_POINT('',(-20.361,-11.3275,-5.6));
#7528 = DIRECTION('',(0.,0.,1.));
#7529 = DIRECTION('',(1.,0.,-0.));
#7530 = ADVANCED_FACE('',(#7531),#7549,.T.);
#7531 = FACE_BOUND('',#7532,.T.);
#7532 = EDGE_LOOP('',(#7533,#7541,#7542,#7543));
#7533 = ORIENTED_EDGE('',*,*,#7534,.F.);
#7534 = EDGE_CURVE('',#7512,#7535,#7537,.T.);
#7535 = VERTEX_POINT('',#7536);
#7536 = CARTESIAN_POINT('',(-2.361,-14.3275,-5.5));
#7537 = LINE('',#7538,#7539);
#7538 = CARTESIAN_POINT('',(-10.1805,-14.3275,-5.5));
#7539 = VECTOR('',#7540,1.);
#7540 = DIRECTION('',(1.,0.,-0.));
#7541 = ORIENTED_EDGE('',*,*,#7520,.T.);
#7542 = ORIENTED_EDGE('',*,*,#6439,.F.);
#7543 = ORIENTED_EDGE('',*,*,#7544,.F.);
#7544 = EDGE_CURVE('',#7535,#6431,#7545,.T.);
#7545 = LINE('',#7546,#7547);
#7546 = CARTESIAN_POINT('',(-2.361,-14.3275,-5.6));
#7547 = VECTOR('',#7548,1.);
#7548 = DIRECTION('',(0.,0.,1.));
#7549 = PLANE('',#7550);
#7550 = AXIS2_PLACEMENT_3D('',#7551,#7552,#7553);
#7551 = CARTESIAN_POINT('',(-20.361,-14.3275,-5.6));
#7552 = DIRECTION('',(-0.,1.,0.));
#7553 = DIRECTION('',(0.,0.,1.));
#7554 = ADVANCED_FACE('',(#7555),#7574,.F.);
#7555 = FACE_BOUND('',#7556,.F.);
#7556 = EDGE_LOOP('',(#7557,#7558,#7559,#7568));
#7557 = ORIENTED_EDGE('',*,*,#6430,.F.);
#7558 = ORIENTED_EDGE('',*,*,#7544,.F.);
#7559 = ORIENTED_EDGE('',*,*,#7560,.T.);
#7560 = EDGE_CURVE('',#7535,#7561,#7563,.T.);
#7561 = VERTEX_POINT('',#7562);
#7562 = CARTESIAN_POINT('',(0.639,-11.3275,-5.5));
#7563 = CIRCLE('',#7564,3.);
#7564 = AXIS2_PLACEMENT_3D('',#7565,#7566,#7567);
#7565 = CARTESIAN_POINT('',(-2.361,-11.3275,-5.5));
#7566 = DIRECTION('',(0.,0.,1.));
#7567 = DIRECTION('',(1.,0.,-0.));
#7568 = ORIENTED_EDGE('',*,*,#7569,.T.);
#7569 = EDGE_CURVE('',#7561,#6423,#7570,.T.);
#7570 = LINE('',#7571,#7572);
#7571 = CARTESIAN_POINT('',(0.639,-11.3275,-5.6));
#7572 = VECTOR('',#7573,1.);
#7573 = DIRECTION('',(0.,0.,1.));
#7574 = CYLINDRICAL_SURFACE('',#7575,3.);
#7575 = AXIS2_PLACEMENT_3D('',#7576,#7577,#7578);
#7576 = CARTESIAN_POINT('',(-2.361,-11.3275,-5.6));
#7577 = DIRECTION('',(0.,0.,1.));
#7578 = DIRECTION('',(1.,0.,-0.));
#7579 = ADVANCED_FACE('',(#7580),#7598,.F.);
#7580 = FACE_BOUND('',#7581,.F.);
#7581 = EDGE_LOOP('',(#7582,#7583,#7591,#7597));
#7582 = ORIENTED_EDGE('',*,*,#7569,.F.);
#7583 = ORIENTED_EDGE('',*,*,#7584,.F.);
#7584 = EDGE_CURVE('',#7585,#7561,#7587,.T.);
#7585 = VERTEX_POINT('',#7586);
#7586 = CARTESIAN_POINT('',(0.639,6.6725,-5.5));
#7587 = LINE('',#7588,#7589);
#7588 = CARTESIAN_POINT('',(0.639,-5.66375,-5.5));
#7589 = VECTOR('',#7590,1.);
#7590 = DIRECTION('',(0.,-1.,0.));
#7591 = ORIENTED_EDGE('',*,*,#7592,.T.);
#7592 = EDGE_CURVE('',#7585,#6414,#7593,.T.);
#7593 = LINE('',#7594,#7595);
#7594 = CARTESIAN_POINT('',(0.639,6.6725,-5.6));
#7595 = VECTOR('',#7596,1.);
#7596 = DIRECTION('',(0.,0.,1.));
#7597 = ORIENTED_EDGE('',*,*,#6422,.F.);
#7598 = PLANE('',#7599);
#7599 = AXIS2_PLACEMENT_3D('',#7600,#7601,#7602);
#7600 = CARTESIAN_POINT('',(0.639,-11.3275,-5.6));
#7601 = DIRECTION('',(1.,0.,-0.));
#7602 = DIRECTION('',(0.,0.,1.));
#7603 = ADVANCED_FACE('',(#7604),#7623,.F.);
#7604 = FACE_BOUND('',#7605,.F.);
#7605 = EDGE_LOOP('',(#7606,#7607,#7608,#7617));
#7606 = ORIENTED_EDGE('',*,*,#6413,.F.);
#7607 = ORIENTED_EDGE('',*,*,#7592,.F.);
#7608 = ORIENTED_EDGE('',*,*,#7609,.T.);
#7609 = EDGE_CURVE('',#7585,#7610,#7612,.T.);
#7610 = VERTEX_POINT('',#7611);
#7611 = CARTESIAN_POINT('',(-2.361,9.6725,-5.5));
#7612 = CIRCLE('',#7613,3.);
#7613 = AXIS2_PLACEMENT_3D('',#7614,#7615,#7616);
#7614 = CARTESIAN_POINT('',(-2.361,6.6725,-5.5));
#7615 = DIRECTION('',(0.,0.,1.));
#7616 = DIRECTION('',(1.,0.,-0.));
#7617 = ORIENTED_EDGE('',*,*,#7618,.T.);
#7618 = EDGE_CURVE('',#7610,#6406,#7619,.T.);
#7619 = LINE('',#7620,#7621);
#7620 = CARTESIAN_POINT('',(-2.361,9.6725,-5.6));
#7621 = VECTOR('',#7622,1.);
#7622 = DIRECTION('',(0.,0.,1.));
#7623 = CYLINDRICAL_SURFACE('',#7624,3.);
#7624 = AXIS2_PLACEMENT_3D('',#7625,#7626,#7627);
#7625 = CARTESIAN_POINT('',(-2.361,6.6725,-5.6));
#7626 = DIRECTION('',(0.,0.,1.));
#7627 = DIRECTION('',(1.,0.,-0.));
#7628 = ADVANCED_FACE('',(#7629),#7647,.F.);
#7629 = FACE_BOUND('',#7630,.F.);
#7630 = EDGE_LOOP('',(#7631,#7639,#7645,#7646));
#7631 = ORIENTED_EDGE('',*,*,#7632,.F.);
#7632 = EDGE_CURVE('',#7633,#7610,#7635,.T.);
#7633 = VERTEX_POINT('',#7634);
#7634 = CARTESIAN_POINT('',(-20.361,9.6725,-5.5));
#7635 = LINE('',#7636,#7637);
#7636 = CARTESIAN_POINT('',(-10.1805,9.6725,-5.5));
#7637 = VECTOR('',#7638,1.);
#7638 = DIRECTION('',(1.,0.,-0.));
#7639 = ORIENTED_EDGE('',*,*,#7640,.T.);
#7640 = EDGE_CURVE('',#7633,#6397,#7641,.T.);
#7641 = LINE('',#7642,#7643);
#7642 = CARTESIAN_POINT('',(-20.361,9.6725,-5.6));
#7643 = VECTOR('',#7644,1.);
#7644 = DIRECTION('',(0.,0.,1.));
#7645 = ORIENTED_EDGE('',*,*,#6405,.F.);
#7646 = ORIENTED_EDGE('',*,*,#7618,.F.);
#7647 = PLANE('',#7648);
#7648 = AXIS2_PLACEMENT_3D('',#7649,#7650,#7651);
#7649 = CARTESIAN_POINT('',(-20.361,9.6725,-5.6));
#7650 = DIRECTION('',(-0.,1.,0.));
#7651 = DIRECTION('',(0.,0.,1.));
#7652 = ADVANCED_FACE('',(#7653),#7672,.F.);
#7653 = FACE_BOUND('',#7654,.F.);
#7654 = EDGE_LOOP('',(#7655,#7656,#7657,#7666));
#7655 = ORIENTED_EDGE('',*,*,#6396,.F.);
#7656 = ORIENTED_EDGE('',*,*,#7640,.F.);
#7657 = ORIENTED_EDGE('',*,*,#7658,.T.);
#7658 = EDGE_CURVE('',#7633,#7659,#7661,.T.);
#7659 = VERTEX_POINT('',#7660);
#7660 = CARTESIAN_POINT('',(-23.361,6.6725,-5.5));
#7661 = CIRCLE('',#7662,3.);
#7662 = AXIS2_PLACEMENT_3D('',#7663,#7664,#7665);
#7663 = CARTESIAN_POINT('',(-20.361,6.6725,-5.5));
#7664 = DIRECTION('',(0.,0.,1.));
#7665 = DIRECTION('',(1.,0.,-0.));
#7666 = ORIENTED_EDGE('',*,*,#7667,.T.);
#7667 = EDGE_CURVE('',#7659,#6389,#7668,.T.);
#7668 = LINE('',#7669,#7670);
#7669 = CARTESIAN_POINT('',(-23.361,6.6725,-5.6));
#7670 = VECTOR('',#7671,1.);
#7671 = DIRECTION('',(0.,0.,1.));
#7672 = CYLINDRICAL_SURFACE('',#7673,3.);
#7673 = AXIS2_PLACEMENT_3D('',#7674,#7675,#7676);
#7674 = CARTESIAN_POINT('',(-20.361,6.6725,-5.6));
#7675 = DIRECTION('',(0.,0.,1.));
#7676 = DIRECTION('',(1.,0.,-0.));
#7677 = ADVANCED_FACE('',(#7678),#7689,.T.);
#7678 = FACE_BOUND('',#7679,.T.);
#7679 = EDGE_LOOP('',(#7680,#7681,#7687,#7688));
#7680 = ORIENTED_EDGE('',*,*,#7503,.F.);
#7681 = ORIENTED_EDGE('',*,*,#7682,.F.);
#7682 = EDGE_CURVE('',#7659,#7504,#7683,.T.);
#7683 = LINE('',#7684,#7685);
#7684 = CARTESIAN_POINT('',(-23.361,-5.66375,-5.5));
#7685 = VECTOR('',#7686,1.);
#7686 = DIRECTION('',(0.,-1.,0.));
#7687 = ORIENTED_EDGE('',*,*,#7667,.T.);
#7688 = ORIENTED_EDGE('',*,*,#6388,.F.);
#7689 = PLANE('',#7690);
#7690 = AXIS2_PLACEMENT_3D('',#7691,#7692,#7693);
#7691 = CARTESIAN_POINT('',(-23.361,-11.3275,-5.6));
#7692 = DIRECTION('',(1.,0.,-0.));
#7693 = DIRECTION('',(0.,0.,1.));
#7694 = ADVANCED_FACE('',(#7695),#7714,.F.);
#7695 = FACE_BOUND('',#7696,.F.);
#7696 = EDGE_LOOP('',(#7697,#7698,#7706,#7713));
#7697 = ORIENTED_EDGE('',*,*,#6473,.F.);
#7698 = ORIENTED_EDGE('',*,*,#7699,.F.);
#7699 = EDGE_CURVE('',#7700,#6474,#7702,.T.);
#7700 = VERTEX_POINT('',#7701);
#7701 = CARTESIAN_POINT('',(51.7,-35.,-5.5));
#7702 = LINE('',#7703,#7704);
#7703 = CARTESIAN_POINT('',(51.7,-35.,-5.6));
#7704 = VECTOR('',#7705,1.);
#7705 = DIRECTION('',(0.,0.,1.));
#7706 = ORIENTED_EDGE('',*,*,#7707,.T.);
#7707 = EDGE_CURVE('',#7700,#7700,#7708,.T.);
#7708 = CIRCLE('',#7709,1.7);
#7709 = AXIS2_PLACEMENT_3D('',#7710,#7711,#7712);
#7710 = CARTESIAN_POINT('',(50.,-35.,-5.5));
#7711 = DIRECTION('',(0.,0.,1.));
#7712 = DIRECTION('',(1.,0.,-0.));
#7713 = ORIENTED_EDGE('',*,*,#7699,.T.);
#7714 = CYLINDRICAL_SURFACE('',#7715,1.7);
#7715 = AXIS2_PLACEMENT_3D('',#7716,#7717,#7718);
#7716 = CARTESIAN_POINT('',(50.,-35.,-5.6));
#7717 = DIRECTION('',(0.,0.,1.));
#7718 = DIRECTION('',(1.,0.,-0.));
#7719 = ADVANCED_FACE('',(#7720,#7730,#7733,#7736,#7739,#7742,#7745,
    #7755,#7766,#7769,#7772,#7782,#7785,#7788,#7791,#7794,#7797,#7800,
    #7811,#7814,#7817,#7820,#7831),#7834,.T.);
#7720 = FACE_BOUND('',#7721,.T.);
#7721 = EDGE_LOOP('',(#7722,#7723,#7724,#7725,#7726,#7727,#7728,#7729));
#7722 = ORIENTED_EDGE('',*,*,#6499,.F.);
#7723 = ORIENTED_EDGE('',*,*,#6523,.T.);
#7724 = ORIENTED_EDGE('',*,*,#6579,.F.);
#7725 = ORIENTED_EDGE('',*,*,#6620,.T.);
#7726 = ORIENTED_EDGE('',*,*,#6670,.F.);
#7727 = ORIENTED_EDGE('',*,*,#6645,.F.);
#7728 = ORIENTED_EDGE('',*,*,#6597,.F.);
#7729 = ORIENTED_EDGE('',*,*,#6546,.F.);
#7730 = FACE_BOUND('',#7731,.T.);
#7731 = EDGE_LOOP('',(#7732));
#7732 = ORIENTED_EDGE('',*,*,#6795,.T.);
#7733 = FACE_BOUND('',#7734,.T.);
#7734 = EDGE_LOOP('',(#7735));
#7735 = ORIENTED_EDGE('',*,*,#7707,.T.);
#7736 = FACE_BOUND('',#7737,.T.);
#7737 = EDGE_LOOP('',(#7738));
#7738 = ORIENTED_EDGE('',*,*,#6820,.T.);
#7739 = FACE_BOUND('',#7740,.T.);
#7740 = EDGE_LOOP('',(#7741));
#7741 = ORIENTED_EDGE('',*,*,#6845,.T.);
#7742 = FACE_BOUND('',#7743,.T.);
#7743 = EDGE_LOOP('',(#7744));
#7744 = ORIENTED_EDGE('',*,*,#6870,.T.);
#7745 = FACE_BOUND('',#7746,.T.);
#7746 = EDGE_LOOP('',(#7747,#7748,#7749,#7750,#7751,#7752,#7753,#7754));
#7747 = ORIENTED_EDGE('',*,*,#7486,.T.);
#7748 = ORIENTED_EDGE('',*,*,#7315,.T.);
#7749 = ORIENTED_EDGE('',*,*,#7338,.T.);
#7750 = ORIENTED_EDGE('',*,*,#7364,.T.);
#7751 = ORIENTED_EDGE('',*,*,#7388,.F.);
#7752 = ORIENTED_EDGE('',*,*,#7413,.T.);
#7753 = ORIENTED_EDGE('',*,*,#7436,.F.);
#7754 = ORIENTED_EDGE('',*,*,#7462,.T.);
#7755 = FACE_BOUND('',#7756,.T.);
#7756 = EDGE_LOOP('',(#7757));
#7757 = ORIENTED_EDGE('',*,*,#7758,.T.);
#7758 = EDGE_CURVE('',#7759,#7759,#7761,.T.);
#7759 = VERTEX_POINT('',#7760);
#7760 = CARTESIAN_POINT('',(-48.3,-35.,-5.5));
#7761 = CIRCLE('',#7762,1.7);
#7762 = AXIS2_PLACEMENT_3D('',#7763,#7764,#7765);
#7763 = CARTESIAN_POINT('',(-50.,-35.,-5.5));
#7764 = DIRECTION('',(0.,0.,1.));
#7765 = DIRECTION('',(1.,0.,-0.));
#7766 = FACE_BOUND('',#7767,.T.);
#7767 = EDGE_LOOP('',(#7768));
#7768 = ORIENTED_EDGE('',*,*,#6695,.T.);
#7769 = FACE_BOUND('',#7770,.T.);
#7770 = EDGE_LOOP('',(#7771));
#7771 = ORIENTED_EDGE('',*,*,#6720,.T.);
#7772 = FACE_BOUND('',#7773,.T.);
#7773 = EDGE_LOOP('',(#7774,#7775,#7776,#7777,#7778,#7779,#7780,#7781));
#7774 = ORIENTED_EDGE('',*,*,#7682,.T.);
#7775 = ORIENTED_EDGE('',*,*,#7511,.T.);
#7776 = ORIENTED_EDGE('',*,*,#7534,.T.);
#7777 = ORIENTED_EDGE('',*,*,#7560,.T.);
#7778 = ORIENTED_EDGE('',*,*,#7584,.F.);
#7779 = ORIENTED_EDGE('',*,*,#7609,.T.);
#7780 = ORIENTED_EDGE('',*,*,#7632,.F.);
#7781 = ORIENTED_EDGE('',*,*,#7658,.T.);
#7782 = FACE_BOUND('',#7783,.T.);
#7783 = EDGE_LOOP('',(#7784));
#7784 = ORIENTED_EDGE('',*,*,#6745,.T.);
#7785 = FACE_BOUND('',#7786,.T.);
#7786 = EDGE_LOOP('',(#7787));
#7787 = ORIENTED_EDGE('',*,*,#6770,.T.);
#7788 = FACE_BOUND('',#7789,.T.);
#7789 = EDGE_LOOP('',(#7790));
#7790 = ORIENTED_EDGE('',*,*,#6995,.T.);
#7791 = FACE_BOUND('',#7792,.T.);
#7792 = EDGE_LOOP('',(#7793));
#7793 = ORIENTED_EDGE('',*,*,#7020,.T.);
#7794 = FACE_BOUND('',#7795,.T.);
#7795 = EDGE_LOOP('',(#7796));
#7796 = ORIENTED_EDGE('',*,*,#7045,.T.);
#7797 = FACE_BOUND('',#7798,.T.);
#7798 = EDGE_LOOP('',(#7799));
#7799 = ORIENTED_EDGE('',*,*,#7070,.T.);
#7800 = FACE_BOUND('',#7801,.T.);
#7801 = EDGE_LOOP('',(#7802));
#7802 = ORIENTED_EDGE('',*,*,#7803,.T.);
#7803 = EDGE_CURVE('',#7804,#7804,#7806,.T.);
#7804 = VERTEX_POINT('',#7805);
#7805 = CARTESIAN_POINT('',(51.7,35.,-5.5));
#7806 = CIRCLE('',#7807,1.7);
#7807 = AXIS2_PLACEMENT_3D('',#7808,#7809,#7810);
#7808 = CARTESIAN_POINT('',(50.,35.,-5.5));
#7809 = DIRECTION('',(0.,0.,1.));
#7810 = DIRECTION('',(1.,0.,-0.));
#7811 = FACE_BOUND('',#7812,.T.);
#7812 = EDGE_LOOP('',(#7813));
#7813 = ORIENTED_EDGE('',*,*,#6895,.T.);
#7814 = FACE_BOUND('',#7815,.T.);
#7815 = EDGE_LOOP('',(#7816));
#7816 = ORIENTED_EDGE('',*,*,#6920,.T.);
#7817 = FACE_BOUND('',#7818,.T.);
#7818 = EDGE_LOOP('',(#7819));
#7819 = ORIENTED_EDGE('',*,*,#6945,.T.);
#7820 = FACE_BOUND('',#7821,.T.);
#7821 = EDGE_LOOP('',(#7822));
#7822 = ORIENTED_EDGE('',*,*,#7823,.T.);
#7823 = EDGE_CURVE('',#7824,#7824,#7826,.T.);
#7824 = VERTEX_POINT('',#7825);
#7825 = CARTESIAN_POINT('',(-48.3,35.,-5.5));
#7826 = CIRCLE('',#7827,1.7);
#7827 = AXIS2_PLACEMENT_3D('',#7828,#7829,#7830);
#7828 = CARTESIAN_POINT('',(-50.,35.,-5.5));
#7829 = DIRECTION('',(0.,0.,1.));
#7830 = DIRECTION('',(1.,0.,-0.));
#7831 = FACE_BOUND('',#7832,.T.);
#7832 = EDGE_LOOP('',(#7833));
#7833 = ORIENTED_EDGE('',*,*,#6970,.T.);
#7834 = PLANE('',#7835);
#7835 = AXIS2_PLACEMENT_3D('',#7836,#7837,#7838);
#7836 = CARTESIAN_POINT('',(-2.246516676019E-15,0.,-5.5));
#7837 = DIRECTION('',(-0.,-0.,-1.));
#7838 = DIRECTION('',(-1.,0.,0.));
#7839 = ADVANCED_FACE('',(#7840,#7843),#7854,.T.);
#7840 = FACE_BOUND('',#7841,.T.);
#7841 = EDGE_LOOP('',(#7842));
#7842 = ORIENTED_EDGE('',*,*,#7144,.T.);
#7843 = FACE_BOUND('',#7844,.T.);
#7844 = EDGE_LOOP('',(#7845));
#7845 = ORIENTED_EDGE('',*,*,#7846,.F.);
#7846 = EDGE_CURVE('',#7847,#7847,#7849,.T.);
#7847 = VERTEX_POINT('',#7848);
#7848 = CARTESIAN_POINT('',(51.7,35.,10.5));
#7849 = CIRCLE('',#7850,1.7);
#7850 = AXIS2_PLACEMENT_3D('',#7851,#7852,#7853);
#7851 = CARTESIAN_POINT('',(50.,35.,10.5));
#7852 = DIRECTION('',(0.,0.,1.));
#7853 = DIRECTION('',(1.,0.,-0.));
#7854 = PLANE('',#7855);
#7855 = AXIS2_PLACEMENT_3D('',#7856,#7857,#7858);
#7856 = CARTESIAN_POINT('',(50.,35.,10.5));
#7857 = DIRECTION('',(0.,0.,1.));
#7858 = DIRECTION('',(1.,0.,-0.));
#7859 = ADVANCED_FACE('',(#7860,#7863),#7874,.T.);
#7860 = FACE_BOUND('',#7861,.T.);
#7861 = EDGE_LOOP('',(#7862));
#7862 = ORIENTED_EDGE('',*,*,#7180,.T.);
#7863 = FACE_BOUND('',#7864,.T.);
#7864 = EDGE_LOOP('',(#7865));
#7865 = ORIENTED_EDGE('',*,*,#7866,.F.);
#7866 = EDGE_CURVE('',#7867,#7867,#7869,.T.);
#7867 = VERTEX_POINT('',#7868);
#7868 = CARTESIAN_POINT('',(-48.3,-35.,10.5));
#7869 = CIRCLE('',#7870,1.7);
#7870 = AXIS2_PLACEMENT_3D('',#7871,#7872,#7873);
#7871 = CARTESIAN_POINT('',(-50.,-35.,10.5));
#7872 = DIRECTION('',(0.,0.,1.));
#7873 = DIRECTION('',(1.,0.,-0.));
#7874 = PLANE('',#7875);
#7875 = AXIS2_PLACEMENT_3D('',#7876,#7877,#7878);
#7876 = CARTESIAN_POINT('',(-50.,-35.,10.5));
#7877 = DIRECTION('',(0.,0.,1.));
#7878 = DIRECTION('',(1.,0.,-0.));
#7879 = ADVANCED_FACE('',(#7880,#7883),#7894,.T.);
#7880 = FACE_BOUND('',#7881,.T.);
#7881 = EDGE_LOOP('',(#7882));
#7882 = ORIENTED_EDGE('',*,*,#7283,.T.);
#7883 = FACE_BOUND('',#7884,.T.);
#7884 = EDGE_LOOP('',(#7885));
#7885 = ORIENTED_EDGE('',*,*,#7886,.F.);
#7886 = EDGE_CURVE('',#7887,#7887,#7889,.T.);
#7887 = VERTEX_POINT('',#7888);
#7888 = CARTESIAN_POINT('',(-48.3,35.,10.5));
#7889 = CIRCLE('',#7890,1.7);
#7890 = AXIS2_PLACEMENT_3D('',#7891,#7892,#7893);
#7891 = CARTESIAN_POINT('',(-50.,35.,10.5));
#7892 = DIRECTION('',(0.,0.,1.));
#7893 = DIRECTION('',(1.,0.,-0.));
#7894 = PLANE('',#7895);
#7895 = AXIS2_PLACEMENT_3D('',#7896,#7897,#7898);
#7896 = CARTESIAN_POINT('',(-50.,35.,10.5));
#7897 = DIRECTION('',(0.,0.,1.));
#7898 = DIRECTION('',(1.,0.,-0.));
#7899 = ADVANCED_FACE('',(#7900),#7911,.F.);
#7900 = FACE_BOUND('',#7901,.F.);
#7901 = EDGE_LOOP('',(#7902,#7903,#7909,#7910));
#7902 = ORIENTED_EDGE('',*,*,#7866,.F.);
#7903 = ORIENTED_EDGE('',*,*,#7904,.F.);
#7904 = EDGE_CURVE('',#7759,#7867,#7905,.T.);
#7905 = LINE('',#7906,#7907);
#7906 = CARTESIAN_POINT('',(-48.3,-35.,-5.6));
#7907 = VECTOR('',#7908,1.);
#7908 = DIRECTION('',(0.,0.,1.));
#7909 = ORIENTED_EDGE('',*,*,#7758,.T.);
#7910 = ORIENTED_EDGE('',*,*,#7904,.T.);
#7911 = CYLINDRICAL_SURFACE('',#7912,1.7);
#7912 = AXIS2_PLACEMENT_3D('',#7913,#7914,#7915);
#7913 = CARTESIAN_POINT('',(-50.,-35.,-5.6));
#7914 = DIRECTION('',(0.,0.,1.));
#7915 = DIRECTION('',(1.,0.,-0.));
#7916 = ADVANCED_FACE('',(#7917),#7928,.F.);
#7917 = FACE_BOUND('',#7918,.F.);
#7918 = EDGE_LOOP('',(#7919,#7920,#7926,#7927));
#7919 = ORIENTED_EDGE('',*,*,#7846,.F.);
#7920 = ORIENTED_EDGE('',*,*,#7921,.F.);
#7921 = EDGE_CURVE('',#7804,#7847,#7922,.T.);
#7922 = LINE('',#7923,#7924);
#7923 = CARTESIAN_POINT('',(51.7,35.,-5.6));
#7924 = VECTOR('',#7925,1.);
#7925 = DIRECTION('',(0.,0.,1.));
#7926 = ORIENTED_EDGE('',*,*,#7803,.T.);
#7927 = ORIENTED_EDGE('',*,*,#7921,.T.);
#7928 = CYLINDRICAL_SURFACE('',#7929,1.7);
#7929 = AXIS2_PLACEMENT_3D('',#7930,#7931,#7932);
#7930 = CARTESIAN_POINT('',(50.,35.,-5.6));
#7931 = DIRECTION('',(0.,0.,1.));
#7932 = DIRECTION('',(1.,0.,-0.));
#7933 = ADVANCED_FACE('',(#7934),#7945,.F.);
#7934 = FACE_BOUND('',#7935,.F.);
#7935 = EDGE_LOOP('',(#7936,#7937,#7943,#7944));
#7936 = ORIENTED_EDGE('',*,*,#7886,.F.);
#7937 = ORIENTED_EDGE('',*,*,#7938,.F.);
#7938 = EDGE_CURVE('',#7824,#7887,#7939,.T.);
#7939 = LINE('',#7940,#7941);
#7940 = CARTESIAN_POINT('',(-48.3,35.,-5.6));
#7941 = VECTOR('',#7942,1.);
#7942 = DIRECTION('',(0.,0.,1.));
#7943 = ORIENTED_EDGE('',*,*,#7823,.T.);
#7944 = ORIENTED_EDGE('',*,*,#7938,.T.);
#7945 = CYLINDRICAL_SURFACE('',#7946,1.7);
#7946 = AXIS2_PLACEMENT_3D('',#7947,#7948,#7949);
#7947 = CARTESIAN_POINT('',(-50.,35.,-5.6));
#7948 = DIRECTION('',(0.,0.,1.));
#7949 = DIRECTION('',(1.,0.,-0.));
#7950 = ( GEOMETRIC_REPRESENTATION_CONTEXT(3) 
GLOBAL_UNCERTAINTY_ASSIGNED_CONTEXT((#7954)) 
GLOBAL_UNIT_ASSIGNED_CONTEXT((#7951,#7952,#7953)) REPRESENTATION_CONTEXT
('Context #1','3D Context with UNIT and UNCERTAINTY') );
#7951 = ( LENGTH_UNIT() NAMED_UNIT(*) SI_UNIT(.MILLI.,.METRE.) );
#7952 = ( NAMED_UNIT(*) PLANE_ANGLE_UNIT() SI_UNIT($,.RADIAN.) );
#7953 = ( NAMED_UNIT(*) SI_UNIT($,.STERADIAN.) SOLID_ANGLE_UNIT() );
#7954 = UNCERTAINTY_MEASURE_WITH_UNIT(LENGTH_MEASURE(1.E-07),#7951,
  'distance_accuracy_value','confusion accuracy');
#7955 = CONTEXT_DEPENDENT_SHAPE_REPRESENTATION(#7956,#7958);
#7956 = ( REPRESENTATION_RELATIONSHIP('','',#5573,#10) 
REPRESENTATION_RELATIONSHIP_WITH_TRANSFORMATION(#7957) 
SHAPE_REPRESENTATION_RELATIONSHIP() );
#7957 = ITEM_DEFINED_TRANSFORMATION('','',#11,#23);
#7958 = PRODUCT_DEFINITION_SHAPE('Placement','Placement of an item',
  #7959);
#7959 = NEXT_ASSEMBLY_USAGE_OCCURRENCE('3','Lower board cover','',#5,
  #5568,$);
#7960 = PRODUCT_RELATED_PRODUCT_CATEGORY('part',$,(#5570));
#7961 = SHAPE_DEFINITION_REPRESENTATION(#7962,#7968);
#7962 = PRODUCT_DEFINITION_SHAPE('','',#7963);
#7963 = PRODUCT_DEFINITION('design','',#7964,#7967);
#7964 = PRODUCT_DEFINITION_FORMATION('','',#7965);
#7965 = PRODUCT('Part A radar plate','Part A radar plate','',(#7966));
#7966 = PRODUCT_CONTEXT('',#2,'mechanical');
#7967 = PRODUCT_DEFINITION_CONTEXT('part definition',#2,'design');
#7968 = ADVANCED_BREP_SHAPE_REPRESENTATION('',(#11,#7969),#9199);
#7969 = MANIFOLD_SOLID_BREP('',#7970);
#7970 = CLOSED_SHELL('',(#7971,#8011,#8042,#8075,#8143,#8176,#8216,#8249
    ,#8271,#8350,#8377,#8402,#8433,#8464,#8473,#8482,#8570,#8629,#8653,
    #8680,#8705,#8714,#8723,#8859,#8891,#8915,#8940,#8964,#8989,#9013,
    #9038,#9055,#9080,#9105,#9130,#9155));
#7971 = ADVANCED_FACE('',(#7972),#8006,.T.);
#7972 = FACE_BOUND('',#7973,.T.);
#7973 = EDGE_LOOP('',(#7974,#7984,#7992,#8000));
#7974 = ORIENTED_EDGE('',*,*,#7975,.T.);
#7975 = EDGE_CURVE('',#7976,#7978,#7980,.T.);
#7976 = VERTEX_POINT('',#7977);
#7977 = CARTESIAN_POINT('',(-17.,-42.5,-6.));
#7978 = VERTEX_POINT('',#7979);
#7979 = CARTESIAN_POINT('',(-17.,-35.5,-6.));
#7980 = LINE('',#7981,#7982);
#7981 = CARTESIAN_POINT('',(-17.,-39.,-6.));
#7982 = VECTOR('',#7983,1.);
#7983 = DIRECTION('',(-0.,1.,0.));
#7984 = ORIENTED_EDGE('',*,*,#7985,.T.);
#7985 = EDGE_CURVE('',#7978,#7986,#7988,.T.);
#7986 = VERTEX_POINT('',#7987);
#7987 = CARTESIAN_POINT('',(-17.,-35.5,0.));
#7988 = LINE('',#7989,#7990);
#7989 = CARTESIAN_POINT('',(-17.,-35.5,-7.));
#7990 = VECTOR('',#7991,1.);
#7991 = DIRECTION('',(0.,0.,1.));
#7992 = ORIENTED_EDGE('',*,*,#7993,.F.);
#7993 = EDGE_CURVE('',#7994,#7986,#7996,.T.);
#7994 = VERTEX_POINT('',#7995);
#7995 = CARTESIAN_POINT('',(-17.,-42.5,0.));
#7996 = LINE('',#7997,#7998);
#7997 = CARTESIAN_POINT('',(-17.,-39.,0.));
#7998 = VECTOR('',#7999,1.);
#7999 = DIRECTION('',(-0.,1.,0.));
#8000 = ORIENTED_EDGE('',*,*,#8001,.T.);
#8001 = EDGE_CURVE('',#7994,#7976,#8002,.T.);
#8002 = LINE('',#8003,#8004);
#8003 = CARTESIAN_POINT('',(-17.,-42.5,-6.5));
#8004 = VECTOR('',#8005,1.);
#8005 = DIRECTION('',(-0.,0.,-1.));
#8006 = PLANE('',#8007);
#8007 = AXIS2_PLACEMENT_3D('',#8008,#8009,#8010);
#8008 = CARTESIAN_POINT('',(-17.,-35.5,-7.));
#8009 = DIRECTION('',(1.,0.,-0.));
#8010 = DIRECTION('',(0.,-1.,0.));
#8011 = ADVANCED_FACE('',(#8012),#8037,.F.);
#8012 = FACE_BOUND('',#8013,.F.);
#8013 = EDGE_LOOP('',(#8014,#8022,#8030,#8036));
#8014 = ORIENTED_EDGE('',*,*,#8015,.F.);
#8015 = EDGE_CURVE('',#8016,#7976,#8018,.T.);
#8016 = VERTEX_POINT('',#8017);
#8017 = CARTESIAN_POINT('',(-30.5,-42.5,-6.));
#8018 = LINE('',#8019,#8020);
#8019 = CARTESIAN_POINT('',(-30.5,-42.5,-6.));
#8020 = VECTOR('',#8021,1.);
#8021 = DIRECTION('',(1.,0.,-0.));
#8022 = ORIENTED_EDGE('',*,*,#8023,.T.);
#8023 = EDGE_CURVE('',#8016,#8024,#8026,.T.);
#8024 = VERTEX_POINT('',#8025);
#8025 = CARTESIAN_POINT('',(-30.5,-42.5,0.));
#8026 = LINE('',#8027,#8028);
#8027 = CARTESIAN_POINT('',(-30.5,-42.5,-6.));
#8028 = VECTOR('',#8029,1.);
#8029 = DIRECTION('',(0.,0.,1.));
#8030 = ORIENTED_EDGE('',*,*,#8031,.T.);
#8031 = EDGE_CURVE('',#8024,#7994,#8032,.T.);
#8032 = LINE('',#8033,#8034);
#8033 = CARTESIAN_POINT('',(-30.5,-42.5,0.));
#8034 = VECTOR('',#8035,1.);
#8035 = DIRECTION('',(1.,0.,-0.));
#8036 = ORIENTED_EDGE('',*,*,#8001,.T.);
#8037 = PLANE('',#8038);
#8038 = AXIS2_PLACEMENT_3D('',#8039,#8040,#8041);
#8039 = CARTESIAN_POINT('',(-30.5,-42.5,-6.));
#8040 = DIRECTION('',(-0.,1.,0.));
#8041 = DIRECTION('',(0.,0.,1.));
#8042 = ADVANCED_FACE('',(#8043),#8070,.T.);
#8043 = FACE_BOUND('',#8044,.T.);
#8044 = EDGE_LOOP('',(#8045,#8054,#8062,#8069));
#8045 = ORIENTED_EDGE('',*,*,#8046,.F.);
#8046 = EDGE_CURVE('',#8047,#8024,#8049,.T.);
#8047 = VERTEX_POINT('',#8048);
#8048 = CARTESIAN_POINT('',(-34.5,-38.5,0.));
#8049 = CIRCLE('',#8050,4.);
#8050 = AXIS2_PLACEMENT_3D('',#8051,#8052,#8053);
#8051 = CARTESIAN_POINT('',(-30.5,-38.5,0.));
#8052 = DIRECTION('',(0.,0.,1.));
#8053 = DIRECTION('',(1.,0.,-0.));
#8054 = ORIENTED_EDGE('',*,*,#8055,.F.);
#8055 = EDGE_CURVE('',#8056,#8047,#8058,.T.);
#8056 = VERTEX_POINT('',#8057);
#8057 = CARTESIAN_POINT('',(-34.5,-38.5,-6.));
#8058 = LINE('',#8059,#8060);
#8059 = CARTESIAN_POINT('',(-34.5,-38.5,-6.));
#8060 = VECTOR('',#8061,1.);
#8061 = DIRECTION('',(0.,0.,1.));
#8062 = ORIENTED_EDGE('',*,*,#8063,.T.);
#8063 = EDGE_CURVE('',#8056,#8016,#8064,.T.);
#8064 = CIRCLE('',#8065,4.);
#8065 = AXIS2_PLACEMENT_3D('',#8066,#8067,#8068);
#8066 = CARTESIAN_POINT('',(-30.5,-38.5,-6.));
#8067 = DIRECTION('',(0.,0.,1.));
#8068 = DIRECTION('',(1.,0.,-0.));
#8069 = ORIENTED_EDGE('',*,*,#8023,.T.);
#8070 = CYLINDRICAL_SURFACE('',#8071,4.);
#8071 = AXIS2_PLACEMENT_3D('',#8072,#8073,#8074);
#8072 = CARTESIAN_POINT('',(-30.5,-38.5,-6.));
#8073 = DIRECTION('',(0.,0.,1.));
#8074 = DIRECTION('',(1.,0.,-0.));
#8075 = ADVANCED_FACE('',(#8076,#8127),#8138,.F.);
#8076 = FACE_BOUND('',#8077,.F.);
#8077 = EDGE_LOOP('',(#8078,#8079,#8087,#8095,#8104,#8113,#8121));
#8078 = ORIENTED_EDGE('',*,*,#8055,.F.);
#8079 = ORIENTED_EDGE('',*,*,#8080,.T.);
#8080 = EDGE_CURVE('',#8056,#8081,#8083,.T.);
#8081 = VERTEX_POINT('',#8082);
#8082 = CARTESIAN_POINT('',(-34.5,38.5,-6.));
#8083 = LINE('',#8084,#8085);
#8084 = CARTESIAN_POINT('',(-34.5,-38.5,-6.));
#8085 = VECTOR('',#8086,1.);
#8086 = DIRECTION('',(-0.,1.,0.));
#8087 = ORIENTED_EDGE('',*,*,#8088,.T.);
#8088 = EDGE_CURVE('',#8081,#8089,#8091,.T.);
#8089 = VERTEX_POINT('',#8090);
#8090 = CARTESIAN_POINT('',(-34.5,38.5,-4.361065758882));
#8091 = LINE('',#8092,#8093);
#8092 = CARTESIAN_POINT('',(-34.5,38.5,-6.));
#8093 = VECTOR('',#8094,1.);
#8094 = DIRECTION('',(0.,0.,1.));
#8095 = ORIENTED_EDGE('',*,*,#8096,.F.);
#8096 = EDGE_CURVE('',#8097,#8089,#8099,.T.);
#8097 = VERTEX_POINT('',#8098);
#8098 = CARTESIAN_POINT('',(-34.5,38.,-1.55));
#8099 = CIRCLE('',#8100,1.45);
#8100 = AXIS2_PLACEMENT_3D('',#8101,#8102,#8103);
#8101 = CARTESIAN_POINT('',(-34.5,38.,-3.));
#8102 = DIRECTION('',(1.,0.,0.));
#8103 = DIRECTION('',(-0.,0.,1.));
#8104 = ORIENTED_EDGE('',*,*,#8105,.F.);
#8105 = EDGE_CURVE('',#8106,#8097,#8108,.T.);
#8106 = VERTEX_POINT('',#8107);
#8107 = CARTESIAN_POINT('',(-34.5,38.5,-1.638934241118));
#8108 = CIRCLE('',#8109,1.45);
#8109 = AXIS2_PLACEMENT_3D('',#8110,#8111,#8112);
#8110 = CARTESIAN_POINT('',(-34.5,38.,-3.));
#8111 = DIRECTION('',(1.,0.,0.));
#8112 = DIRECTION('',(-0.,0.,1.));
#8113 = ORIENTED_EDGE('',*,*,#8114,.T.);
#8114 = EDGE_CURVE('',#8106,#8115,#8117,.T.);
#8115 = VERTEX_POINT('',#8116);
#8116 = CARTESIAN_POINT('',(-34.5,38.5,0.));
#8117 = LINE('',#8118,#8119);
#8118 = CARTESIAN_POINT('',(-34.5,38.5,-6.));
#8119 = VECTOR('',#8120,1.);
#8120 = DIRECTION('',(0.,0.,1.));
#8121 = ORIENTED_EDGE('',*,*,#8122,.F.);
#8122 = EDGE_CURVE('',#8047,#8115,#8123,.T.);
#8123 = LINE('',#8124,#8125);
#8124 = CARTESIAN_POINT('',(-34.5,-38.5,0.));
#8125 = VECTOR('',#8126,1.);
#8126 = DIRECTION('',(-0.,1.,0.));
#8127 = FACE_BOUND('',#8128,.F.);
#8128 = EDGE_LOOP('',(#8129));
#8129 = ORIENTED_EDGE('',*,*,#8130,.F.);
#8130 = EDGE_CURVE('',#8131,#8131,#8133,.T.);
#8131 = VERTEX_POINT('',#8132);
#8132 = CARTESIAN_POINT('',(-34.5,-7.,-1.55));
#8133 = CIRCLE('',#8134,1.45);
#8134 = AXIS2_PLACEMENT_3D('',#8135,#8136,#8137);
#8135 = CARTESIAN_POINT('',(-34.5,-7.,-3.));
#8136 = DIRECTION('',(1.,0.,0.));
#8137 = DIRECTION('',(-0.,0.,1.));
#8138 = PLANE('',#8139);
#8139 = AXIS2_PLACEMENT_3D('',#8140,#8141,#8142);
#8140 = CARTESIAN_POINT('',(-34.5,-38.5,-6.));
#8141 = DIRECTION('',(1.,0.,-0.));
#8142 = DIRECTION('',(0.,0.,1.));
#8143 = ADVANCED_FACE('',(#8144),#8171,.F.);
#8144 = FACE_BOUND('',#8145,.T.);
#8145 = EDGE_LOOP('',(#8146,#8155,#8163,#8170));
#8146 = ORIENTED_EDGE('',*,*,#8147,.T.);
#8147 = EDGE_CURVE('',#7978,#8148,#8150,.T.);
#8148 = VERTEX_POINT('',#8149);
#8149 = CARTESIAN_POINT('',(-12.,-30.5,-6.));
#8150 = CIRCLE('',#8151,5.);
#8151 = AXIS2_PLACEMENT_3D('',#8152,#8153,#8154);
#8152 = CARTESIAN_POINT('',(-12.,-35.5,-6.));
#8153 = DIRECTION('',(-0.,0.,-1.));
#8154 = DIRECTION('',(0.,1.,0.));
#8155 = ORIENTED_EDGE('',*,*,#8156,.T.);
#8156 = EDGE_CURVE('',#8148,#8157,#8159,.T.);
#8157 = VERTEX_POINT('',#8158);
#8158 = CARTESIAN_POINT('',(-12.,-30.5,0.));
#8159 = LINE('',#8160,#8161);
#8160 = CARTESIAN_POINT('',(-12.,-30.5,-7.));
#8161 = VECTOR('',#8162,1.);
#8162 = DIRECTION('',(0.,0.,1.));
#8163 = ORIENTED_EDGE('',*,*,#8164,.F.);
#8164 = EDGE_CURVE('',#7986,#8157,#8165,.T.);
#8165 = CIRCLE('',#8166,5.);
#8166 = AXIS2_PLACEMENT_3D('',#8167,#8168,#8169);
#8167 = CARTESIAN_POINT('',(-12.,-35.5,0.));
#8168 = DIRECTION('',(-0.,0.,-1.));
#8169 = DIRECTION('',(0.,1.,0.));
#8170 = ORIENTED_EDGE('',*,*,#7985,.F.);
#8171 = CYLINDRICAL_SURFACE('',#8172,5.);
#8172 = AXIS2_PLACEMENT_3D('',#8173,#8174,#8175);
#8173 = CARTESIAN_POINT('',(-12.,-35.5,-7.));
#8174 = DIRECTION('',(-0.,0.,-1.));
#8175 = DIRECTION('',(0.,1.,0.));
#8176 = ADVANCED_FACE('',(#8177),#8211,.T.);
#8177 = FACE_BOUND('',#8178,.T.);
#8178 = EDGE_LOOP('',(#8179,#8189,#8197,#8205));
#8179 = ORIENTED_EDGE('',*,*,#8180,.F.);
#8180 = EDGE_CURVE('',#8181,#8183,#8185,.T.);
#8181 = VERTEX_POINT('',#8182);
#8182 = CARTESIAN_POINT('',(17.,-35.5,-6.));
#8183 = VERTEX_POINT('',#8184);
#8184 = CARTESIAN_POINT('',(17.,-35.5,0.));
#8185 = LINE('',#8186,#8187);
#8186 = CARTESIAN_POINT('',(17.,-35.5,-7.));
#8187 = VECTOR('',#8188,1.);
#8188 = DIRECTION('',(0.,0.,1.));
#8189 = ORIENTED_EDGE('',*,*,#8190,.T.);
#8190 = EDGE_CURVE('',#8181,#8191,#8193,.T.);
#8191 = VERTEX_POINT('',#8192);
#8192 = CARTESIAN_POINT('',(17.,-42.5,-6.));
#8193 = LINE('',#8194,#8195);
#8194 = CARTESIAN_POINT('',(17.,-42.75,-6.));
#8195 = VECTOR('',#8196,1.);
#8196 = DIRECTION('',(0.,-1.,0.));
#8197 = ORIENTED_EDGE('',*,*,#8198,.T.);
#8198 = EDGE_CURVE('',#8191,#8199,#8201,.T.);
#8199 = VERTEX_POINT('',#8200);
#8200 = CARTESIAN_POINT('',(17.,-42.5,0.));
#8201 = LINE('',#8202,#8203);
#8202 = CARTESIAN_POINT('',(17.,-42.5,-6.5));
#8203 = VECTOR('',#8204,1.);
#8204 = DIRECTION('',(0.,0.,1.));
#8205 = ORIENTED_EDGE('',*,*,#8206,.F.);
#8206 = EDGE_CURVE('',#8183,#8199,#8207,.T.);
#8207 = LINE('',#8208,#8209);
#8208 = CARTESIAN_POINT('',(17.,-42.75,0.));
#8209 = VECTOR('',#8210,1.);
#8210 = DIRECTION('',(0.,-1.,0.));
#8211 = PLANE('',#8212);
#8212 = AXIS2_PLACEMENT_3D('',#8213,#8214,#8215);
#8213 = CARTESIAN_POINT('',(17.,-43.,-7.));
#8214 = DIRECTION('',(-1.,0.,0.));
#8215 = DIRECTION('',(0.,1.,0.));
#8216 = ADVANCED_FACE('',(#8217),#8244,.F.);
#8217 = FACE_BOUND('',#8218,.T.);
#8218 = EDGE_LOOP('',(#8219,#8228,#8229,#8238));
#8219 = ORIENTED_EDGE('',*,*,#8220,.T.);
#8220 = EDGE_CURVE('',#8221,#8181,#8223,.T.);
#8221 = VERTEX_POINT('',#8222);
#8222 = CARTESIAN_POINT('',(12.,-30.5,-6.));
#8223 = CIRCLE('',#8224,5.);
#8224 = AXIS2_PLACEMENT_3D('',#8225,#8226,#8227);
#8225 = CARTESIAN_POINT('',(12.,-35.5,-6.));
#8226 = DIRECTION('',(0.,-0.,-1.));
#8227 = DIRECTION('',(1.,0.,-0.));
#8228 = ORIENTED_EDGE('',*,*,#8180,.T.);
#8229 = ORIENTED_EDGE('',*,*,#8230,.F.);
#8230 = EDGE_CURVE('',#8231,#8183,#8233,.T.);
#8231 = VERTEX_POINT('',#8232);
#8232 = CARTESIAN_POINT('',(12.,-30.5,0.));
#8233 = CIRCLE('',#8234,5.);
#8234 = AXIS2_PLACEMENT_3D('',#8235,#8236,#8237);
#8235 = CARTESIAN_POINT('',(12.,-35.5,0.));
#8236 = DIRECTION('',(0.,-0.,-1.));
#8237 = DIRECTION('',(1.,0.,-0.));
#8238 = ORIENTED_EDGE('',*,*,#8239,.F.);
#8239 = EDGE_CURVE('',#8221,#8231,#8240,.T.);
#8240 = LINE('',#8241,#8242);
#8241 = CARTESIAN_POINT('',(12.,-30.5,-7.));
#8242 = VECTOR('',#8243,1.);
#8243 = DIRECTION('',(0.,0.,1.));
#8244 = CYLINDRICAL_SURFACE('',#8245,5.);
#8245 = AXIS2_PLACEMENT_3D('',#8246,#8247,#8248);
#8246 = CARTESIAN_POINT('',(12.,-35.5,-7.));
#8247 = DIRECTION('',(-0.,-0.,-1.));
#8248 = DIRECTION('',(1.,0.,-0.));
#8249 = ADVANCED_FACE('',(#8250),#8266,.T.);
#8250 = FACE_BOUND('',#8251,.T.);
#8251 = EDGE_LOOP('',(#8252,#8258,#8259,#8265));
#8252 = ORIENTED_EDGE('',*,*,#8253,.T.);
#8253 = EDGE_CURVE('',#8148,#8221,#8254,.T.);
#8254 = LINE('',#8255,#8256);
#8255 = CARTESIAN_POINT('',(-9.25,-30.5,-6.));
#8256 = VECTOR('',#8257,1.);
#8257 = DIRECTION('',(1.,0.,-0.));
#8258 = ORIENTED_EDGE('',*,*,#8239,.T.);
#8259 = ORIENTED_EDGE('',*,*,#8260,.F.);
#8260 = EDGE_CURVE('',#8157,#8231,#8261,.T.);
#8261 = LINE('',#8262,#8263);
#8262 = CARTESIAN_POINT('',(-9.25,-30.5,0.));
#8263 = VECTOR('',#8264,1.);
#8264 = DIRECTION('',(1.,0.,-0.));
#8265 = ORIENTED_EDGE('',*,*,#8156,.F.);
#8266 = PLANE('',#8267);
#8267 = AXIS2_PLACEMENT_3D('',#8268,#8269,#8270);
#8268 = CARTESIAN_POINT('',(12.,-30.5,-7.));
#8269 = DIRECTION('',(0.,-1.,0.));
#8270 = DIRECTION('',(-1.,0.,0.));
#8271 = ADVANCED_FACE('',(#8272),#8345,.T.);
#8272 = FACE_BOUND('',#8273,.T.);
#8273 = EDGE_LOOP('',(#8274,#8283,#8291,#8298,#8299,#8344));
#8274 = ORIENTED_EDGE('',*,*,#8275,.F.);
#8275 = EDGE_CURVE('',#8276,#8115,#8278,.T.);
#8276 = VERTEX_POINT('',#8277);
#8277 = CARTESIAN_POINT('',(-30.5,42.5,0.));
#8278 = CIRCLE('',#8279,4.);
#8279 = AXIS2_PLACEMENT_3D('',#8280,#8281,#8282);
#8280 = CARTESIAN_POINT('',(-30.5,38.5,0.));
#8281 = DIRECTION('',(0.,0.,1.));
#8282 = DIRECTION('',(1.,0.,-0.));
#8283 = ORIENTED_EDGE('',*,*,#8284,.F.);
#8284 = EDGE_CURVE('',#8285,#8276,#8287,.T.);
#8285 = VERTEX_POINT('',#8286);
#8286 = CARTESIAN_POINT('',(-30.5,42.5,-6.));
#8287 = LINE('',#8288,#8289);
#8288 = CARTESIAN_POINT('',(-30.5,42.5,-6.));
#8289 = VECTOR('',#8290,1.);
#8290 = DIRECTION('',(0.,0.,1.));
#8291 = ORIENTED_EDGE('',*,*,#8292,.T.);
#8292 = EDGE_CURVE('',#8285,#8081,#8293,.T.);
#8293 = CIRCLE('',#8294,4.);
#8294 = AXIS2_PLACEMENT_3D('',#8295,#8296,#8297);
#8295 = CARTESIAN_POINT('',(-30.5,38.5,-6.));
#8296 = DIRECTION('',(0.,0.,1.));
#8297 = DIRECTION('',(1.,0.,-0.));
#8298 = ORIENTED_EDGE('',*,*,#8088,.T.);
#8299 = ORIENTED_EDGE('',*,*,#8300,.T.);
#8300 = EDGE_CURVE('',#8089,#8106,#8301,.T.);
#8301 = B_SPLINE_CURVE_WITH_KNOTS('',5,(#8302,#8303,#8304,#8305,#8306,
    #8307,#8308,#8309,#8310,#8311,#8312,#8313,#8314,#8315,#8316,#8317,
    #8318,#8319,#8320,#8321,#8322,#8323,#8324,#8325,#8326,#8327,#8328,
    #8329,#8330,#8331,#8332,#8333,#8334,#8335,#8336,#8337,#8338,#8339,
    #8340,#8341,#8342,#8343),.UNSPECIFIED.,.F.,.F.,(6,4,4,4,4,4,4,4,4,4,
    6),(0.,0.121802965741,0.204920950611,0.272252314443,0.327187661438,
    0.500002216454,0.673024164282,0.727652382463,0.794391493765,
    0.877430907965,1.),.UNSPECIFIED.);
#8302 = CARTESIAN_POINT('',(-34.5,38.5,-4.361065758882));
#8303 = CARTESIAN_POINT('',(-34.5,38.5920476598,-4.327251206131));
#8304 = CARTESIAN_POINT('',(-34.49735225254,38.67957305847,
    -4.286266396808));
#8305 = CARTESIAN_POINT('',(-34.49257711081,38.761925860731,
    -4.23898900869));
#8306 = CARTESIAN_POINT('',(-34.48627594172,38.838605039838,
    -4.186371050442));
#8307 = CARTESIAN_POINT('',(-34.47404348838,38.957525538342,
    -4.090632592935));
#8308 = CARTESIAN_POINT('',(-34.4686243479,39.003026218852,
    -4.049757860988));
#8309 = CARTESIAN_POINT('',(-34.46291280249,39.045777644696,
    -4.007085340695));
#8310 = CARTESIAN_POINT('',(-34.4570552617,39.085778735017,
    -3.962836828759));
#8311 = CARTESIAN_POINT('',(-34.44641956832,39.153227700098,
    -3.880251711307));
#8312 = CARTESIAN_POINT('',(-34.44164704621,39.181620311144,
    -3.842384018658));
#8313 = CARTESIAN_POINT('',(-34.43692848651,39.208231100499,
    -3.803706960272));
#8314 = CARTESIAN_POINT('',(-34.43232206681,39.233072943453,
    -3.764308532475));
#8315 = CARTESIAN_POINT('',(-34.42425120553,39.274997065654,
    -3.691595737125));
#8316 = CARTESIAN_POINT('',(-34.42073270663,39.292665655639,
    -3.658496995755));
#8317 = CARTESIAN_POINT('',(-34.41734905512,39.309173485748,
    -3.625012203797));
#8318 = CARTESIAN_POINT('',(-34.41412387481,39.324527371992,
    -3.591180767652));
#8319 = CARTESIAN_POINT('',(-34.40149371488,39.383422759056,
    -3.449637363682));
#8320 = CARTESIAN_POINT('',(-34.3936768871,39.416760238561,
    -3.339150856382));
#8321 = CARTESIAN_POINT('',(-34.38825980642,39.438917659109,
    -3.226745992111));
#8322 = CARTESIAN_POINT('',(-34.38555015409,39.45,-3.113382044712));
#8323 = CARTESIAN_POINT('',(-34.38555015409,39.45,-2.886481886766));
#8324 = CARTESIAN_POINT('',(-34.38826631388,39.438891045707,
    -2.772981999427));
#8325 = CARTESIAN_POINT('',(-34.3936963944,39.416680444215,
    -2.660444594653));
#8326 = CARTESIAN_POINT('',(-34.40153124657,39.383262687788,
    -2.549832446122));
#8327 = CARTESIAN_POINT('',(-34.41416704133,39.32432130665,
    -2.40837050605));
#8328 = CARTESIAN_POINT('',(-34.41737564983,39.309042347672,
    -2.37473157317));
#8329 = CARTESIAN_POINT('',(-34.42074082237,39.292622272752,
    -2.341435647363));
#8330 = CARTESIAN_POINT('',(-34.42423932268,39.275054378102,
    -2.308521482735));
#8331 = CARTESIAN_POINT('',(-34.43224907984,39.233457421407,
    -2.236336714566));
#8332 = CARTESIAN_POINT('',(-34.43681283595,39.208859756704,
    -2.197275098956));
#8333 = CARTESIAN_POINT('',(-34.4414874379,39.182524319825,
    -2.158921185367));
#8334 = CARTESIAN_POINT('',(-34.44621632633,39.154438556649,
    -2.121360552875));
#8335 = CARTESIAN_POINT('',(-34.45680566232,39.087454319871,
    -2.039060774321));
#8336 = CARTESIAN_POINT('',(-34.4626614266,39.047584891184,
    -1.994801972883));
#8337 = CARTESIAN_POINT('',(-34.46837508695,39.004970455029,
    -1.952110705678));
#8338 = CARTESIAN_POINT('',(-34.47380098139,38.959611809697,
    -1.911207696698));
#8339 = CARTESIAN_POINT('',(-34.48611625852,38.840542661494,
    -1.814960664376));
#8340 = CARTESIAN_POINT('',(-34.49248635216,38.763486440187,
    -1.761907924913));
#8341 = CARTESIAN_POINT('',(-34.49731869925,38.680678726536,
    -1.714251696836));
#8342 = CARTESIAN_POINT('',(-34.5,38.592629059919,-1.672962376539));
#8343 = CARTESIAN_POINT('',(-34.5,38.5,-1.638934241118));
#8344 = ORIENTED_EDGE('',*,*,#8114,.T.);
#8345 = CYLINDRICAL_SURFACE('',#8346,4.);
#8346 = AXIS2_PLACEMENT_3D('',#8347,#8348,#8349);
#8347 = CARTESIAN_POINT('',(-30.5,38.5,-6.));
#8348 = DIRECTION('',(0.,0.,1.));
#8349 = DIRECTION('',(1.,0.,-0.));
#8350 = ADVANCED_FACE('',(#8351),#8372,.F.);
#8351 = FACE_BOUND('',#8352,.F.);
#8352 = EDGE_LOOP('',(#8353,#8361,#8368,#8369,#8370,#8371));
#8353 = ORIENTED_EDGE('',*,*,#8354,.T.);
#8354 = EDGE_CURVE('',#8097,#8355,#8357,.T.);
#8355 = VERTEX_POINT('',#8356);
#8356 = CARTESIAN_POINT('',(-28.4,38.,-1.55));
#8357 = LINE('',#8358,#8359);
#8358 = CARTESIAN_POINT('',(-34.6,38.,-1.55));
#8359 = VECTOR('',#8360,1.);
#8360 = DIRECTION('',(1.,0.,0.));
#8361 = ORIENTED_EDGE('',*,*,#8362,.F.);
#8362 = EDGE_CURVE('',#8355,#8355,#8363,.T.);
#8363 = CIRCLE('',#8364,1.45);
#8364 = AXIS2_PLACEMENT_3D('',#8365,#8366,#8367);
#8365 = CARTESIAN_POINT('',(-28.4,38.,-3.));
#8366 = DIRECTION('',(1.,0.,0.));
#8367 = DIRECTION('',(-0.,0.,1.));
#8368 = ORIENTED_EDGE('',*,*,#8354,.F.);
#8369 = ORIENTED_EDGE('',*,*,#8096,.T.);
#8370 = ORIENTED_EDGE('',*,*,#8300,.T.);
#8371 = ORIENTED_EDGE('',*,*,#8105,.T.);
#8372 = CYLINDRICAL_SURFACE('',#8373,1.45);
#8373 = AXIS2_PLACEMENT_3D('',#8374,#8375,#8376);
#8374 = CARTESIAN_POINT('',(-34.6,38.,-3.));
#8375 = DIRECTION('',(1.,0.,0.));
#8376 = DIRECTION('',(-0.,0.,1.));
#8377 = ADVANCED_FACE('',(#8378),#8397,.F.);
#8378 = FACE_BOUND('',#8379,.F.);
#8379 = EDGE_LOOP('',(#8380,#8388,#8395,#8396));
#8380 = ORIENTED_EDGE('',*,*,#8381,.T.);
#8381 = EDGE_CURVE('',#8131,#8382,#8384,.T.);
#8382 = VERTEX_POINT('',#8383);
#8383 = CARTESIAN_POINT('',(-27.4,-7.,-1.55));
#8384 = LINE('',#8385,#8386);
#8385 = CARTESIAN_POINT('',(-34.6,-7.,-1.55));
#8386 = VECTOR('',#8387,1.);
#8387 = DIRECTION('',(1.,0.,0.));
#8388 = ORIENTED_EDGE('',*,*,#8389,.F.);
#8389 = EDGE_CURVE('',#8382,#8382,#8390,.T.);
#8390 = CIRCLE('',#8391,1.45);
#8391 = AXIS2_PLACEMENT_3D('',#8392,#8393,#8394);
#8392 = CARTESIAN_POINT('',(-27.4,-7.,-3.));
#8393 = DIRECTION('',(1.,0.,0.));
#8394 = DIRECTION('',(-0.,0.,1.));
#8395 = ORIENTED_EDGE('',*,*,#8381,.F.);
#8396 = ORIENTED_EDGE('',*,*,#8130,.T.);
#8397 = CYLINDRICAL_SURFACE('',#8398,1.45);
#8398 = AXIS2_PLACEMENT_3D('',#8399,#8400,#8401);
#8399 = CARTESIAN_POINT('',(-34.6,-7.,-3.));
#8400 = DIRECTION('',(1.,0.,0.));
#8401 = DIRECTION('',(-0.,0.,1.));
#8402 = ADVANCED_FACE('',(#8403),#8428,.T.);
#8403 = FACE_BOUND('',#8404,.T.);
#8404 = EDGE_LOOP('',(#8405,#8413,#8414,#8422));
#8405 = ORIENTED_EDGE('',*,*,#8406,.F.);
#8406 = EDGE_CURVE('',#8285,#8407,#8409,.T.);
#8407 = VERTEX_POINT('',#8408);
#8408 = CARTESIAN_POINT('',(30.5,42.5,-6.));
#8409 = LINE('',#8410,#8411);
#8410 = CARTESIAN_POINT('',(-30.5,42.5,-6.));
#8411 = VECTOR('',#8412,1.);
#8412 = DIRECTION('',(1.,0.,-0.));
#8413 = ORIENTED_EDGE('',*,*,#8284,.T.);
#8414 = ORIENTED_EDGE('',*,*,#8415,.T.);
#8415 = EDGE_CURVE('',#8276,#8416,#8418,.T.);
#8416 = VERTEX_POINT('',#8417);
#8417 = CARTESIAN_POINT('',(30.5,42.5,0.));
#8418 = LINE('',#8419,#8420);
#8419 = CARTESIAN_POINT('',(-30.5,42.5,0.));
#8420 = VECTOR('',#8421,1.);
#8421 = DIRECTION('',(1.,0.,-0.));
#8422 = ORIENTED_EDGE('',*,*,#8423,.F.);
#8423 = EDGE_CURVE('',#8407,#8416,#8424,.T.);
#8424 = LINE('',#8425,#8426);
#8425 = CARTESIAN_POINT('',(30.5,42.5,-6.));
#8426 = VECTOR('',#8427,1.);
#8427 = DIRECTION('',(0.,0.,1.));
#8428 = PLANE('',#8429);
#8429 = AXIS2_PLACEMENT_3D('',#8430,#8431,#8432);
#8430 = CARTESIAN_POINT('',(-30.5,42.5,-6.));
#8431 = DIRECTION('',(-0.,1.,0.));
#8432 = DIRECTION('',(0.,0.,1.));
#8433 = ADVANCED_FACE('',(#8434),#8459,.F.);
#8434 = FACE_BOUND('',#8435,.F.);
#8435 = EDGE_LOOP('',(#8436,#8444,#8445,#8453));
#8436 = ORIENTED_EDGE('',*,*,#8437,.F.);
#8437 = EDGE_CURVE('',#8191,#8438,#8440,.T.);
#8438 = VERTEX_POINT('',#8439);
#8439 = CARTESIAN_POINT('',(30.5,-42.5,-6.));
#8440 = LINE('',#8441,#8442);
#8441 = CARTESIAN_POINT('',(-30.5,-42.5,-6.));
#8442 = VECTOR('',#8443,1.);
#8443 = DIRECTION('',(1.,0.,-0.));
#8444 = ORIENTED_EDGE('',*,*,#8198,.T.);
#8445 = ORIENTED_EDGE('',*,*,#8446,.T.);
#8446 = EDGE_CURVE('',#8199,#8447,#8449,.T.);
#8447 = VERTEX_POINT('',#8448);
#8448 = CARTESIAN_POINT('',(30.5,-42.5,0.));
#8449 = LINE('',#8450,#8451);
#8450 = CARTESIAN_POINT('',(-30.5,-42.5,0.));
#8451 = VECTOR('',#8452,1.);
#8452 = DIRECTION('',(1.,0.,-0.));
#8453 = ORIENTED_EDGE('',*,*,#8454,.F.);
#8454 = EDGE_CURVE('',#8438,#8447,#8455,.T.);
#8455 = LINE('',#8456,#8457);
#8456 = CARTESIAN_POINT('',(30.5,-42.5,-6.));
#8457 = VECTOR('',#8458,1.);
#8458 = DIRECTION('',(0.,0.,1.));
#8459 = PLANE('',#8460);
#8460 = AXIS2_PLACEMENT_3D('',#8461,#8462,#8463);
#8461 = CARTESIAN_POINT('',(-30.5,-42.5,-6.));
#8462 = DIRECTION('',(-0.,1.,0.));
#8463 = DIRECTION('',(0.,0.,1.));
#8464 = ADVANCED_FACE('',(#8465),#8468,.F.);
#8465 = FACE_BOUND('',#8466,.F.);
#8466 = EDGE_LOOP('',(#8467));
#8467 = ORIENTED_EDGE('',*,*,#8362,.T.);
#8468 = PLANE('',#8469);
#8469 = AXIS2_PLACEMENT_3D('',#8470,#8471,#8472);
#8470 = CARTESIAN_POINT('',(-28.4,38.,-3.));
#8471 = DIRECTION('',(1.,0.,0.));
#8472 = DIRECTION('',(-0.,0.,1.));
#8473 = ADVANCED_FACE('',(#8474),#8477,.F.);
#8474 = FACE_BOUND('',#8475,.F.);
#8475 = EDGE_LOOP('',(#8476));
#8476 = ORIENTED_EDGE('',*,*,#8389,.T.);
#8477 = PLANE('',#8478);
#8478 = AXIS2_PLACEMENT_3D('',#8479,#8480,#8481);
#8479 = CARTESIAN_POINT('',(-27.4,-7.,-3.));
#8480 = DIRECTION('',(1.,0.,0.));
#8481 = DIRECTION('',(-0.,0.,1.));
#8482 = ADVANCED_FACE('',(#8483),#8565,.T.);
#8483 = FACE_BOUND('',#8484,.T.);
#8484 = EDGE_LOOP('',(#8485,#8494,#8502,#8549,#8557,#8564));
#8485 = ORIENTED_EDGE('',*,*,#8486,.F.);
#8486 = EDGE_CURVE('',#8487,#8416,#8489,.T.);
#8487 = VERTEX_POINT('',#8488);
#8488 = CARTESIAN_POINT('',(34.5,38.5,0.));
#8489 = CIRCLE('',#8490,4.);
#8490 = AXIS2_PLACEMENT_3D('',#8491,#8492,#8493);
#8491 = CARTESIAN_POINT('',(30.5,38.5,0.));
#8492 = DIRECTION('',(0.,0.,1.));
#8493 = DIRECTION('',(1.,0.,-0.));
#8494 = ORIENTED_EDGE('',*,*,#8495,.F.);
#8495 = EDGE_CURVE('',#8496,#8487,#8498,.T.);
#8496 = VERTEX_POINT('',#8497);
#8497 = CARTESIAN_POINT('',(34.5,38.5,-1.638934241118));
#8498 = LINE('',#8499,#8500);
#8499 = CARTESIAN_POINT('',(34.5,38.5,-6.));
#8500 = VECTOR('',#8501,1.);
#8501 = DIRECTION('',(0.,0.,1.));
#8502 = ORIENTED_EDGE('',*,*,#8503,.T.);
#8503 = EDGE_CURVE('',#8496,#8504,#8506,.T.);
#8504 = VERTEX_POINT('',#8505);
#8505 = CARTESIAN_POINT('',(34.5,38.5,-4.361065758882));
#8506 = B_SPLINE_CURVE_WITH_KNOTS('',5,(#8507,#8508,#8509,#8510,#8511,
    #8512,#8513,#8514,#8515,#8516,#8517,#8518,#8519,#8520,#8521,#8522,
    #8523,#8524,#8525,#8526,#8527,#8528,#8529,#8530,#8531,#8532,#8533,
    #8534,#8535,#8536,#8537,#8538,#8539,#8540,#8541,#8542,#8543,#8544,
    #8545,#8546,#8547,#8548),.UNSPECIFIED.,.F.,.F.,(6,4,4,4,4,4,4,4,4,4,
    6),(0.,0.121802965742,0.204920950613,0.272252314445,0.327187661441,
    0.500002216458,0.673024164287,0.72765238247,0.794391493772,
    0.877430907973,1.),.UNSPECIFIED.);
#8507 = CARTESIAN_POINT('',(34.5,38.5,-1.638934241118));
#8508 = CARTESIAN_POINT('',(34.5,38.5920476598,-1.672748793869));
#8509 = CARTESIAN_POINT('',(34.497352252546,38.67957305847,
    -1.713733603192));
#8510 = CARTESIAN_POINT('',(34.492577110815,38.761925860731,
    -1.76101099131));
#8511 = CARTESIAN_POINT('',(34.48627594172,38.838605039838,
    -1.813628949558));
#8512 = CARTESIAN_POINT('',(34.47404348838,38.957525538342,
    -1.909367407064));
#8513 = CARTESIAN_POINT('',(34.468624347904,39.003026218852,
    -1.950242139012));
#8514 = CARTESIAN_POINT('',(34.462912802496,39.045777644696,
    -1.992914659305));
#8515 = CARTESIAN_POINT('',(34.457055261708,39.085778735017,
    -2.037163171241));
#8516 = CARTESIAN_POINT('',(34.44641956832,39.153227700098,
    -2.119748288693));
#8517 = CARTESIAN_POINT('',(34.441647046213,39.181620311144,
    -2.157615981342));
#8518 = CARTESIAN_POINT('',(34.436928486517,39.208231100499,
    -2.196293039728));
#8519 = CARTESIAN_POINT('',(34.432322066817,39.233072943453,
    -2.235691467525));
#8520 = CARTESIAN_POINT('',(34.424251205531,39.274997065654,
    -2.308404262875));
#8521 = CARTESIAN_POINT('',(34.420732706639,39.292665655639,
    -2.341503004245));
#8522 = CARTESIAN_POINT('',(34.417349055124,39.309173485748,
    -2.374987796203));
#8523 = CARTESIAN_POINT('',(34.414123874817,39.324527371992,
    -2.408819232348));
#8524 = CARTESIAN_POINT('',(34.401493714882,39.383422759056,
    -2.550362636318));
#8525 = CARTESIAN_POINT('',(34.393676887101,39.416760238561,
    -2.660849143618));
#8526 = CARTESIAN_POINT('',(34.38825980642,39.438917659109,
    -2.773254007889));
#8527 = CARTESIAN_POINT('',(34.385550154097,39.45,-2.886617955288));
#8528 = CARTESIAN_POINT('',(34.385550154097,39.45,-3.113518113234));
#8529 = CARTESIAN_POINT('',(34.388266313887,39.438891045707,
    -3.227018000573));
#8530 = CARTESIAN_POINT('',(34.393696394406,39.416680444215,
    -3.339555405347));
#8531 = CARTESIAN_POINT('',(34.401531246572,39.383262687788,
    -3.450167553878));
#8532 = CARTESIAN_POINT('',(34.414167041334,39.32432130665,
    -3.59162949395));
#8533 = CARTESIAN_POINT('',(34.417375649833,39.309042347672,
    -3.62526842683));
#8534 = CARTESIAN_POINT('',(34.420740822375,39.292622272751,
    -3.658564352637));
#8535 = CARTESIAN_POINT('',(34.424239322683,39.275054378102,
    -3.691478517265));
#8536 = CARTESIAN_POINT('',(34.432249079844,39.233457421407,
    -3.763663285434));
#8537 = CARTESIAN_POINT('',(34.43681283595,39.208859756704,
    -3.802724901044));
#8538 = CARTESIAN_POINT('',(34.441487437909,39.182524319825,
    -3.841078814633));
#8539 = CARTESIAN_POINT('',(34.446216326337,39.154438556649,
    -3.878639447125));
#8540 = CARTESIAN_POINT('',(34.456805662326,39.087454319871,
    -3.960939225679));
#8541 = CARTESIAN_POINT('',(34.4626614266,39.047584891184,
    -4.005198027117));
#8542 = CARTESIAN_POINT('',(34.468375086954,39.004970455029,
    -4.047889294322));
#8543 = CARTESIAN_POINT('',(34.473800981396,38.959611809697,
    -4.088792303302));
#8544 = CARTESIAN_POINT('',(34.486116258523,38.8405426615,
    -4.185039335619));
#8545 = CARTESIAN_POINT('',(34.492486352161,38.763486440183,
    -4.238092075092));
#8546 = CARTESIAN_POINT('',(34.497318699256,38.680678726529,
    -4.285748303165));
#8547 = CARTESIAN_POINT('',(34.5,38.592629059928,-4.327037623458));
#8548 = CARTESIAN_POINT('',(34.5,38.5,-4.361065758882));
#8549 = ORIENTED_EDGE('',*,*,#8550,.F.);
#8550 = EDGE_CURVE('',#8551,#8504,#8553,.T.);
#8551 = VERTEX_POINT('',#8552);
#8552 = CARTESIAN_POINT('',(34.5,38.5,-6.));
#8553 = LINE('',#8554,#8555);
#8554 = CARTESIAN_POINT('',(34.5,38.5,-6.));
#8555 = VECTOR('',#8556,1.);
#8556 = DIRECTION('',(0.,0.,1.));
#8557 = ORIENTED_EDGE('',*,*,#8558,.T.);
#8558 = EDGE_CURVE('',#8551,#8407,#8559,.T.);
#8559 = CIRCLE('',#8560,4.);
#8560 = AXIS2_PLACEMENT_3D('',#8561,#8562,#8563);
#8561 = CARTESIAN_POINT('',(30.5,38.5,-6.));
#8562 = DIRECTION('',(0.,0.,1.));
#8563 = DIRECTION('',(1.,0.,-0.));
#8564 = ORIENTED_EDGE('',*,*,#8423,.T.);
#8565 = CYLINDRICAL_SURFACE('',#8566,4.);
#8566 = AXIS2_PLACEMENT_3D('',#8567,#8568,#8569);
#8567 = CARTESIAN_POINT('',(30.5,38.5,-6.));
#8568 = DIRECTION('',(0.,0.,1.));
#8569 = DIRECTION('',(1.,0.,-0.));
#8570 = ADVANCED_FACE('',(#8571,#8613),#8624,.T.);
#8571 = FACE_BOUND('',#8572,.T.);
#8572 = EDGE_LOOP('',(#8573,#8583,#8589,#8590,#8599,#8606,#8607));
#8573 = ORIENTED_EDGE('',*,*,#8574,.F.);
#8574 = EDGE_CURVE('',#8575,#8577,#8579,.T.);
#8575 = VERTEX_POINT('',#8576);
#8576 = CARTESIAN_POINT('',(34.5,-38.5,-6.));
#8577 = VERTEX_POINT('',#8578);
#8578 = CARTESIAN_POINT('',(34.5,-38.5,0.));
#8579 = LINE('',#8580,#8581);
#8580 = CARTESIAN_POINT('',(34.5,-38.5,-6.));
#8581 = VECTOR('',#8582,1.);
#8582 = DIRECTION('',(0.,0.,1.));
#8583 = ORIENTED_EDGE('',*,*,#8584,.T.);
#8584 = EDGE_CURVE('',#8575,#8551,#8585,.T.);
#8585 = LINE('',#8586,#8587);
#8586 = CARTESIAN_POINT('',(34.5,-38.5,-6.));
#8587 = VECTOR('',#8588,1.);
#8588 = DIRECTION('',(-0.,1.,0.));
#8589 = ORIENTED_EDGE('',*,*,#8550,.T.);
#8590 = ORIENTED_EDGE('',*,*,#8591,.T.);
#8591 = EDGE_CURVE('',#8504,#8592,#8594,.T.);
#8592 = VERTEX_POINT('',#8593);
#8593 = CARTESIAN_POINT('',(34.5,38.,-4.45));
#8594 = CIRCLE('',#8595,1.45);
#8595 = AXIS2_PLACEMENT_3D('',#8596,#8597,#8598);
#8596 = CARTESIAN_POINT('',(34.5,38.,-3.));
#8597 = DIRECTION('',(-1.,0.,0.));
#8598 = DIRECTION('',(0.,0.,-1.));
#8599 = ORIENTED_EDGE('',*,*,#8600,.T.);
#8600 = EDGE_CURVE('',#8592,#8496,#8601,.T.);
#8601 = CIRCLE('',#8602,1.45);
#8602 = AXIS2_PLACEMENT_3D('',#8603,#8604,#8605);
#8603 = CARTESIAN_POINT('',(34.5,38.,-3.));
#8604 = DIRECTION('',(-1.,0.,0.));
#8605 = DIRECTION('',(0.,0.,-1.));
#8606 = ORIENTED_EDGE('',*,*,#8495,.T.);
#8607 = ORIENTED_EDGE('',*,*,#8608,.F.);
#8608 = EDGE_CURVE('',#8577,#8487,#8609,.T.);
#8609 = LINE('',#8610,#8611);
#8610 = CARTESIAN_POINT('',(34.5,-38.5,0.));
#8611 = VECTOR('',#8612,1.);
#8612 = DIRECTION('',(-0.,1.,0.));
#8613 = FACE_BOUND('',#8614,.T.);
#8614 = EDGE_LOOP('',(#8615));
#8615 = ORIENTED_EDGE('',*,*,#8616,.T.);
#8616 = EDGE_CURVE('',#8617,#8617,#8619,.T.);
#8617 = VERTEX_POINT('',#8618);
#8618 = CARTESIAN_POINT('',(34.5,-7.,-4.45));
#8619 = CIRCLE('',#8620,1.45);
#8620 = AXIS2_PLACEMENT_3D('',#8621,#8622,#8623);
#8621 = CARTESIAN_POINT('',(34.5,-7.,-3.));
#8622 = DIRECTION('',(-1.,0.,0.));
#8623 = DIRECTION('',(0.,0.,-1.));
#8624 = PLANE('',#8625);
#8625 = AXIS2_PLACEMENT_3D('',#8626,#8627,#8628);
#8626 = CARTESIAN_POINT('',(34.5,-38.5,-6.));
#8627 = DIRECTION('',(1.,0.,-0.));
#8628 = DIRECTION('',(0.,0.,1.));
#8629 = ADVANCED_FACE('',(#8630),#8648,.T.);
#8630 = FACE_BOUND('',#8631,.T.);
#8631 = EDGE_LOOP('',(#8632,#8639,#8640,#8647));
#8632 = ORIENTED_EDGE('',*,*,#8633,.F.);
#8633 = EDGE_CURVE('',#8447,#8577,#8634,.T.);
#8634 = CIRCLE('',#8635,4.);
#8635 = AXIS2_PLACEMENT_3D('',#8636,#8637,#8638);
#8636 = CARTESIAN_POINT('',(30.5,-38.5,0.));
#8637 = DIRECTION('',(0.,0.,1.));
#8638 = DIRECTION('',(1.,0.,-0.));
#8639 = ORIENTED_EDGE('',*,*,#8454,.F.);
#8640 = ORIENTED_EDGE('',*,*,#8641,.T.);
#8641 = EDGE_CURVE('',#8438,#8575,#8642,.T.);
#8642 = CIRCLE('',#8643,4.);
#8643 = AXIS2_PLACEMENT_3D('',#8644,#8645,#8646);
#8644 = CARTESIAN_POINT('',(30.5,-38.5,-6.));
#8645 = DIRECTION('',(0.,0.,1.));
#8646 = DIRECTION('',(1.,0.,-0.));
#8647 = ORIENTED_EDGE('',*,*,#8574,.T.);
#8648 = CYLINDRICAL_SURFACE('',#8649,4.);
#8649 = AXIS2_PLACEMENT_3D('',#8650,#8651,#8652);
#8650 = CARTESIAN_POINT('',(30.5,-38.5,-6.));
#8651 = DIRECTION('',(0.,0.,1.));
#8652 = DIRECTION('',(1.,0.,-0.));
#8653 = ADVANCED_FACE('',(#8654),#8675,.F.);
#8654 = FACE_BOUND('',#8655,.F.);
#8655 = EDGE_LOOP('',(#8656,#8664,#8671,#8672,#8673,#8674));
#8656 = ORIENTED_EDGE('',*,*,#8657,.T.);
#8657 = EDGE_CURVE('',#8592,#8658,#8660,.T.);
#8658 = VERTEX_POINT('',#8659);
#8659 = CARTESIAN_POINT('',(28.4,38.,-4.45));
#8660 = LINE('',#8661,#8662);
#8661 = CARTESIAN_POINT('',(34.6,38.,-4.45));
#8662 = VECTOR('',#8663,1.);
#8663 = DIRECTION('',(-1.,0.,0.));
#8664 = ORIENTED_EDGE('',*,*,#8665,.F.);
#8665 = EDGE_CURVE('',#8658,#8658,#8666,.T.);
#8666 = CIRCLE('',#8667,1.45);
#8667 = AXIS2_PLACEMENT_3D('',#8668,#8669,#8670);
#8668 = CARTESIAN_POINT('',(28.4,38.,-3.));
#8669 = DIRECTION('',(-1.,0.,0.));
#8670 = DIRECTION('',(0.,0.,-1.));
#8671 = ORIENTED_EDGE('',*,*,#8657,.F.);
#8672 = ORIENTED_EDGE('',*,*,#8600,.T.);
#8673 = ORIENTED_EDGE('',*,*,#8503,.T.);
#8674 = ORIENTED_EDGE('',*,*,#8591,.T.);
#8675 = CYLINDRICAL_SURFACE('',#8676,1.45);
#8676 = AXIS2_PLACEMENT_3D('',#8677,#8678,#8679);
#8677 = CARTESIAN_POINT('',(34.6,38.,-3.));
#8678 = DIRECTION('',(-1.,0.,0.));
#8679 = DIRECTION('',(0.,0.,-1.));
#8680 = ADVANCED_FACE('',(#8681),#8700,.F.);
#8681 = FACE_BOUND('',#8682,.F.);
#8682 = EDGE_LOOP('',(#8683,#8691,#8698,#8699));
#8683 = ORIENTED_EDGE('',*,*,#8684,.T.);
#8684 = EDGE_CURVE('',#8617,#8685,#8687,.T.);
#8685 = VERTEX_POINT('',#8686);
#8686 = CARTESIAN_POINT('',(27.4,-7.,-4.45));
#8687 = LINE('',#8688,#8689);
#8688 = CARTESIAN_POINT('',(34.6,-7.,-4.45));
#8689 = VECTOR('',#8690,1.);
#8690 = DIRECTION('',(-1.,0.,0.));
#8691 = ORIENTED_EDGE('',*,*,#8692,.F.);
#8692 = EDGE_CURVE('',#8685,#8685,#8693,.T.);
#8693 = CIRCLE('',#8694,1.45);
#8694 = AXIS2_PLACEMENT_3D('',#8695,#8696,#8697);
#8695 = CARTESIAN_POINT('',(27.4,-7.,-3.));
#8696 = DIRECTION('',(-1.,0.,0.));
#8697 = DIRECTION('',(0.,0.,-1.));
#8698 = ORIENTED_EDGE('',*,*,#8684,.F.);
#8699 = ORIENTED_EDGE('',*,*,#8616,.T.);
#8700 = CYLINDRICAL_SURFACE('',#8701,1.45);
#8701 = AXIS2_PLACEMENT_3D('',#8702,#8703,#8704);
#8702 = CARTESIAN_POINT('',(34.6,-7.,-3.));
#8703 = DIRECTION('',(-1.,0.,0.));
#8704 = DIRECTION('',(0.,0.,-1.));
#8705 = ADVANCED_FACE('',(#8706),#8709,.F.);
#8706 = FACE_BOUND('',#8707,.F.);
#8707 = EDGE_LOOP('',(#8708));
#8708 = ORIENTED_EDGE('',*,*,#8665,.T.);
#8709 = PLANE('',#8710);
#8710 = AXIS2_PLACEMENT_3D('',#8711,#8712,#8713);
#8711 = CARTESIAN_POINT('',(28.4,38.,-3.));
#8712 = DIRECTION('',(-1.,0.,0.));
#8713 = DIRECTION('',(0.,0.,-1.));
#8714 = ADVANCED_FACE('',(#8715),#8718,.F.);
#8715 = FACE_BOUND('',#8716,.F.);
#8716 = EDGE_LOOP('',(#8717));
#8717 = ORIENTED_EDGE('',*,*,#8692,.T.);
#8718 = PLANE('',#8719);
#8719 = AXIS2_PLACEMENT_3D('',#8720,#8721,#8722);
#8720 = CARTESIAN_POINT('',(27.4,-7.,-3.));
#8721 = DIRECTION('',(-1.,0.,0.));
#8722 = DIRECTION('',(0.,0.,-1.));
#8723 = ADVANCED_FACE('',(#8724,#8740,#8810,#8821,#8832,#8843),#8854,.T.
  );
#8724 = FACE_BOUND('',#8725,.T.);
#8725 = EDGE_LOOP('',(#8726,#8727,#8728,#8729,#8730,#8731,#8732,#8733,
    #8734,#8735,#8736,#8737,#8738,#8739));
#8726 = ORIENTED_EDGE('',*,*,#8046,.T.);
#8727 = ORIENTED_EDGE('',*,*,#8031,.T.);
#8728 = ORIENTED_EDGE('',*,*,#7993,.T.);
#8729 = ORIENTED_EDGE('',*,*,#8164,.T.);
#8730 = ORIENTED_EDGE('',*,*,#8260,.T.);
#8731 = ORIENTED_EDGE('',*,*,#8230,.T.);
#8732 = ORIENTED_EDGE('',*,*,#8206,.T.);
#8733 = ORIENTED_EDGE('',*,*,#8446,.T.);
#8734 = ORIENTED_EDGE('',*,*,#8633,.T.);
#8735 = ORIENTED_EDGE('',*,*,#8608,.T.);
#8736 = ORIENTED_EDGE('',*,*,#8486,.T.);
#8737 = ORIENTED_EDGE('',*,*,#8415,.F.);
#8738 = ORIENTED_EDGE('',*,*,#8275,.T.);
#8739 = ORIENTED_EDGE('',*,*,#8122,.F.);
#8740 = FACE_BOUND('',#8741,.T.);
#8741 = EDGE_LOOP('',(#8742,#8753,#8761,#8770,#8778,#8787,#8795,#8804));
#8742 = ORIENTED_EDGE('',*,*,#8743,.F.);
#8743 = EDGE_CURVE('',#8744,#8746,#8748,.T.);
#8744 = VERTEX_POINT('',#8745);
#8745 = CARTESIAN_POINT('',(-16.,-6.,0.));
#8746 = VERTEX_POINT('',#8747);
#8747 = CARTESIAN_POINT('',(-12.,-10.,0.));
#8748 = CIRCLE('',#8749,4.);
#8749 = AXIS2_PLACEMENT_3D('',#8750,#8751,#8752);
#8750 = CARTESIAN_POINT('',(-12.,-6.,0.));
#8751 = DIRECTION('',(0.,0.,1.));
#8752 = DIRECTION('',(1.,0.,-0.));
#8753 = ORIENTED_EDGE('',*,*,#8754,.T.);
#8754 = EDGE_CURVE('',#8744,#8755,#8757,.T.);
#8755 = VERTEX_POINT('',#8756);
#8756 = CARTESIAN_POINT('',(-16.,6.,0.));
#8757 = LINE('',#8758,#8759);
#8758 = CARTESIAN_POINT('',(-16.,-24.25,0.));
#8759 = VECTOR('',#8760,1.);
#8760 = DIRECTION('',(-0.,1.,0.));
#8761 = ORIENTED_EDGE('',*,*,#8762,.F.);
#8762 = EDGE_CURVE('',#8763,#8755,#8765,.T.);
#8763 = VERTEX_POINT('',#8764);
#8764 = CARTESIAN_POINT('',(-12.,10.,0.));
#8765 = CIRCLE('',#8766,4.);
#8766 = AXIS2_PLACEMENT_3D('',#8767,#8768,#8769);
#8767 = CARTESIAN_POINT('',(-12.,6.,0.));
#8768 = DIRECTION('',(0.,0.,1.));
#8769 = DIRECTION('',(1.,0.,-0.));
#8770 = ORIENTED_EDGE('',*,*,#8771,.F.);
#8771 = EDGE_CURVE('',#8772,#8763,#8774,.T.);
#8772 = VERTEX_POINT('',#8773);
#8773 = CARTESIAN_POINT('',(12.,10.,0.));
#8774 = LINE('',#8775,#8776);
#8775 = CARTESIAN_POINT('',(-21.25,10.,0.));
#8776 = VECTOR('',#8777,1.);
#8777 = DIRECTION('',(-1.,-0.,0.));
#8778 = ORIENTED_EDGE('',*,*,#8779,.F.);
#8779 = EDGE_CURVE('',#8780,#8772,#8782,.T.);
#8780 = VERTEX_POINT('',#8781);
#8781 = CARTESIAN_POINT('',(16.,6.,0.));
#8782 = CIRCLE('',#8783,4.);
#8783 = AXIS2_PLACEMENT_3D('',#8784,#8785,#8786);
#8784 = CARTESIAN_POINT('',(12.,6.,0.));
#8785 = DIRECTION('',(0.,0.,1.));
#8786 = DIRECTION('',(1.,0.,-0.));
#8787 = ORIENTED_EDGE('',*,*,#8788,.F.);
#8788 = EDGE_CURVE('',#8789,#8780,#8791,.T.);
#8789 = VERTEX_POINT('',#8790);
#8790 = CARTESIAN_POINT('',(16.,-6.,0.));
#8791 = LINE('',#8792,#8793);
#8792 = CARTESIAN_POINT('',(16.,-24.25,0.));
#8793 = VECTOR('',#8794,1.);
#8794 = DIRECTION('',(-0.,1.,0.));
#8795 = ORIENTED_EDGE('',*,*,#8796,.F.);
#8796 = EDGE_CURVE('',#8797,#8789,#8799,.T.);
#8797 = VERTEX_POINT('',#8798);
#8798 = CARTESIAN_POINT('',(12.,-10.,0.));
#8799 = CIRCLE('',#8800,4.);
#8800 = AXIS2_PLACEMENT_3D('',#8801,#8802,#8803);
#8801 = CARTESIAN_POINT('',(12.,-6.,0.));
#8802 = DIRECTION('',(0.,0.,1.));
#8803 = DIRECTION('',(1.,0.,-0.));
#8804 = ORIENTED_EDGE('',*,*,#8805,.T.);
#8805 = EDGE_CURVE('',#8797,#8746,#8806,.T.);
#8806 = LINE('',#8807,#8808);
#8807 = CARTESIAN_POINT('',(-21.25,-10.,0.));
#8808 = VECTOR('',#8809,1.);
#8809 = DIRECTION('',(-1.,-0.,0.));
#8810 = FACE_BOUND('',#8811,.T.);
#8811 = EDGE_LOOP('',(#8812));
#8812 = ORIENTED_EDGE('',*,*,#8813,.F.);
#8813 = EDGE_CURVE('',#8814,#8814,#8816,.T.);
#8814 = VERTEX_POINT('',#8815);
#8815 = CARTESIAN_POINT('',(-16.25,-24.,0.));
#8816 = CIRCLE('',#8817,1.75);
#8817 = AXIS2_PLACEMENT_3D('',#8818,#8819,#8820);
#8818 = CARTESIAN_POINT('',(-18.,-24.,0.));
#8819 = DIRECTION('',(0.,0.,1.));
#8820 = DIRECTION('',(1.,0.,-0.));
#8821 = FACE_BOUND('',#8822,.T.);
#8822 = EDGE_LOOP('',(#8823));
#8823 = ORIENTED_EDGE('',*,*,#8824,.F.);
#8824 = EDGE_CURVE('',#8825,#8825,#8827,.T.);
#8825 = VERTEX_POINT('',#8826);
#8826 = CARTESIAN_POINT('',(19.75,-24.,0.));
#8827 = CIRCLE('',#8828,1.75);
#8828 = AXIS2_PLACEMENT_3D('',#8829,#8830,#8831);
#8829 = CARTESIAN_POINT('',(18.,-24.,0.));
#8830 = DIRECTION('',(0.,0.,1.));
#8831 = DIRECTION('',(1.,0.,-0.));
#8832 = FACE_BOUND('',#8833,.T.);
#8833 = EDGE_LOOP('',(#8834));
#8834 = ORIENTED_EDGE('',*,*,#8835,.F.);
#8835 = EDGE_CURVE('',#8836,#8836,#8838,.T.);
#8836 = VERTEX_POINT('',#8837);
#8837 = CARTESIAN_POINT('',(-16.25,24.,0.));
#8838 = CIRCLE('',#8839,1.75);
#8839 = AXIS2_PLACEMENT_3D('',#8840,#8841,#8842);
#8840 = CARTESIAN_POINT('',(-18.,24.,0.));
#8841 = DIRECTION('',(0.,0.,1.));
#8842 = DIRECTION('',(1.,0.,-0.));
#8843 = FACE_BOUND('',#8844,.T.);
#8844 = EDGE_LOOP('',(#8845));
#8845 = ORIENTED_EDGE('',*,*,#8846,.F.);
#8846 = EDGE_CURVE('',#8847,#8847,#8849,.T.);
#8847 = VERTEX_POINT('',#8848);
#8848 = CARTESIAN_POINT('',(19.75,24.,0.));
#8849 = CIRCLE('',#8850,1.75);
#8850 = AXIS2_PLACEMENT_3D('',#8851,#8852,#8853);
#8851 = CARTESIAN_POINT('',(18.,24.,0.));
#8852 = DIRECTION('',(0.,0.,1.));
#8853 = DIRECTION('',(1.,0.,-0.));
#8854 = PLANE('',#8855);
#8855 = AXIS2_PLACEMENT_3D('',#8856,#8857,#8858);
#8856 = CARTESIAN_POINT('',(0.,-1.048731849064,0.));
#8857 = DIRECTION('',(0.,0.,1.));
#8858 = DIRECTION('',(1.,0.,-0.));
#8859 = ADVANCED_FACE('',(#8860),#8886,.F.);
#8860 = FACE_BOUND('',#8861,.F.);
#8861 = EDGE_LOOP('',(#8862,#8863,#8871,#8880));
#8862 = ORIENTED_EDGE('',*,*,#8743,.F.);
#8863 = ORIENTED_EDGE('',*,*,#8864,.F.);
#8864 = EDGE_CURVE('',#8865,#8744,#8867,.T.);
#8865 = VERTEX_POINT('',#8866);
#8866 = CARTESIAN_POINT('',(-16.,-6.,-6.));
#8867 = LINE('',#8868,#8869);
#8868 = CARTESIAN_POINT('',(-16.,-6.,-7.));
#8869 = VECTOR('',#8870,1.);
#8870 = DIRECTION('',(0.,0.,1.));
#8871 = ORIENTED_EDGE('',*,*,#8872,.T.);
#8872 = EDGE_CURVE('',#8865,#8873,#8875,.T.);
#8873 = VERTEX_POINT('',#8874);
#8874 = CARTESIAN_POINT('',(-12.,-10.,-6.));
#8875 = CIRCLE('',#8876,4.);
#8876 = AXIS2_PLACEMENT_3D('',#8877,#8878,#8879);
#8877 = CARTESIAN_POINT('',(-12.,-6.,-6.));
#8878 = DIRECTION('',(0.,0.,1.));
#8879 = DIRECTION('',(1.,0.,-0.));
#8880 = ORIENTED_EDGE('',*,*,#8881,.T.);
#8881 = EDGE_CURVE('',#8873,#8746,#8882,.T.);
#8882 = LINE('',#8883,#8884);
#8883 = CARTESIAN_POINT('',(-12.,-10.,-7.));
#8884 = VECTOR('',#8885,1.);
#8885 = DIRECTION('',(0.,0.,1.));
#8886 = CYLINDRICAL_SURFACE('',#8887,4.);
#8887 = AXIS2_PLACEMENT_3D('',#8888,#8889,#8890);
#8888 = CARTESIAN_POINT('',(-12.,-6.,-7.));
#8889 = DIRECTION('',(0.,0.,1.));
#8890 = DIRECTION('',(1.,0.,-0.));
#8891 = ADVANCED_FACE('',(#8892),#8910,.T.);
#8892 = FACE_BOUND('',#8893,.T.);
#8893 = EDGE_LOOP('',(#8894,#8902,#8903,#8904));
#8894 = ORIENTED_EDGE('',*,*,#8895,.T.);
#8895 = EDGE_CURVE('',#8896,#8873,#8898,.T.);
#8896 = VERTEX_POINT('',#8897);
#8897 = CARTESIAN_POINT('',(12.,-10.,-6.));
#8898 = LINE('',#8899,#8900);
#8899 = CARTESIAN_POINT('',(-21.25,-10.,-6.));
#8900 = VECTOR('',#8901,1.);
#8901 = DIRECTION('',(-1.,-0.,0.));
#8902 = ORIENTED_EDGE('',*,*,#8881,.T.);
#8903 = ORIENTED_EDGE('',*,*,#8805,.F.);
#8904 = ORIENTED_EDGE('',*,*,#8905,.F.);
#8905 = EDGE_CURVE('',#8896,#8797,#8906,.T.);
#8906 = LINE('',#8907,#8908);
#8907 = CARTESIAN_POINT('',(12.,-10.,-7.));
#8908 = VECTOR('',#8909,1.);
#8909 = DIRECTION('',(0.,0.,1.));
#8910 = PLANE('',#8911);
#8911 = AXIS2_PLACEMENT_3D('',#8912,#8913,#8914);
#8912 = CARTESIAN_POINT('',(-12.,-10.,-7.));
#8913 = DIRECTION('',(-0.,1.,0.));
#8914 = DIRECTION('',(0.,0.,1.));
#8915 = ADVANCED_FACE('',(#8916),#8935,.F.);
#8916 = FACE_BOUND('',#8917,.F.);
#8917 = EDGE_LOOP('',(#8918,#8919,#8920,#8929));
#8918 = ORIENTED_EDGE('',*,*,#8796,.F.);
#8919 = ORIENTED_EDGE('',*,*,#8905,.F.);
#8920 = ORIENTED_EDGE('',*,*,#8921,.T.);
#8921 = EDGE_CURVE('',#8896,#8922,#8924,.T.);
#8922 = VERTEX_POINT('',#8923);
#8923 = CARTESIAN_POINT('',(16.,-6.,-6.));
#8924 = CIRCLE('',#8925,4.);
#8925 = AXIS2_PLACEMENT_3D('',#8926,#8927,#8928);
#8926 = CARTESIAN_POINT('',(12.,-6.,-6.));
#8927 = DIRECTION('',(0.,0.,1.));
#8928 = DIRECTION('',(1.,0.,-0.));
#8929 = ORIENTED_EDGE('',*,*,#8930,.T.);
#8930 = EDGE_CURVE('',#8922,#8789,#8931,.T.);
#8931 = LINE('',#8932,#8933);
#8932 = CARTESIAN_POINT('',(16.,-6.,-7.));
#8933 = VECTOR('',#8934,1.);
#8934 = DIRECTION('',(0.,0.,1.));
#8935 = CYLINDRICAL_SURFACE('',#8936,4.);
#8936 = AXIS2_PLACEMENT_3D('',#8937,#8938,#8939);
#8937 = CARTESIAN_POINT('',(12.,-6.,-7.));
#8938 = DIRECTION('',(0.,0.,1.));
#8939 = DIRECTION('',(1.,0.,-0.));
#8940 = ADVANCED_FACE('',(#8941),#8959,.F.);
#8941 = FACE_BOUND('',#8942,.F.);
#8942 = EDGE_LOOP('',(#8943,#8944,#8952,#8958));
#8943 = ORIENTED_EDGE('',*,*,#8930,.F.);
#8944 = ORIENTED_EDGE('',*,*,#8945,.T.);
#8945 = EDGE_CURVE('',#8922,#8946,#8948,.T.);
#8946 = VERTEX_POINT('',#8947);
#8947 = CARTESIAN_POINT('',(16.,6.,-6.));
#8948 = LINE('',#8949,#8950);
#8949 = CARTESIAN_POINT('',(16.,-24.25,-6.));
#8950 = VECTOR('',#8951,1.);
#8951 = DIRECTION('',(-0.,1.,0.));
#8952 = ORIENTED_EDGE('',*,*,#8953,.T.);
#8953 = EDGE_CURVE('',#8946,#8780,#8954,.T.);
#8954 = LINE('',#8955,#8956);
#8955 = CARTESIAN_POINT('',(16.,6.,-7.));
#8956 = VECTOR('',#8957,1.);
#8957 = DIRECTION('',(0.,0.,1.));
#8958 = ORIENTED_EDGE('',*,*,#8788,.F.);
#8959 = PLANE('',#8960);
#8960 = AXIS2_PLACEMENT_3D('',#8961,#8962,#8963);
#8961 = CARTESIAN_POINT('',(16.,-6.,-7.));
#8962 = DIRECTION('',(1.,0.,-0.));
#8963 = DIRECTION('',(0.,0.,1.));
#8964 = ADVANCED_FACE('',(#8965),#8984,.F.);
#8965 = FACE_BOUND('',#8966,.F.);
#8966 = EDGE_LOOP('',(#8967,#8968,#8969,#8978));
#8967 = ORIENTED_EDGE('',*,*,#8779,.F.);
#8968 = ORIENTED_EDGE('',*,*,#8953,.F.);
#8969 = ORIENTED_EDGE('',*,*,#8970,.T.);
#8970 = EDGE_CURVE('',#8946,#8971,#8973,.T.);
#8971 = VERTEX_POINT('',#8972);
#8972 = CARTESIAN_POINT('',(12.,10.,-6.));
#8973 = CIRCLE('',#8974,4.);
#8974 = AXIS2_PLACEMENT_3D('',#8975,#8976,#8977);
#8975 = CARTESIAN_POINT('',(12.,6.,-6.));
#8976 = DIRECTION('',(0.,0.,1.));
#8977 = DIRECTION('',(1.,0.,-0.));
#8978 = ORIENTED_EDGE('',*,*,#8979,.T.);
#8979 = EDGE_CURVE('',#8971,#8772,#8980,.T.);
#8980 = LINE('',#8981,#8982);
#8981 = CARTESIAN_POINT('',(12.,10.,-7.));
#8982 = VECTOR('',#8983,1.);
#8983 = DIRECTION('',(0.,0.,1.));
#8984 = CYLINDRICAL_SURFACE('',#8985,4.);
#8985 = AXIS2_PLACEMENT_3D('',#8986,#8987,#8988);
#8986 = CARTESIAN_POINT('',(12.,6.,-7.));
#8987 = DIRECTION('',(0.,0.,1.));
#8988 = DIRECTION('',(1.,0.,-0.));
#8989 = ADVANCED_FACE('',(#8990),#9008,.F.);
#8990 = FACE_BOUND('',#8991,.F.);
#8991 = EDGE_LOOP('',(#8992,#9000,#9006,#9007));
#8992 = ORIENTED_EDGE('',*,*,#8993,.T.);
#8993 = EDGE_CURVE('',#8971,#8994,#8996,.T.);
#8994 = VERTEX_POINT('',#8995);
#8995 = CARTESIAN_POINT('',(-12.,10.,-6.));
#8996 = LINE('',#8997,#8998);
#8997 = CARTESIAN_POINT('',(-21.25,10.,-6.));
#8998 = VECTOR('',#8999,1.);
#8999 = DIRECTION('',(-1.,-0.,0.));
#9000 = ORIENTED_EDGE('',*,*,#9001,.T.);
#9001 = EDGE_CURVE('',#8994,#8763,#9002,.T.);
#9002 = LINE('',#9003,#9004);
#9003 = CARTESIAN_POINT('',(-12.,10.,-7.));
#9004 = VECTOR('',#9005,1.);
#9005 = DIRECTION('',(0.,0.,1.));
#9006 = ORIENTED_EDGE('',*,*,#8771,.F.);
#9007 = ORIENTED_EDGE('',*,*,#8979,.F.);
#9008 = PLANE('',#9009);
#9009 = AXIS2_PLACEMENT_3D('',#9010,#9011,#9012);
#9010 = CARTESIAN_POINT('',(-12.,10.,-7.));
#9011 = DIRECTION('',(-0.,1.,0.));
#9012 = DIRECTION('',(0.,0.,1.));
#9013 = ADVANCED_FACE('',(#9014),#9033,.F.);
#9014 = FACE_BOUND('',#9015,.F.);
#9015 = EDGE_LOOP('',(#9016,#9017,#9018,#9027));
#9016 = ORIENTED_EDGE('',*,*,#8762,.F.);
#9017 = ORIENTED_EDGE('',*,*,#9001,.F.);
#9018 = ORIENTED_EDGE('',*,*,#9019,.T.);
#9019 = EDGE_CURVE('',#8994,#9020,#9022,.T.);
#9020 = VERTEX_POINT('',#9021);
#9021 = CARTESIAN_POINT('',(-16.,6.,-6.));
#9022 = CIRCLE('',#9023,4.);
#9023 = AXIS2_PLACEMENT_3D('',#9024,#9025,#9026);
#9024 = CARTESIAN_POINT('',(-12.,6.,-6.));
#9025 = DIRECTION('',(0.,0.,1.));
#9026 = DIRECTION('',(1.,0.,-0.));
#9027 = ORIENTED_EDGE('',*,*,#9028,.T.);
#9028 = EDGE_CURVE('',#9020,#8755,#9029,.T.);
#9029 = LINE('',#9030,#9031);
#9030 = CARTESIAN_POINT('',(-16.,6.,-7.));
#9031 = VECTOR('',#9032,1.);
#9032 = DIRECTION('',(0.,0.,1.));
#9033 = CYLINDRICAL_SURFACE('',#9034,4.);
#9034 = AXIS2_PLACEMENT_3D('',#9035,#9036,#9037);
#9035 = CARTESIAN_POINT('',(-12.,6.,-7.));
#9036 = DIRECTION('',(0.,0.,1.));
#9037 = DIRECTION('',(1.,0.,-0.));
#9038 = ADVANCED_FACE('',(#9039),#9050,.T.);
#9039 = FACE_BOUND('',#9040,.T.);
#9040 = EDGE_LOOP('',(#9041,#9042,#9048,#9049));
#9041 = ORIENTED_EDGE('',*,*,#8864,.F.);
#9042 = ORIENTED_EDGE('',*,*,#9043,.T.);
#9043 = EDGE_CURVE('',#8865,#9020,#9044,.T.);
#9044 = LINE('',#9045,#9046);
#9045 = CARTESIAN_POINT('',(-16.,-24.25,-6.));
#9046 = VECTOR('',#9047,1.);
#9047 = DIRECTION('',(-0.,1.,0.));
#9048 = ORIENTED_EDGE('',*,*,#9028,.T.);
#9049 = ORIENTED_EDGE('',*,*,#8754,.F.);
#9050 = PLANE('',#9051);
#9051 = AXIS2_PLACEMENT_3D('',#9052,#9053,#9054);
#9052 = CARTESIAN_POINT('',(-16.,-6.,-7.));
#9053 = DIRECTION('',(1.,0.,-0.));
#9054 = DIRECTION('',(0.,0.,1.));
#9055 = ADVANCED_FACE('',(#9056),#9075,.F.);
#9056 = FACE_BOUND('',#9057,.F.);
#9057 = EDGE_LOOP('',(#9058,#9059,#9067,#9074));
#9058 = ORIENTED_EDGE('',*,*,#8813,.F.);
#9059 = ORIENTED_EDGE('',*,*,#9060,.F.);
#9060 = EDGE_CURVE('',#9061,#8814,#9063,.T.);
#9061 = VERTEX_POINT('',#9062);
#9062 = CARTESIAN_POINT('',(-16.25,-24.,-6.));
#9063 = LINE('',#9064,#9065);
#9064 = CARTESIAN_POINT('',(-16.25,-24.,-7.));
#9065 = VECTOR('',#9066,1.);
#9066 = DIRECTION('',(0.,0.,1.));
#9067 = ORIENTED_EDGE('',*,*,#9068,.T.);
#9068 = EDGE_CURVE('',#9061,#9061,#9069,.T.);
#9069 = CIRCLE('',#9070,1.75);
#9070 = AXIS2_PLACEMENT_3D('',#9071,#9072,#9073);
#9071 = CARTESIAN_POINT('',(-18.,-24.,-6.));
#9072 = DIRECTION('',(0.,0.,1.));
#9073 = DIRECTION('',(1.,0.,-0.));
#9074 = ORIENTED_EDGE('',*,*,#9060,.T.);
#9075 = CYLINDRICAL_SURFACE('',#9076,1.75);
#9076 = AXIS2_PLACEMENT_3D('',#9077,#9078,#9079);
#9077 = CARTESIAN_POINT('',(-18.,-24.,-7.));
#9078 = DIRECTION('',(0.,0.,1.));
#9079 = DIRECTION('',(1.,0.,-0.));
#9080 = ADVANCED_FACE('',(#9081),#9100,.F.);
#9081 = FACE_BOUND('',#9082,.F.);
#9082 = EDGE_LOOP('',(#9083,#9084,#9092,#9099));
#9083 = ORIENTED_EDGE('',*,*,#8824,.F.);
#9084 = ORIENTED_EDGE('',*,*,#9085,.F.);
#9085 = EDGE_CURVE('',#9086,#8825,#9088,.T.);
#9086 = VERTEX_POINT('',#9087);
#9087 = CARTESIAN_POINT('',(19.75,-24.,-6.));
#9088 = LINE('',#9089,#9090);
#9089 = CARTESIAN_POINT('',(19.75,-24.,-7.));
#9090 = VECTOR('',#9091,1.);
#9091 = DIRECTION('',(0.,0.,1.));
#9092 = ORIENTED_EDGE('',*,*,#9093,.T.);
#9093 = EDGE_CURVE('',#9086,#9086,#9094,.T.);
#9094 = CIRCLE('',#9095,1.75);
#9095 = AXIS2_PLACEMENT_3D('',#9096,#9097,#9098);
#9096 = CARTESIAN_POINT('',(18.,-24.,-6.));
#9097 = DIRECTION('',(0.,0.,1.));
#9098 = DIRECTION('',(1.,0.,-0.));
#9099 = ORIENTED_EDGE('',*,*,#9085,.T.);
#9100 = CYLINDRICAL_SURFACE('',#9101,1.75);
#9101 = AXIS2_PLACEMENT_3D('',#9102,#9103,#9104);
#9102 = CARTESIAN_POINT('',(18.,-24.,-7.));
#9103 = DIRECTION('',(0.,0.,1.));
#9104 = DIRECTION('',(1.,0.,-0.));
#9105 = ADVANCED_FACE('',(#9106),#9125,.F.);
#9106 = FACE_BOUND('',#9107,.F.);
#9107 = EDGE_LOOP('',(#9108,#9109,#9117,#9124));
#9108 = ORIENTED_EDGE('',*,*,#8835,.F.);
#9109 = ORIENTED_EDGE('',*,*,#9110,.F.);
#9110 = EDGE_CURVE('',#9111,#8836,#9113,.T.);
#9111 = VERTEX_POINT('',#9112);
#9112 = CARTESIAN_POINT('',(-16.25,24.,-6.));
#9113 = LINE('',#9114,#9115);
#9114 = CARTESIAN_POINT('',(-16.25,24.,-7.));
#9115 = VECTOR('',#9116,1.);
#9116 = DIRECTION('',(0.,0.,1.));
#9117 = ORIENTED_EDGE('',*,*,#9118,.T.);
#9118 = EDGE_CURVE('',#9111,#9111,#9119,.T.);
#9119 = CIRCLE('',#9120,1.75);
#9120 = AXIS2_PLACEMENT_3D('',#9121,#9122,#9123);
#9121 = CARTESIAN_POINT('',(-18.,24.,-6.));
#9122 = DIRECTION('',(0.,0.,1.));
#9123 = DIRECTION('',(1.,0.,-0.));
#9124 = ORIENTED_EDGE('',*,*,#9110,.T.);
#9125 = CYLINDRICAL_SURFACE('',#9126,1.75);
#9126 = AXIS2_PLACEMENT_3D('',#9127,#9128,#9129);
#9127 = CARTESIAN_POINT('',(-18.,24.,-7.));
#9128 = DIRECTION('',(0.,0.,1.));
#9129 = DIRECTION('',(1.,0.,-0.));
#9130 = ADVANCED_FACE('',(#9131),#9150,.F.);
#9131 = FACE_BOUND('',#9132,.F.);
#9132 = EDGE_LOOP('',(#9133,#9134,#9142,#9149));
#9133 = ORIENTED_EDGE('',*,*,#8846,.F.);
#9134 = ORIENTED_EDGE('',*,*,#9135,.F.);
#9135 = EDGE_CURVE('',#9136,#8847,#9138,.T.);
#9136 = VERTEX_POINT('',#9137);
#9137 = CARTESIAN_POINT('',(19.75,24.,-6.));
#9138 = LINE('',#9139,#9140);
#9139 = CARTESIAN_POINT('',(19.75,24.,-7.));
#9140 = VECTOR('',#9141,1.);
#9141 = DIRECTION('',(0.,0.,1.));
#9142 = ORIENTED_EDGE('',*,*,#9143,.T.);
#9143 = EDGE_CURVE('',#9136,#9136,#9144,.T.);
#9144 = CIRCLE('',#9145,1.75);
#9145 = AXIS2_PLACEMENT_3D('',#9146,#9147,#9148);
#9146 = CARTESIAN_POINT('',(18.,24.,-6.));
#9147 = DIRECTION('',(0.,0.,1.));
#9148 = DIRECTION('',(1.,0.,-0.));
#9149 = ORIENTED_EDGE('',*,*,#9135,.T.);
#9150 = CYLINDRICAL_SURFACE('',#9151,1.75);
#9151 = AXIS2_PLACEMENT_3D('',#9152,#9153,#9154);
#9152 = CARTESIAN_POINT('',(18.,24.,-7.));
#9153 = DIRECTION('',(0.,0.,1.));
#9154 = DIRECTION('',(1.,0.,-0.));
#9155 = ADVANCED_FACE('',(#9156,#9172,#9182,#9185,#9188,#9191),#9194,.T.
  );
#9156 = FACE_BOUND('',#9157,.T.);
#9157 = EDGE_LOOP('',(#9158,#9159,#9160,#9161,#9162,#9163,#9164,#9165,
    #9166,#9167,#9168,#9169,#9170,#9171));
#9158 = ORIENTED_EDGE('',*,*,#8063,.F.);
#9159 = ORIENTED_EDGE('',*,*,#8080,.T.);
#9160 = ORIENTED_EDGE('',*,*,#8292,.F.);
#9161 = ORIENTED_EDGE('',*,*,#8406,.T.);
#9162 = ORIENTED_EDGE('',*,*,#8558,.F.);
#9163 = ORIENTED_EDGE('',*,*,#8584,.F.);
#9164 = ORIENTED_EDGE('',*,*,#8641,.F.);
#9165 = ORIENTED_EDGE('',*,*,#8437,.F.);
#9166 = ORIENTED_EDGE('',*,*,#8190,.F.);
#9167 = ORIENTED_EDGE('',*,*,#8220,.F.);
#9168 = ORIENTED_EDGE('',*,*,#8253,.F.);
#9169 = ORIENTED_EDGE('',*,*,#8147,.F.);
#9170 = ORIENTED_EDGE('',*,*,#7975,.F.);
#9171 = ORIENTED_EDGE('',*,*,#8015,.F.);
#9172 = FACE_BOUND('',#9173,.T.);
#9173 = EDGE_LOOP('',(#9174,#9175,#9176,#9177,#9178,#9179,#9180,#9181));
#9174 = ORIENTED_EDGE('',*,*,#8872,.T.);
#9175 = ORIENTED_EDGE('',*,*,#8895,.F.);
#9176 = ORIENTED_EDGE('',*,*,#8921,.T.);
#9177 = ORIENTED_EDGE('',*,*,#8945,.T.);
#9178 = ORIENTED_EDGE('',*,*,#8970,.T.);
#9179 = ORIENTED_EDGE('',*,*,#8993,.T.);
#9180 = ORIENTED_EDGE('',*,*,#9019,.T.);
#9181 = ORIENTED_EDGE('',*,*,#9043,.F.);
#9182 = FACE_BOUND('',#9183,.T.);
#9183 = EDGE_LOOP('',(#9184));
#9184 = ORIENTED_EDGE('',*,*,#9068,.T.);
#9185 = FACE_BOUND('',#9186,.T.);
#9186 = EDGE_LOOP('',(#9187));
#9187 = ORIENTED_EDGE('',*,*,#9093,.T.);
#9188 = FACE_BOUND('',#9189,.T.);
#9189 = EDGE_LOOP('',(#9190));
#9190 = ORIENTED_EDGE('',*,*,#9118,.T.);
#9191 = FACE_BOUND('',#9192,.T.);
#9192 = EDGE_LOOP('',(#9193));
#9193 = ORIENTED_EDGE('',*,*,#9143,.T.);
#9194 = PLANE('',#9195);
#9195 = AXIS2_PLACEMENT_3D('',#9196,#9197,#9198);
#9196 = CARTESIAN_POINT('',(1.774273337743E-16,-1.048731849064,-6.));
#9197 = DIRECTION('',(-0.,-0.,-1.));
#9198 = DIRECTION('',(-1.,0.,0.));
#9199 = ( GEOMETRIC_REPRESENTATION_CONTEXT(3) 
GLOBAL_UNCERTAINTY_ASSIGNED_CONTEXT((#9203)) 
GLOBAL_UNIT_ASSIGNED_CONTEXT((#9200,#9201,#9202)) REPRESENTATION_CONTEXT
('Context #1','3D Context with UNIT and UNCERTAINTY') );
#9200 = ( LENGTH_UNIT() NAMED_UNIT(*) SI_UNIT(.MILLI.,.METRE.) );
#9201 = ( NAMED_UNIT(*) PLANE_ANGLE_UNIT() SI_UNIT($,.RADIAN.) );
#9202 = ( NAMED_UNIT(*) SI_UNIT($,.STERADIAN.) SOLID_ANGLE_UNIT() );
#9203 = UNCERTAINTY_MEASURE_WITH_UNIT(LENGTH_MEASURE(1.E-07),#9200,
  'distance_accuracy_value','confusion accuracy');
#9204 = CONTEXT_DEPENDENT_SHAPE_REPRESENTATION(#9205,#9207);
#9205 = ( REPRESENTATION_RELATIONSHIP('','',#7968,#10) 
REPRESENTATION_RELATIONSHIP_WITH_TRANSFORMATION(#9206) 
SHAPE_REPRESENTATION_RELATIONSHIP() );
#9206 = ITEM_DEFINED_TRANSFORMATION('','',#11,#27);
#9207 = PRODUCT_DEFINITION_SHAPE('Placement','Placement of an item',
  #9208);
#9208 = NEXT_ASSEMBLY_USAGE_OCCURRENCE('4','Part A radar plate','',#5,
  #7963,$);
#9209 = PRODUCT_RELATED_PRODUCT_CATEGORY('part',$,(#7965));
ENDSEC;
END-ISO-10303-21;
