ISO-10303-21;
HEADER;
FILE_DESCRIPTION(('FreeCAD Model'),'2;1');
FILE_NAME('Open CASCADE Shape Model','2026-09-03T11:43:12',('Author'),(
    ''),'Open CASCADE STEP processor 7.8','FreeCAD','Unknown');
FILE_SCHEMA(('AUTOMOTIVE_DESIGN { 1 0 10303 214 1 1 1 1 }'));
ENDSEC;
DATA;
#1 = APPLICATION_PROTOCOL_DEFINITION('international standard',
  'automotive_design',2000,#2);
#2 = APPLICATION_CONTEXT(
  'core data for automotive mechanical design processes');
#3 = SHAPE_DEFINITION_REPRESENTATION(#4,#10);
#4 = PRODUCT_DEFINITION_SHAPE('','',#5);
#5 = PRODUCT_DEFINITION('design','',#6,#9);
#6 = PRODUCT_DEFINITION_FORMATION('','',#7);
#7 = PRODUCT('Part B · tilt base','Part B · tilt base','',(#8));
#8 = PRODUCT_CONTEXT('',#2,'mechanical');
#9 = PRODUCT_DEFINITION_CONTEXT('part definition',#2,'design');
#10 = ADVANCED_BREP_SHAPE_REPRESENTATION('',(#11,#15),#3406);
#11 = AXIS2_PLACEMENT_3D('',#12,#13,#14);
#12 = CARTESIAN_POINT('',(0.,0.,0.));
#13 = DIRECTION('',(0.,0.,1.));
#14 = DIRECTION('',(1.,0.,-0.));
#15 = MANIFOLD_SOLID_BREP('',#16);
#16 = CLOSED_SHELL('',(#17,#57,#449,#474,#1022,#1039,#1061,#1078,#1095,
    #1112,#1129,#1146,#1158,#1175,#1192,#1209,#1226,#1243,#1255,#1272,
    #1289,#1306,#1323,#1340,#1357,#1374,#1391,#1413,#1430,#1447,#1464,
    #1481,#1498,#1515,#1527,#1544,#1561,#1578,#1595,#1612,#1629,#1646,
    #1663,#1680,#1735,#1759,#1892,#1908,#1932,#2113,#2129,#2145,#2157,
    #2297,#2345,#2369,#2393,#2546,#2557,#2573,#2590,#2601,#2633,#2666,
    #2683,#2700,#2719,#2736,#2753,#2770,#2782,#2799,#2830,#2855,#2884,
    #2896,#2929,#2946,#2958,#2975,#3018,#3042,#3066,#3083,#3100,#3127,
    #3144,#3176,#3207,#3232,#3256,#3273,#3291,#3315,#3341,#3358,#3370,
    #3382,#3394));
#17 = ADVANCED_FACE('',(#18),#52,.T.);
#18 = FACE_BOUND('',#19,.T.);
#19 = EDGE_LOOP('',(#20,#30,#38,#46));
#20 = ORIENTED_EDGE('',*,*,#21,.F.);
#21 = EDGE_CURVE('',#22,#24,#26,.T.);
#22 = VERTEX_POINT('',#23);
#23 = CARTESIAN_POINT('',(50.,39.,0.));
#24 = VERTEX_POINT('',#25);
#25 = CARTESIAN_POINT('',(60.,39.,0.));
#26 = LINE('',#27,#28);
#27 = CARTESIAN_POINT('',(-60.,39.,0.));
#28 = VECTOR('',#29,1.);
#29 = DIRECTION('',(1.,0.,-0.));
#30 = ORIENTED_EDGE('',*,*,#31,.T.);
#31 = EDGE_CURVE('',#22,#32,#34,.T.);
#32 = VERTEX_POINT('',#33);
#33 = CARTESIAN_POINT('',(50.,39.,4.));
#34 = LINE('',#35,#36);
#35 = CARTESIAN_POINT('',(50.,39.,0.));
#36 = VECTOR('',#37,1.);
#37 = DIRECTION('',(0.,0.,1.));
#38 = ORIENTED_EDGE('',*,*,#39,.T.);
#39 = EDGE_CURVE('',#32,#40,#42,.T.);
#40 = VERTEX_POINT('',#41);
#41 = CARTESIAN_POINT('',(60.,39.,4.));
#42 = LINE('',#43,#44);
#43 = CARTESIAN_POINT('',(-60.,39.,4.));
#44 = VECTOR('',#45,1.);
#45 = DIRECTION('',(1.,0.,-0.));
#46 = ORIENTED_EDGE('',*,*,#47,.F.);
#47 = EDGE_CURVE('',#24,#40,#48,.T.);
#48 = LINE('',#49,#50);
#49 = CARTESIAN_POINT('',(60.,39.,0.));
#50 = VECTOR('',#51,1.);
#51 = DIRECTION('',(0.,0.,1.));
#52 = PLANE('',#53);
#53 = AXIS2_PLACEMENT_3D('',#54,#55,#56);
#54 = CARTESIAN_POINT('',(-60.,39.,0.));
#55 = DIRECTION('',(-0.,1.,0.));
#56 = DIRECTION('',(0.,0.,1.));
#57 = ADVANCED_FACE('',(#58,#187,#198,#209,#220,#231,#242,#253,#264,#275
    ,#345,#356,#367,#378,#389,#400,#411,#422,#433),#444,.T.);
#58 = FACE_BOUND('',#59,.T.);
#59 = EDGE_LOOP('',(#60,#71,#79,#88,#96,#105,#113,#122,#130,#139,#147,
    #154,#155,#164,#172,#181));
#60 = ORIENTED_EDGE('',*,*,#61,.F.);
#61 = EDGE_CURVE('',#62,#64,#66,.T.);
#62 = VERTEX_POINT('',#63);
#63 = CARTESIAN_POINT('',(-64.,-35.,0.));
#64 = VERTEX_POINT('',#65);
#65 = CARTESIAN_POINT('',(-60.,-39.,0.));
#66 = CIRCLE('',#67,4.);
#67 = AXIS2_PLACEMENT_3D('',#68,#69,#70);
#68 = CARTESIAN_POINT('',(-60.,-35.,0.));
#69 = DIRECTION('',(0.,0.,1.));
#70 = DIRECTION('',(1.,0.,-0.));
#71 = ORIENTED_EDGE('',*,*,#72,.T.);
#72 = EDGE_CURVE('',#62,#73,#75,.T.);
#73 = VERTEX_POINT('',#74);
#74 = CARTESIAN_POINT('',(-64.,35.,0.));
#75 = LINE('',#76,#77);
#76 = CARTESIAN_POINT('',(-64.,-35.,0.));
#77 = VECTOR('',#78,1.);
#78 = DIRECTION('',(-0.,1.,0.));
#79 = ORIENTED_EDGE('',*,*,#80,.F.);
#80 = EDGE_CURVE('',#81,#73,#83,.T.);
#81 = VERTEX_POINT('',#82);
#82 = CARTESIAN_POINT('',(-60.,39.,0.));
#83 = CIRCLE('',#84,4.);
#84 = AXIS2_PLACEMENT_3D('',#85,#86,#87);
#85 = CARTESIAN_POINT('',(-60.,35.,0.));
#86 = DIRECTION('',(0.,0.,1.));
#87 = DIRECTION('',(1.,0.,-0.));
#88 = ORIENTED_EDGE('',*,*,#89,.T.);
#89 = EDGE_CURVE('',#81,#90,#92,.T.);
#90 = VERTEX_POINT('',#91);
#91 = CARTESIAN_POINT('',(-50.,39.,0.));
#92 = LINE('',#93,#94);
#93 = CARTESIAN_POINT('',(-60.,39.,0.));
#94 = VECTOR('',#95,1.);
#95 = DIRECTION('',(1.,0.,-0.));
#96 = ORIENTED_EDGE('',*,*,#97,.T.);
#97 = EDGE_CURVE('',#90,#98,#100,.T.);
#98 = VERTEX_POINT('',#99);
#99 = CARTESIAN_POINT('',(-46.,43.,0.));
#100 = CIRCLE('',#101,4.);
#101 = AXIS2_PLACEMENT_3D('',#102,#103,#104);
#102 = CARTESIAN_POINT('',(-50.,43.,0.));
#103 = DIRECTION('',(0.,0.,1.));
#104 = DIRECTION('',(1.,0.,-0.));
#105 = ORIENTED_EDGE('',*,*,#106,.T.);
#106 = EDGE_CURVE('',#98,#107,#109,.T.);
#107 = VERTEX_POINT('',#108);
#108 = CARTESIAN_POINT('',(-46.,55.,0.));
#109 = LINE('',#110,#111);
#110 = CARTESIAN_POINT('',(-46.,43.,0.));
#111 = VECTOR('',#112,1.);
#112 = DIRECTION('',(0.,1.,0.));
#113 = ORIENTED_EDGE('',*,*,#114,.F.);
#114 = EDGE_CURVE('',#115,#107,#117,.T.);
#115 = VERTEX_POINT('',#116);
#116 = CARTESIAN_POINT('',(-42.,59.,0.));
#117 = CIRCLE('',#118,4.);
#118 = AXIS2_PLACEMENT_3D('',#119,#120,#121);
#119 = CARTESIAN_POINT('',(-42.,55.,0.));
#120 = DIRECTION('',(0.,0.,1.));
#121 = DIRECTION('',(1.,0.,0.));
#122 = ORIENTED_EDGE('',*,*,#123,.T.);
#123 = EDGE_CURVE('',#115,#124,#126,.T.);
#124 = VERTEX_POINT('',#125);
#125 = CARTESIAN_POINT('',(42.,59.,0.));
#126 = LINE('',#127,#128);
#127 = CARTESIAN_POINT('',(-42.,59.,0.));
#128 = VECTOR('',#129,1.);
#129 = DIRECTION('',(1.,0.,0.));
#130 = ORIENTED_EDGE('',*,*,#131,.F.);
#131 = EDGE_CURVE('',#132,#124,#134,.T.);
#132 = VERTEX_POINT('',#133);
#133 = CARTESIAN_POINT('',(46.,55.,0.));
#134 = CIRCLE('',#135,4.);
#135 = AXIS2_PLACEMENT_3D('',#136,#137,#138);
#136 = CARTESIAN_POINT('',(42.,55.,0.));
#137 = DIRECTION('',(0.,0.,1.));
#138 = DIRECTION('',(1.,0.,0.));
#139 = ORIENTED_EDGE('',*,*,#140,.F.);
#140 = EDGE_CURVE('',#141,#132,#143,.T.);
#141 = VERTEX_POINT('',#142);
#142 = CARTESIAN_POINT('',(46.,43.,0.));
#143 = LINE('',#144,#145);
#144 = CARTESIAN_POINT('',(46.,43.,0.));
#145 = VECTOR('',#146,1.);
#146 = DIRECTION('',(0.,1.,0.));
#147 = ORIENTED_EDGE('',*,*,#148,.T.);
#148 = EDGE_CURVE('',#141,#22,#149,.T.);
#149 = CIRCLE('',#150,4.);
#150 = AXIS2_PLACEMENT_3D('',#151,#152,#153);
#151 = CARTESIAN_POINT('',(50.,43.,0.));
#152 = DIRECTION('',(0.,0.,1.));
#153 = DIRECTION('',(1.,0.,-0.));
#154 = ORIENTED_EDGE('',*,*,#21,.T.);
#155 = ORIENTED_EDGE('',*,*,#156,.F.);
#156 = EDGE_CURVE('',#157,#24,#159,.T.);
#157 = VERTEX_POINT('',#158);
#158 = CARTESIAN_POINT('',(64.,35.,0.));
#159 = CIRCLE('',#160,4.);
#160 = AXIS2_PLACEMENT_3D('',#161,#162,#163);
#161 = CARTESIAN_POINT('',(60.,35.,0.));
#162 = DIRECTION('',(0.,0.,1.));
#163 = DIRECTION('',(1.,0.,-0.));
#164 = ORIENTED_EDGE('',*,*,#165,.F.);
#165 = EDGE_CURVE('',#166,#157,#168,.T.);
#166 = VERTEX_POINT('',#167);
#167 = CARTESIAN_POINT('',(64.,-35.,0.));
#168 = LINE('',#169,#170);
#169 = CARTESIAN_POINT('',(64.,-35.,0.));
#170 = VECTOR('',#171,1.);
#171 = DIRECTION('',(-0.,1.,0.));
#172 = ORIENTED_EDGE('',*,*,#173,.F.);
#173 = EDGE_CURVE('',#174,#166,#176,.T.);
#174 = VERTEX_POINT('',#175);
#175 = CARTESIAN_POINT('',(60.,-39.,0.));
#176 = CIRCLE('',#177,4.);
#177 = AXIS2_PLACEMENT_3D('',#178,#179,#180);
#178 = CARTESIAN_POINT('',(60.,-35.,0.));
#179 = DIRECTION('',(0.,0.,1.));
#180 = DIRECTION('',(1.,0.,-0.));
#181 = ORIENTED_EDGE('',*,*,#182,.F.);
#182 = EDGE_CURVE('',#64,#174,#183,.T.);
#183 = LINE('',#184,#185);
#184 = CARTESIAN_POINT('',(-60.,-39.,0.));
#185 = VECTOR('',#186,1.);
#186 = DIRECTION('',(1.,0.,-0.));
#187 = FACE_BOUND('',#188,.T.);
#188 = EDGE_LOOP('',(#189));
#189 = ORIENTED_EDGE('',*,*,#190,.T.);
#190 = EDGE_CURVE('',#191,#191,#193,.T.);
#191 = VERTEX_POINT('',#192);
#192 = CARTESIAN_POINT('',(60.7,-35.,0.));
#193 = CIRCLE('',#194,1.7);
#194 = AXIS2_PLACEMENT_3D('',#195,#196,#197);
#195 = CARTESIAN_POINT('',(59.,-35.,0.));
#196 = DIRECTION('',(0.,0.,1.));
#197 = DIRECTION('',(1.,0.,-0.));
#198 = FACE_BOUND('',#199,.T.);
#199 = EDGE_LOOP('',(#200));
#200 = ORIENTED_EDGE('',*,*,#201,.T.);
#201 = EDGE_CURVE('',#202,#202,#204,.T.);
#202 = VERTEX_POINT('',#203);
#203 = CARTESIAN_POINT('',(60.7,-25.,0.));
#204 = CIRCLE('',#205,1.7);
#205 = AXIS2_PLACEMENT_3D('',#206,#207,#208);
#206 = CARTESIAN_POINT('',(59.,-25.,0.));
#207 = DIRECTION('',(0.,0.,1.));
#208 = DIRECTION('',(1.,0.,-0.));
#209 = FACE_BOUND('',#210,.T.);
#210 = EDGE_LOOP('',(#211));
#211 = ORIENTED_EDGE('',*,*,#212,.T.);
#212 = EDGE_CURVE('',#213,#213,#215,.T.);
#213 = VERTEX_POINT('',#214);
#214 = CARTESIAN_POINT('',(60.7,-15.,0.));
#215 = CIRCLE('',#216,1.7);
#216 = AXIS2_PLACEMENT_3D('',#217,#218,#219);
#217 = CARTESIAN_POINT('',(59.,-15.,0.));
#218 = DIRECTION('',(0.,0.,1.));
#219 = DIRECTION('',(1.,0.,-0.));
#220 = FACE_BOUND('',#221,.T.);
#221 = EDGE_LOOP('',(#222));
#222 = ORIENTED_EDGE('',*,*,#223,.T.);
#223 = EDGE_CURVE('',#224,#224,#226,.T.);
#224 = VERTEX_POINT('',#225);
#225 = CARTESIAN_POINT('',(60.7,-5.,0.));
#226 = CIRCLE('',#227,1.7);
#227 = AXIS2_PLACEMENT_3D('',#228,#229,#230);
#228 = CARTESIAN_POINT('',(59.,-5.,0.));
#229 = DIRECTION('',(0.,0.,1.));
#230 = DIRECTION('',(1.,0.,-0.));
#231 = FACE_BOUND('',#232,.T.);
#232 = EDGE_LOOP('',(#233));
#233 = ORIENTED_EDGE('',*,*,#234,.T.);
#234 = EDGE_CURVE('',#235,#235,#237,.T.);
#235 = VERTEX_POINT('',#236);
#236 = CARTESIAN_POINT('',(60.7,5.,0.));
#237 = CIRCLE('',#238,1.7);
#238 = AXIS2_PLACEMENT_3D('',#239,#240,#241);
#239 = CARTESIAN_POINT('',(59.,5.,0.));
#240 = DIRECTION('',(0.,0.,1.));
#241 = DIRECTION('',(1.,0.,-0.));
#242 = FACE_BOUND('',#243,.T.);
#243 = EDGE_LOOP('',(#244));
#244 = ORIENTED_EDGE('',*,*,#245,.T.);
#245 = EDGE_CURVE('',#246,#246,#248,.T.);
#246 = VERTEX_POINT('',#247);
#247 = CARTESIAN_POINT('',(-57.3,-35.,0.));
#248 = CIRCLE('',#249,1.7);
#249 = AXIS2_PLACEMENT_3D('',#250,#251,#252);
#250 = CARTESIAN_POINT('',(-59.,-35.,0.));
#251 = DIRECTION('',(0.,0.,1.));
#252 = DIRECTION('',(1.,0.,-0.));
#253 = FACE_BOUND('',#254,.T.);
#254 = EDGE_LOOP('',(#255));
#255 = ORIENTED_EDGE('',*,*,#256,.T.);
#256 = EDGE_CURVE('',#257,#257,#259,.T.);
#257 = VERTEX_POINT('',#258);
#258 = CARTESIAN_POINT('',(-57.3,-25.,0.));
#259 = CIRCLE('',#260,1.7);
#260 = AXIS2_PLACEMENT_3D('',#261,#262,#263);
#261 = CARTESIAN_POINT('',(-59.,-25.,0.));
#262 = DIRECTION('',(0.,0.,1.));
#263 = DIRECTION('',(1.,0.,-0.));
#264 = FACE_BOUND('',#265,.T.);
#265 = EDGE_LOOP('',(#266));
#266 = ORIENTED_EDGE('',*,*,#267,.T.);
#267 = EDGE_CURVE('',#268,#268,#270,.T.);
#268 = VERTEX_POINT('',#269);
#269 = CARTESIAN_POINT('',(-57.3,-15.,0.));
#270 = CIRCLE('',#271,1.7);
#271 = AXIS2_PLACEMENT_3D('',#272,#273,#274);
#272 = CARTESIAN_POINT('',(-59.,-15.,0.));
#273 = DIRECTION('',(0.,0.,1.));
#274 = DIRECTION('',(1.,0.,-0.));
#275 = FACE_BOUND('',#276,.T.);
#276 = EDGE_LOOP('',(#277,#288,#296,#305,#313,#322,#330,#339));
#277 = ORIENTED_EDGE('',*,*,#278,.T.);
#278 = EDGE_CURVE('',#279,#281,#283,.T.);
#279 = VERTEX_POINT('',#280);
#280 = CARTESIAN_POINT('',(-30.153,-10.67,0.));
#281 = VERTEX_POINT('',#282);
#282 = CARTESIAN_POINT('',(-27.153,-13.67,0.));
#283 = CIRCLE('',#284,3.);
#284 = AXIS2_PLACEMENT_3D('',#285,#286,#287);
#285 = CARTESIAN_POINT('',(-27.153,-10.67,0.));
#286 = DIRECTION('',(0.,0.,1.));
#287 = DIRECTION('',(1.,0.,-0.));
#288 = ORIENTED_EDGE('',*,*,#289,.F.);
#289 = EDGE_CURVE('',#290,#281,#292,.T.);
#290 = VERTEX_POINT('',#291);
#291 = CARTESIAN_POINT('',(26.847,-13.67,0.));
#292 = LINE('',#293,#294);
#293 = CARTESIAN_POINT('',(-43.5765,-13.67,0.));
#294 = VECTOR('',#295,1.);
#295 = DIRECTION('',(-1.,0.,0.));
#296 = ORIENTED_EDGE('',*,*,#297,.T.);
#297 = EDGE_CURVE('',#290,#298,#300,.T.);
#298 = VERTEX_POINT('',#299);
#299 = CARTESIAN_POINT('',(29.847,-10.67,0.));
#300 = CIRCLE('',#301,3.);
#301 = AXIS2_PLACEMENT_3D('',#302,#303,#304);
#302 = CARTESIAN_POINT('',(26.847,-10.67,0.));
#303 = DIRECTION('',(0.,0.,1.));
#304 = DIRECTION('',(1.,0.,-0.));
#305 = ORIENTED_EDGE('',*,*,#306,.T.);
#306 = EDGE_CURVE('',#298,#307,#309,.T.);
#307 = VERTEX_POINT('',#308);
#308 = CARTESIAN_POINT('',(29.847,24.33,0.));
#309 = LINE('',#310,#311);
#310 = CARTESIAN_POINT('',(29.847,-24.835,0.));
#311 = VECTOR('',#312,1.);
#312 = DIRECTION('',(0.,1.,0.));
#313 = ORIENTED_EDGE('',*,*,#314,.T.);
#314 = EDGE_CURVE('',#307,#315,#317,.T.);
#315 = VERTEX_POINT('',#316);
#316 = CARTESIAN_POINT('',(26.847,27.33,0.));
#317 = CIRCLE('',#318,3.);
#318 = AXIS2_PLACEMENT_3D('',#319,#320,#321);
#319 = CARTESIAN_POINT('',(26.847,24.33,0.));
#320 = DIRECTION('',(0.,0.,1.));
#321 = DIRECTION('',(1.,0.,-0.));
#322 = ORIENTED_EDGE('',*,*,#323,.T.);
#323 = EDGE_CURVE('',#315,#324,#326,.T.);
#324 = VERTEX_POINT('',#325);
#325 = CARTESIAN_POINT('',(-27.153,27.33,0.));
#326 = LINE('',#327,#328);
#327 = CARTESIAN_POINT('',(-43.5765,27.33,0.));
#328 = VECTOR('',#329,1.);
#329 = DIRECTION('',(-1.,0.,0.));
#330 = ORIENTED_EDGE('',*,*,#331,.T.);
#331 = EDGE_CURVE('',#324,#332,#334,.T.);
#332 = VERTEX_POINT('',#333);
#333 = CARTESIAN_POINT('',(-30.153,24.33,0.));
#334 = CIRCLE('',#335,3.);
#335 = AXIS2_PLACEMENT_3D('',#336,#337,#338);
#336 = CARTESIAN_POINT('',(-27.153,24.33,0.));
#337 = DIRECTION('',(0.,0.,1.));
#338 = DIRECTION('',(1.,0.,-0.));
#339 = ORIENTED_EDGE('',*,*,#340,.F.);
#340 = EDGE_CURVE('',#279,#332,#341,.T.);
#341 = LINE('',#342,#343);
#342 = CARTESIAN_POINT('',(-30.153,-24.835,0.));
#343 = VECTOR('',#344,1.);
#344 = DIRECTION('',(0.,1.,0.));
#345 = FACE_BOUND('',#346,.T.);
#346 = EDGE_LOOP('',(#347));
#347 = ORIENTED_EDGE('',*,*,#348,.T.);
#348 = EDGE_CURVE('',#349,#349,#351,.T.);
#349 = VERTEX_POINT('',#350);
#350 = CARTESIAN_POINT('',(-57.3,-5.,0.));
#351 = CIRCLE('',#352,1.7);
#352 = AXIS2_PLACEMENT_3D('',#353,#354,#355);
#353 = CARTESIAN_POINT('',(-59.,-5.,0.));
#354 = DIRECTION('',(0.,0.,1.));
#355 = DIRECTION('',(1.,0.,-0.));
#356 = FACE_BOUND('',#357,.T.);
#357 = EDGE_LOOP('',(#358));
#358 = ORIENTED_EDGE('',*,*,#359,.T.);
#359 = EDGE_CURVE('',#360,#360,#362,.T.);
#360 = VERTEX_POINT('',#361);
#361 = CARTESIAN_POINT('',(-57.3,5.,0.));
#362 = CIRCLE('',#363,1.7);
#363 = AXIS2_PLACEMENT_3D('',#364,#365,#366);
#364 = CARTESIAN_POINT('',(-59.,5.,0.));
#365 = DIRECTION('',(0.,0.,1.));
#366 = DIRECTION('',(1.,0.,-0.));
#367 = FACE_BOUND('',#368,.T.);
#368 = EDGE_LOOP('',(#369));
#369 = ORIENTED_EDGE('',*,*,#370,.T.);
#370 = EDGE_CURVE('',#371,#371,#373,.T.);
#371 = VERTEX_POINT('',#372);
#372 = CARTESIAN_POINT('',(60.7,15.,0.));
#373 = CIRCLE('',#374,1.7);
#374 = AXIS2_PLACEMENT_3D('',#375,#376,#377);
#375 = CARTESIAN_POINT('',(59.,15.,0.));
#376 = DIRECTION('',(0.,0.,1.));
#377 = DIRECTION('',(1.,0.,-0.));
#378 = FACE_BOUND('',#379,.T.);
#379 = EDGE_LOOP('',(#380));
#380 = ORIENTED_EDGE('',*,*,#381,.T.);
#381 = EDGE_CURVE('',#382,#382,#384,.T.);
#382 = VERTEX_POINT('',#383);
#383 = CARTESIAN_POINT('',(60.7,25.,0.));
#384 = CIRCLE('',#385,1.7);
#385 = AXIS2_PLACEMENT_3D('',#386,#387,#388);
#386 = CARTESIAN_POINT('',(59.,25.,0.));
#387 = DIRECTION('',(0.,0.,1.));
#388 = DIRECTION('',(1.,0.,-0.));
#389 = FACE_BOUND('',#390,.T.);
#390 = EDGE_LOOP('',(#391));
#391 = ORIENTED_EDGE('',*,*,#392,.T.);
#392 = EDGE_CURVE('',#393,#393,#395,.T.);
#393 = VERTEX_POINT('',#394);
#394 = CARTESIAN_POINT('',(60.7,35.,0.));
#395 = CIRCLE('',#396,1.7);
#396 = AXIS2_PLACEMENT_3D('',#397,#398,#399);
#397 = CARTESIAN_POINT('',(59.,35.,0.));
#398 = DIRECTION('',(0.,0.,1.));
#399 = DIRECTION('',(1.,0.,-0.));
#400 = FACE_BOUND('',#401,.T.);
#401 = EDGE_LOOP('',(#402));
#402 = ORIENTED_EDGE('',*,*,#403,.T.);
#403 = EDGE_CURVE('',#404,#404,#406,.T.);
#404 = VERTEX_POINT('',#405);
#405 = CARTESIAN_POINT('',(-57.3,15.,0.));
#406 = CIRCLE('',#407,1.7);
#407 = AXIS2_PLACEMENT_3D('',#408,#409,#410);
#408 = CARTESIAN_POINT('',(-59.,15.,0.));
#409 = DIRECTION('',(0.,0.,1.));
#410 = DIRECTION('',(1.,0.,-0.));
#411 = FACE_BOUND('',#412,.T.);
#412 = EDGE_LOOP('',(#413));
#413 = ORIENTED_EDGE('',*,*,#414,.T.);
#414 = EDGE_CURVE('',#415,#415,#417,.T.);
#415 = VERTEX_POINT('',#416);
#416 = CARTESIAN_POINT('',(-57.3,25.,0.));
#417 = CIRCLE('',#418,1.7);
#418 = AXIS2_PLACEMENT_3D('',#419,#420,#421);
#419 = CARTESIAN_POINT('',(-59.,25.,0.));
#420 = DIRECTION('',(0.,0.,1.));
#421 = DIRECTION('',(1.,0.,-0.));
#422 = FACE_BOUND('',#423,.T.);
#423 = EDGE_LOOP('',(#424));
#424 = ORIENTED_EDGE('',*,*,#425,.T.);
#425 = EDGE_CURVE('',#426,#426,#428,.T.);
#426 = VERTEX_POINT('',#427);
#427 = CARTESIAN_POINT('',(3.4,49.,0.));
#428 = CIRCLE('',#429,3.4);
#429 = AXIS2_PLACEMENT_3D('',#430,#431,#432);
#430 = CARTESIAN_POINT('',(0.,49.,0.));
#431 = DIRECTION('',(0.,0.,1.));
#432 = DIRECTION('',(1.,0.,-0.));
#433 = FACE_BOUND('',#434,.T.);
#434 = EDGE_LOOP('',(#435));
#435 = ORIENTED_EDGE('',*,*,#436,.T.);
#436 = EDGE_CURVE('',#437,#437,#439,.T.);
#437 = VERTEX_POINT('',#438);
#438 = CARTESIAN_POINT('',(-57.3,35.,0.));
#439 = CIRCLE('',#440,1.7);
#440 = AXIS2_PLACEMENT_3D('',#441,#442,#443);
#441 = CARTESIAN_POINT('',(-59.,35.,0.));
#442 = DIRECTION('',(0.,0.,1.));
#443 = DIRECTION('',(1.,0.,-0.));
#444 = PLANE('',#445);
#445 = AXIS2_PLACEMENT_3D('',#446,#447,#448);
#446 = CARTESIAN_POINT('',(4.155854301772E-15,7.881055363949,0.));
#447 = DIRECTION('',(-0.,-0.,-1.));
#448 = DIRECTION('',(-1.,0.,0.));
#449 = ADVANCED_FACE('',(#450),#469,.T.);
#450 = FACE_BOUND('',#451,.T.);
#451 = EDGE_LOOP('',(#452,#461,#467,#468));
#452 = ORIENTED_EDGE('',*,*,#453,.F.);
#453 = EDGE_CURVE('',#454,#40,#456,.T.);
#454 = VERTEX_POINT('',#455);
#455 = CARTESIAN_POINT('',(64.,35.,4.));
#456 = CIRCLE('',#457,4.);
#457 = AXIS2_PLACEMENT_3D('',#458,#459,#460);
#458 = CARTESIAN_POINT('',(60.,35.,4.));
#459 = DIRECTION('',(0.,0.,1.));
#460 = DIRECTION('',(1.,0.,-0.));
#461 = ORIENTED_EDGE('',*,*,#462,.F.);
#462 = EDGE_CURVE('',#157,#454,#463,.T.);
#463 = LINE('',#464,#465);
#464 = CARTESIAN_POINT('',(64.,35.,0.));
#465 = VECTOR('',#466,1.);
#466 = DIRECTION('',(0.,0.,1.));
#467 = ORIENTED_EDGE('',*,*,#156,.T.);
#468 = ORIENTED_EDGE('',*,*,#47,.T.);
#469 = CYLINDRICAL_SURFACE('',#470,4.);
#470 = AXIS2_PLACEMENT_3D('',#471,#472,#473);
#471 = CARTESIAN_POINT('',(60.,35.,0.));
#472 = DIRECTION('',(0.,0.,1.));
#473 = DIRECTION('',(1.,0.,-0.));
#474 = ADVANCED_FACE('',(#475,#596,#607,#618,#629,#640,#651,#733,#803,
    #814,#825,#836,#847,#929,#940,#951,#962,#973,#984,#995,#1006),#1017,
  .T.);
#475 = FACE_BOUND('',#476,.T.);
#476 = EDGE_LOOP('',(#477,#488,#496,#505,#511,#512,#513,#522,#530,#539,
    #547,#556,#564,#573,#581,#590));
#477 = ORIENTED_EDGE('',*,*,#478,.T.);
#478 = EDGE_CURVE('',#479,#481,#483,.T.);
#479 = VERTEX_POINT('',#480);
#480 = CARTESIAN_POINT('',(-64.,-35.,4.));
#481 = VERTEX_POINT('',#482);
#482 = CARTESIAN_POINT('',(-60.,-39.,4.));
#483 = CIRCLE('',#484,4.);
#484 = AXIS2_PLACEMENT_3D('',#485,#486,#487);
#485 = CARTESIAN_POINT('',(-60.,-35.,4.));
#486 = DIRECTION('',(0.,0.,1.));
#487 = DIRECTION('',(1.,0.,-0.));
#488 = ORIENTED_EDGE('',*,*,#489,.T.);
#489 = EDGE_CURVE('',#481,#490,#492,.T.);
#490 = VERTEX_POINT('',#491);
#491 = CARTESIAN_POINT('',(60.,-39.,4.));
#492 = LINE('',#493,#494);
#493 = CARTESIAN_POINT('',(-60.,-39.,4.));
#494 = VECTOR('',#495,1.);
#495 = DIRECTION('',(1.,0.,-0.));
#496 = ORIENTED_EDGE('',*,*,#497,.T.);
#497 = EDGE_CURVE('',#490,#498,#500,.T.);
#498 = VERTEX_POINT('',#499);
#499 = CARTESIAN_POINT('',(64.,-35.,4.));
#500 = CIRCLE('',#501,4.);
#501 = AXIS2_PLACEMENT_3D('',#502,#503,#504);
#502 = CARTESIAN_POINT('',(60.,-35.,4.));
#503 = DIRECTION('',(0.,0.,1.));
#504 = DIRECTION('',(1.,0.,-0.));
#505 = ORIENTED_EDGE('',*,*,#506,.T.);
#506 = EDGE_CURVE('',#498,#454,#507,.T.);
#507 = LINE('',#508,#509);
#508 = CARTESIAN_POINT('',(64.,-35.,4.));
#509 = VECTOR('',#510,1.);
#510 = DIRECTION('',(-0.,1.,0.));
#511 = ORIENTED_EDGE('',*,*,#453,.T.);
#512 = ORIENTED_EDGE('',*,*,#39,.F.);
#513 = ORIENTED_EDGE('',*,*,#514,.F.);
#514 = EDGE_CURVE('',#515,#32,#517,.T.);
#515 = VERTEX_POINT('',#516);
#516 = CARTESIAN_POINT('',(46.,43.,4.));
#517 = CIRCLE('',#518,4.);
#518 = AXIS2_PLACEMENT_3D('',#519,#520,#521);
#519 = CARTESIAN_POINT('',(50.,43.,4.));
#520 = DIRECTION('',(0.,0.,1.));
#521 = DIRECTION('',(1.,0.,-0.));
#522 = ORIENTED_EDGE('',*,*,#523,.T.);
#523 = EDGE_CURVE('',#515,#524,#526,.T.);
#524 = VERTEX_POINT('',#525);
#525 = CARTESIAN_POINT('',(46.,55.,4.));
#526 = LINE('',#527,#528);
#527 = CARTESIAN_POINT('',(46.,43.,4.));
#528 = VECTOR('',#529,1.);
#529 = DIRECTION('',(0.,1.,0.));
#530 = ORIENTED_EDGE('',*,*,#531,.T.);
#531 = EDGE_CURVE('',#524,#532,#534,.T.);
#532 = VERTEX_POINT('',#533);
#533 = CARTESIAN_POINT('',(42.,59.,4.));
#534 = CIRCLE('',#535,4.);
#535 = AXIS2_PLACEMENT_3D('',#536,#537,#538);
#536 = CARTESIAN_POINT('',(42.,55.,4.));
#537 = DIRECTION('',(0.,0.,1.));
#538 = DIRECTION('',(1.,0.,0.));
#539 = ORIENTED_EDGE('',*,*,#540,.F.);
#540 = EDGE_CURVE('',#541,#532,#543,.T.);
#541 = VERTEX_POINT('',#542);
#542 = CARTESIAN_POINT('',(-42.,59.,4.));
#543 = LINE('',#544,#545);
#544 = CARTESIAN_POINT('',(-42.,59.,4.));
#545 = VECTOR('',#546,1.);
#546 = DIRECTION('',(1.,0.,0.));
#547 = ORIENTED_EDGE('',*,*,#548,.T.);
#548 = EDGE_CURVE('',#541,#549,#551,.T.);
#549 = VERTEX_POINT('',#550);
#550 = CARTESIAN_POINT('',(-46.,55.,4.));
#551 = CIRCLE('',#552,4.);
#552 = AXIS2_PLACEMENT_3D('',#553,#554,#555);
#553 = CARTESIAN_POINT('',(-42.,55.,4.));
#554 = DIRECTION('',(0.,0.,1.));
#555 = DIRECTION('',(1.,0.,0.));
#556 = ORIENTED_EDGE('',*,*,#557,.F.);
#557 = EDGE_CURVE('',#558,#549,#560,.T.);
#558 = VERTEX_POINT('',#559);
#559 = CARTESIAN_POINT('',(-46.,43.,4.));
#560 = LINE('',#561,#562);
#561 = CARTESIAN_POINT('',(-46.,43.,4.));
#562 = VECTOR('',#563,1.);
#563 = DIRECTION('',(0.,1.,0.));
#564 = ORIENTED_EDGE('',*,*,#565,.F.);
#565 = EDGE_CURVE('',#566,#558,#568,.T.);
#566 = VERTEX_POINT('',#567);
#567 = CARTESIAN_POINT('',(-50.,39.,4.));
#568 = CIRCLE('',#569,4.);
#569 = AXIS2_PLACEMENT_3D('',#570,#571,#572);
#570 = CARTESIAN_POINT('',(-50.,43.,4.));
#571 = DIRECTION('',(0.,0.,1.));
#572 = DIRECTION('',(1.,0.,-0.));
#573 = ORIENTED_EDGE('',*,*,#574,.F.);
#574 = EDGE_CURVE('',#575,#566,#577,.T.);
#575 = VERTEX_POINT('',#576);
#576 = CARTESIAN_POINT('',(-60.,39.,4.));
#577 = LINE('',#578,#579);
#578 = CARTESIAN_POINT('',(-60.,39.,4.));
#579 = VECTOR('',#580,1.);
#580 = DIRECTION('',(1.,0.,-0.));
#581 = ORIENTED_EDGE('',*,*,#582,.T.);
#582 = EDGE_CURVE('',#575,#583,#585,.T.);
#583 = VERTEX_POINT('',#584);
#584 = CARTESIAN_POINT('',(-64.,35.,4.));
#585 = CIRCLE('',#586,4.);
#586 = AXIS2_PLACEMENT_3D('',#587,#588,#589);
#587 = CARTESIAN_POINT('',(-60.,35.,4.));
#588 = DIRECTION('',(0.,0.,1.));
#589 = DIRECTION('',(1.,0.,-0.));
#590 = ORIENTED_EDGE('',*,*,#591,.F.);
#591 = EDGE_CURVE('',#479,#583,#592,.T.);
#592 = LINE('',#593,#594);
#593 = CARTESIAN_POINT('',(-64.,-35.,4.));
#594 = VECTOR('',#595,1.);
#595 = DIRECTION('',(-0.,1.,0.));
#596 = FACE_BOUND('',#597,.T.);
#597 = EDGE_LOOP('',(#598));
#598 = ORIENTED_EDGE('',*,*,#599,.F.);
#599 = EDGE_CURVE('',#600,#600,#602,.T.);
#600 = VERTEX_POINT('',#601);
#601 = CARTESIAN_POINT('',(-57.3,-35.,4.));
#602 = CIRCLE('',#603,1.7);
#603 = AXIS2_PLACEMENT_3D('',#604,#605,#606);
#604 = CARTESIAN_POINT('',(-59.,-35.,4.));
#605 = DIRECTION('',(0.,0.,1.));
#606 = DIRECTION('',(1.,0.,-0.));
#607 = FACE_BOUND('',#608,.T.);
#608 = EDGE_LOOP('',(#609));
#609 = ORIENTED_EDGE('',*,*,#610,.F.);
#610 = EDGE_CURVE('',#611,#611,#613,.T.);
#611 = VERTEX_POINT('',#612);
#612 = CARTESIAN_POINT('',(-57.3,-25.,4.));
#613 = CIRCLE('',#614,1.7);
#614 = AXIS2_PLACEMENT_3D('',#615,#616,#617);
#615 = CARTESIAN_POINT('',(-59.,-25.,4.));
#616 = DIRECTION('',(0.,0.,1.));
#617 = DIRECTION('',(1.,0.,-0.));
#618 = FACE_BOUND('',#619,.T.);
#619 = EDGE_LOOP('',(#620));
#620 = ORIENTED_EDGE('',*,*,#621,.F.);
#621 = EDGE_CURVE('',#622,#622,#624,.T.);
#622 = VERTEX_POINT('',#623);
#623 = CARTESIAN_POINT('',(-57.3,-15.,4.));
#624 = CIRCLE('',#625,1.7);
#625 = AXIS2_PLACEMENT_3D('',#626,#627,#628);
#626 = CARTESIAN_POINT('',(-59.,-15.,4.));
#627 = DIRECTION('',(0.,0.,1.));
#628 = DIRECTION('',(1.,0.,-0.));
#629 = FACE_BOUND('',#630,.T.);
#630 = EDGE_LOOP('',(#631));
#631 = ORIENTED_EDGE('',*,*,#632,.F.);
#632 = EDGE_CURVE('',#633,#633,#635,.T.);
#633 = VERTEX_POINT('',#634);
#634 = CARTESIAN_POINT('',(-57.3,-5.,4.));
#635 = CIRCLE('',#636,1.7);
#636 = AXIS2_PLACEMENT_3D('',#637,#638,#639);
#637 = CARTESIAN_POINT('',(-59.,-5.,4.));
#638 = DIRECTION('',(0.,0.,1.));
#639 = DIRECTION('',(1.,0.,-0.));
#640 = FACE_BOUND('',#641,.T.);
#641 = EDGE_LOOP('',(#642));
#642 = ORIENTED_EDGE('',*,*,#643,.F.);
#643 = EDGE_CURVE('',#644,#644,#646,.T.);
#644 = VERTEX_POINT('',#645);
#645 = CARTESIAN_POINT('',(-57.3,5.,4.));
#646 = CIRCLE('',#647,1.7);
#647 = AXIS2_PLACEMENT_3D('',#648,#649,#650);
#648 = CARTESIAN_POINT('',(-59.,5.,4.));
#649 = DIRECTION('',(0.,0.,1.));
#650 = DIRECTION('',(1.,0.,-0.));
#651 = FACE_BOUND('',#652,.T.);
#652 = EDGE_LOOP('',(#653,#663,#671,#679,#687,#695,#703,#711,#719,#727)
  );
#653 = ORIENTED_EDGE('',*,*,#654,.F.);
#654 = EDGE_CURVE('',#655,#657,#659,.T.);
#655 = VERTEX_POINT('',#656);
#656 = CARTESIAN_POINT('',(-48.9,-20.,4.));
#657 = VERTEX_POINT('',#658);
#658 = CARTESIAN_POINT('',(-34.9,-20.,4.));
#659 = LINE('',#660,#661);
#660 = CARTESIAN_POINT('',(-38.9,-20.,4.));
#661 = VECTOR('',#662,1.);
#662 = DIRECTION('',(1.,0.,-0.));
#663 = ORIENTED_EDGE('',*,*,#664,.T.);
#664 = EDGE_CURVE('',#655,#665,#667,.T.);
#665 = VERTEX_POINT('',#666);
#666 = CARTESIAN_POINT('',(-48.9,-12.,4.));
#667 = LINE('',#668,#669);
#668 = CARTESIAN_POINT('',(-48.9,-20.,4.));
#669 = VECTOR('',#670,1.);
#670 = DIRECTION('',(0.,1.,0.));
#671 = ORIENTED_EDGE('',*,*,#672,.F.);
#672 = EDGE_CURVE('',#673,#665,#675,.T.);
#673 = VERTEX_POINT('',#674);
#674 = CARTESIAN_POINT('',(-38.9,-12.,4.));
#675 = LINE('',#676,#677);
#676 = CARTESIAN_POINT('',(-38.9,-12.,4.));
#677 = VECTOR('',#678,1.);
#678 = DIRECTION('',(-1.,0.,0.));
#679 = ORIENTED_EDGE('',*,*,#680,.T.);
#680 = EDGE_CURVE('',#673,#681,#683,.T.);
#681 = VERTEX_POINT('',#682);
#682 = CARTESIAN_POINT('',(-38.9,12.,4.));
#683 = LINE('',#684,#685);
#684 = CARTESIAN_POINT('',(-38.9,-20.,4.));
#685 = VECTOR('',#686,1.);
#686 = DIRECTION('',(-0.,1.,0.));
#687 = ORIENTED_EDGE('',*,*,#688,.T.);
#688 = EDGE_CURVE('',#681,#689,#691,.T.);
#689 = VERTEX_POINT('',#690);
#690 = CARTESIAN_POINT('',(-48.9,12.,4.));
#691 = LINE('',#692,#693);
#692 = CARTESIAN_POINT('',(-38.9,12.,4.));
#693 = VECTOR('',#694,1.);
#694 = DIRECTION('',(-1.,0.,0.));
#695 = ORIENTED_EDGE('',*,*,#696,.T.);
#696 = EDGE_CURVE('',#689,#697,#699,.T.);
#697 = VERTEX_POINT('',#698);
#698 = CARTESIAN_POINT('',(-48.9,20.,4.));
#699 = LINE('',#700,#701);
#700 = CARTESIAN_POINT('',(-48.9,12.,4.));
#701 = VECTOR('',#702,1.);
#702 = DIRECTION('',(0.,1.,0.));
#703 = ORIENTED_EDGE('',*,*,#704,.F.);
#704 = EDGE_CURVE('',#705,#697,#707,.T.);
#705 = VERTEX_POINT('',#706);
#706 = CARTESIAN_POINT('',(-38.9,20.,4.));
#707 = LINE('',#708,#709);
#708 = CARTESIAN_POINT('',(-38.9,20.,4.));
#709 = VECTOR('',#710,1.);
#710 = DIRECTION('',(-1.,0.,0.));
#711 = ORIENTED_EDGE('',*,*,#712,.T.);
#712 = EDGE_CURVE('',#705,#713,#715,.T.);
#713 = VERTEX_POINT('',#714);
#714 = CARTESIAN_POINT('',(-38.9,33.,4.));
#715 = LINE('',#716,#717);
#716 = CARTESIAN_POINT('',(-38.9,-20.,4.));
#717 = VECTOR('',#718,1.);
#718 = DIRECTION('',(-0.,1.,0.));
#719 = ORIENTED_EDGE('',*,*,#720,.T.);
#720 = EDGE_CURVE('',#713,#721,#723,.T.);
#721 = VERTEX_POINT('',#722);
#722 = CARTESIAN_POINT('',(-34.9,33.,4.));
#723 = LINE('',#724,#725);
#724 = CARTESIAN_POINT('',(-38.9,33.,4.));
#725 = VECTOR('',#726,1.);
#726 = DIRECTION('',(1.,0.,-0.));
#727 = ORIENTED_EDGE('',*,*,#728,.F.);
#728 = EDGE_CURVE('',#657,#721,#729,.T.);
#729 = LINE('',#730,#731);
#730 = CARTESIAN_POINT('',(-34.9,-20.,4.));
#731 = VECTOR('',#732,1.);
#732 = DIRECTION('',(-0.,1.,0.));
#733 = FACE_BOUND('',#734,.T.);
#734 = EDGE_LOOP('',(#735,#746,#754,#763,#771,#780,#788,#797));
#735 = ORIENTED_EDGE('',*,*,#736,.F.);
#736 = EDGE_CURVE('',#737,#739,#741,.T.);
#737 = VERTEX_POINT('',#738);
#738 = CARTESIAN_POINT('',(-30.153,-10.67,4.));
#739 = VERTEX_POINT('',#740);
#740 = CARTESIAN_POINT('',(-27.153,-13.67,4.));
#741 = CIRCLE('',#742,3.);
#742 = AXIS2_PLACEMENT_3D('',#743,#744,#745);
#743 = CARTESIAN_POINT('',(-27.153,-10.67,4.));
#744 = DIRECTION('',(0.,0.,1.));
#745 = DIRECTION('',(1.,0.,-0.));
#746 = ORIENTED_EDGE('',*,*,#747,.T.);
#747 = EDGE_CURVE('',#737,#748,#750,.T.);
#748 = VERTEX_POINT('',#749);
#749 = CARTESIAN_POINT('',(-30.153,24.33,4.));
#750 = LINE('',#751,#752);
#751 = CARTESIAN_POINT('',(-30.153,-24.835,4.));
#752 = VECTOR('',#753,1.);
#753 = DIRECTION('',(0.,1.,0.));
#754 = ORIENTED_EDGE('',*,*,#755,.F.);
#755 = EDGE_CURVE('',#756,#748,#758,.T.);
#756 = VERTEX_POINT('',#757);
#757 = CARTESIAN_POINT('',(-27.153,27.33,4.));
#758 = CIRCLE('',#759,3.);
#759 = AXIS2_PLACEMENT_3D('',#760,#761,#762);
#760 = CARTESIAN_POINT('',(-27.153,24.33,4.));
#761 = DIRECTION('',(0.,0.,1.));
#762 = DIRECTION('',(1.,0.,-0.));
#763 = ORIENTED_EDGE('',*,*,#764,.F.);
#764 = EDGE_CURVE('',#765,#756,#767,.T.);
#765 = VERTEX_POINT('',#766);
#766 = CARTESIAN_POINT('',(26.847,27.33,4.));
#767 = LINE('',#768,#769);
#768 = CARTESIAN_POINT('',(-43.5765,27.33,4.));
#769 = VECTOR('',#770,1.);
#770 = DIRECTION('',(-1.,0.,0.));
#771 = ORIENTED_EDGE('',*,*,#772,.F.);
#772 = EDGE_CURVE('',#773,#765,#775,.T.);
#773 = VERTEX_POINT('',#774);
#774 = CARTESIAN_POINT('',(29.847,24.33,4.));
#775 = CIRCLE('',#776,3.);
#776 = AXIS2_PLACEMENT_3D('',#777,#778,#779);
#777 = CARTESIAN_POINT('',(26.847,24.33,4.));
#778 = DIRECTION('',(0.,0.,1.));
#779 = DIRECTION('',(1.,0.,-0.));
#780 = ORIENTED_EDGE('',*,*,#781,.F.);
#781 = EDGE_CURVE('',#782,#773,#784,.T.);
#782 = VERTEX_POINT('',#783);
#783 = CARTESIAN_POINT('',(29.847,-10.67,4.));
#784 = LINE('',#785,#786);
#785 = CARTESIAN_POINT('',(29.847,-24.835,4.));
#786 = VECTOR('',#787,1.);
#787 = DIRECTION('',(0.,1.,0.));
#788 = ORIENTED_EDGE('',*,*,#789,.F.);
#789 = EDGE_CURVE('',#790,#782,#792,.T.);
#790 = VERTEX_POINT('',#791);
#791 = CARTESIAN_POINT('',(26.847,-13.67,4.));
#792 = CIRCLE('',#793,3.);
#793 = AXIS2_PLACEMENT_3D('',#794,#795,#796);
#794 = CARTESIAN_POINT('',(26.847,-10.67,4.));
#795 = DIRECTION('',(0.,0.,1.));
#796 = DIRECTION('',(1.,0.,-0.));
#797 = ORIENTED_EDGE('',*,*,#798,.T.);
#798 = EDGE_CURVE('',#790,#739,#799,.T.);
#799 = LINE('',#800,#801);
#800 = CARTESIAN_POINT('',(-43.5765,-13.67,4.));
#801 = VECTOR('',#802,1.);
#802 = DIRECTION('',(-1.,0.,0.));
#803 = FACE_BOUND('',#804,.T.);
#804 = EDGE_LOOP('',(#805));
#805 = ORIENTED_EDGE('',*,*,#806,.F.);
#806 = EDGE_CURVE('',#807,#807,#809,.T.);
#807 = VERTEX_POINT('',#808);
#808 = CARTESIAN_POINT('',(60.7,-35.,4.));
#809 = CIRCLE('',#810,1.7);
#810 = AXIS2_PLACEMENT_3D('',#811,#812,#813);
#811 = CARTESIAN_POINT('',(59.,-35.,4.));
#812 = DIRECTION('',(0.,0.,1.));
#813 = DIRECTION('',(1.,0.,-0.));
#814 = FACE_BOUND('',#815,.T.);
#815 = EDGE_LOOP('',(#816));
#816 = ORIENTED_EDGE('',*,*,#817,.F.);
#817 = EDGE_CURVE('',#818,#818,#820,.T.);
#818 = VERTEX_POINT('',#819);
#819 = CARTESIAN_POINT('',(60.7,-25.,4.));
#820 = CIRCLE('',#821,1.7);
#821 = AXIS2_PLACEMENT_3D('',#822,#823,#824);
#822 = CARTESIAN_POINT('',(59.,-25.,4.));
#823 = DIRECTION('',(0.,0.,1.));
#824 = DIRECTION('',(1.,0.,-0.));
#825 = FACE_BOUND('',#826,.T.);
#826 = EDGE_LOOP('',(#827));
#827 = ORIENTED_EDGE('',*,*,#828,.F.);
#828 = EDGE_CURVE('',#829,#829,#831,.T.);
#829 = VERTEX_POINT('',#830);
#830 = CARTESIAN_POINT('',(60.7,-15.,4.));
#831 = CIRCLE('',#832,1.7);
#832 = AXIS2_PLACEMENT_3D('',#833,#834,#835);
#833 = CARTESIAN_POINT('',(59.,-15.,4.));
#834 = DIRECTION('',(0.,0.,1.));
#835 = DIRECTION('',(1.,0.,-0.));
#836 = FACE_BOUND('',#837,.T.);
#837 = EDGE_LOOP('',(#838));
#838 = ORIENTED_EDGE('',*,*,#839,.F.);
#839 = EDGE_CURVE('',#840,#840,#842,.T.);
#840 = VERTEX_POINT('',#841);
#841 = CARTESIAN_POINT('',(60.7,-5.,4.));
#842 = CIRCLE('',#843,1.7);
#843 = AXIS2_PLACEMENT_3D('',#844,#845,#846);
#844 = CARTESIAN_POINT('',(59.,-5.,4.));
#845 = DIRECTION('',(0.,0.,1.));
#846 = DIRECTION('',(1.,0.,-0.));
#847 = FACE_BOUND('',#848,.T.);
#848 = EDGE_LOOP('',(#849,#859,#867,#875,#883,#891,#899,#907,#915,#923)
  );
#849 = ORIENTED_EDGE('',*,*,#850,.T.);
#850 = EDGE_CURVE('',#851,#853,#855,.T.);
#851 = VERTEX_POINT('',#852);
#852 = CARTESIAN_POINT('',(34.9,-20.,4.));
#853 = VERTEX_POINT('',#854);
#854 = CARTESIAN_POINT('',(34.9,33.,4.));
#855 = LINE('',#856,#857);
#856 = CARTESIAN_POINT('',(34.9,-20.,4.));
#857 = VECTOR('',#858,1.);
#858 = DIRECTION('',(-0.,1.,0.));
#859 = ORIENTED_EDGE('',*,*,#860,.T.);
#860 = EDGE_CURVE('',#853,#861,#863,.T.);
#861 = VERTEX_POINT('',#862);
#862 = CARTESIAN_POINT('',(38.9,33.,4.));
#863 = LINE('',#864,#865);
#864 = CARTESIAN_POINT('',(34.9,33.,4.));
#865 = VECTOR('',#866,1.);
#866 = DIRECTION('',(1.,0.,-0.));
#867 = ORIENTED_EDGE('',*,*,#868,.F.);
#868 = EDGE_CURVE('',#869,#861,#871,.T.);
#869 = VERTEX_POINT('',#870);
#870 = CARTESIAN_POINT('',(38.9,20.,4.));
#871 = LINE('',#872,#873);
#872 = CARTESIAN_POINT('',(38.9,-20.,4.));
#873 = VECTOR('',#874,1.);
#874 = DIRECTION('',(-0.,1.,0.));
#875 = ORIENTED_EDGE('',*,*,#876,.T.);
#876 = EDGE_CURVE('',#869,#877,#879,.T.);
#877 = VERTEX_POINT('',#878);
#878 = CARTESIAN_POINT('',(48.9,20.,4.));
#879 = LINE('',#880,#881);
#880 = CARTESIAN_POINT('',(38.9,20.,4.));
#881 = VECTOR('',#882,1.);
#882 = DIRECTION('',(1.,0.,0.));
#883 = ORIENTED_EDGE('',*,*,#884,.F.);
#884 = EDGE_CURVE('',#885,#877,#887,.T.);
#885 = VERTEX_POINT('',#886);
#886 = CARTESIAN_POINT('',(48.9,12.,4.));
#887 = LINE('',#888,#889);
#888 = CARTESIAN_POINT('',(48.9,12.,4.));
#889 = VECTOR('',#890,1.);
#890 = DIRECTION('',(0.,1.,0.));
#891 = ORIENTED_EDGE('',*,*,#892,.F.);
#892 = EDGE_CURVE('',#893,#885,#895,.T.);
#893 = VERTEX_POINT('',#894);
#894 = CARTESIAN_POINT('',(38.9,12.,4.));
#895 = LINE('',#896,#897);
#896 = CARTESIAN_POINT('',(38.9,12.,4.));
#897 = VECTOR('',#898,1.);
#898 = DIRECTION('',(1.,0.,0.));
#899 = ORIENTED_EDGE('',*,*,#900,.F.);
#900 = EDGE_CURVE('',#901,#893,#903,.T.);
#901 = VERTEX_POINT('',#902);
#902 = CARTESIAN_POINT('',(38.9,-12.,4.));
#903 = LINE('',#904,#905);
#904 = CARTESIAN_POINT('',(38.9,-20.,4.));
#905 = VECTOR('',#906,1.);
#906 = DIRECTION('',(-0.,1.,0.));
#907 = ORIENTED_EDGE('',*,*,#908,.T.);
#908 = EDGE_CURVE('',#901,#909,#911,.T.);
#909 = VERTEX_POINT('',#910);
#910 = CARTESIAN_POINT('',(48.9,-12.,4.));
#911 = LINE('',#912,#913);
#912 = CARTESIAN_POINT('',(38.9,-12.,4.));
#913 = VECTOR('',#914,1.);
#914 = DIRECTION('',(1.,0.,0.));
#915 = ORIENTED_EDGE('',*,*,#916,.F.);
#916 = EDGE_CURVE('',#917,#909,#919,.T.);
#917 = VERTEX_POINT('',#918);
#918 = CARTESIAN_POINT('',(48.9,-20.,4.));
#919 = LINE('',#920,#921);
#920 = CARTESIAN_POINT('',(48.9,-20.,4.));
#921 = VECTOR('',#922,1.);
#922 = DIRECTION('',(0.,1.,0.));
#923 = ORIENTED_EDGE('',*,*,#924,.F.);
#924 = EDGE_CURVE('',#851,#917,#925,.T.);
#925 = LINE('',#926,#927);
#926 = CARTESIAN_POINT('',(38.9,-20.,4.));
#927 = VECTOR('',#928,1.);
#928 = DIRECTION('',(1.,0.,0.));
#929 = FACE_BOUND('',#930,.T.);
#930 = EDGE_LOOP('',(#931));
#931 = ORIENTED_EDGE('',*,*,#932,.F.);
#932 = EDGE_CURVE('',#933,#933,#935,.T.);
#933 = VERTEX_POINT('',#934);
#934 = CARTESIAN_POINT('',(60.7,5.,4.));
#935 = CIRCLE('',#936,1.7);
#936 = AXIS2_PLACEMENT_3D('',#937,#938,#939);
#937 = CARTESIAN_POINT('',(59.,5.,4.));
#938 = DIRECTION('',(0.,0.,1.));
#939 = DIRECTION('',(1.,0.,-0.));
#940 = FACE_BOUND('',#941,.T.);
#941 = EDGE_LOOP('',(#942));
#942 = ORIENTED_EDGE('',*,*,#943,.F.);
#943 = EDGE_CURVE('',#944,#944,#946,.T.);
#944 = VERTEX_POINT('',#945);
#945 = CARTESIAN_POINT('',(-57.3,15.,4.));
#946 = CIRCLE('',#947,1.7);
#947 = AXIS2_PLACEMENT_3D('',#948,#949,#950);
#948 = CARTESIAN_POINT('',(-59.,15.,4.));
#949 = DIRECTION('',(0.,0.,1.));
#950 = DIRECTION('',(1.,0.,-0.));
#951 = FACE_BOUND('',#952,.T.);
#952 = EDGE_LOOP('',(#953));
#953 = ORIENTED_EDGE('',*,*,#954,.F.);
#954 = EDGE_CURVE('',#955,#955,#957,.T.);
#955 = VERTEX_POINT('',#956);
#956 = CARTESIAN_POINT('',(-57.3,25.,4.));
#957 = CIRCLE('',#958,1.7);
#958 = AXIS2_PLACEMENT_3D('',#959,#960,#961);
#959 = CARTESIAN_POINT('',(-59.,25.,4.));
#960 = DIRECTION('',(0.,0.,1.));
#961 = DIRECTION('',(1.,0.,-0.));
#962 = FACE_BOUND('',#963,.T.);
#963 = EDGE_LOOP('',(#964));
#964 = ORIENTED_EDGE('',*,*,#965,.F.);
#965 = EDGE_CURVE('',#966,#966,#968,.T.);
#966 = VERTEX_POINT('',#967);
#967 = CARTESIAN_POINT('',(-57.3,35.,4.));
#968 = CIRCLE('',#969,1.7);
#969 = AXIS2_PLACEMENT_3D('',#970,#971,#972);
#970 = CARTESIAN_POINT('',(-59.,35.,4.));
#971 = DIRECTION('',(0.,0.,1.));
#972 = DIRECTION('',(1.,0.,-0.));
#973 = FACE_BOUND('',#974,.T.);
#974 = EDGE_LOOP('',(#975));
#975 = ORIENTED_EDGE('',*,*,#976,.F.);
#976 = EDGE_CURVE('',#977,#977,#979,.T.);
#977 = VERTEX_POINT('',#978);
#978 = CARTESIAN_POINT('',(60.7,15.,4.));
#979 = CIRCLE('',#980,1.7);
#980 = AXIS2_PLACEMENT_3D('',#981,#982,#983);
#981 = CARTESIAN_POINT('',(59.,15.,4.));
#982 = DIRECTION('',(0.,0.,1.));
#983 = DIRECTION('',(1.,0.,-0.));
#984 = FACE_BOUND('',#985,.T.);
#985 = EDGE_LOOP('',(#986));
#986 = ORIENTED_EDGE('',*,*,#987,.F.);
#987 = EDGE_CURVE('',#988,#988,#990,.T.);
#988 = VERTEX_POINT('',#989);
#989 = CARTESIAN_POINT('',(60.7,25.,4.));
#990 = CIRCLE('',#991,1.7);
#991 = AXIS2_PLACEMENT_3D('',#992,#993,#994);
#992 = CARTESIAN_POINT('',(59.,25.,4.));
#993 = DIRECTION('',(0.,0.,1.));
#994 = DIRECTION('',(1.,0.,-0.));
#995 = FACE_BOUND('',#996,.T.);
#996 = EDGE_LOOP('',(#997));
#997 = ORIENTED_EDGE('',*,*,#998,.F.);
#998 = EDGE_CURVE('',#999,#999,#1001,.T.);
#999 = VERTEX_POINT('',#1000);
#1000 = CARTESIAN_POINT('',(3.4,49.,4.));
#1001 = CIRCLE('',#1002,3.4);
#1002 = AXIS2_PLACEMENT_3D('',#1003,#1004,#1005);
#1003 = CARTESIAN_POINT('',(0.,49.,4.));
#1004 = DIRECTION('',(0.,0.,1.));
#1005 = DIRECTION('',(1.,0.,-0.));
#1006 = FACE_BOUND('',#1007,.T.);
#1007 = EDGE_LOOP('',(#1008));
#1008 = ORIENTED_EDGE('',*,*,#1009,.F.);
#1009 = EDGE_CURVE('',#1010,#1010,#1012,.T.);
#1010 = VERTEX_POINT('',#1011);
#1011 = CARTESIAN_POINT('',(60.7,35.,4.));
#1012 = CIRCLE('',#1013,1.7);
#1013 = AXIS2_PLACEMENT_3D('',#1014,#1015,#1016);
#1014 = CARTESIAN_POINT('',(59.,35.,4.));
#1015 = DIRECTION('',(0.,0.,1.));
#1016 = DIRECTION('',(1.,0.,-0.));
#1017 = PLANE('',#1018);
#1018 = AXIS2_PLACEMENT_3D('',#1019,#1020,#1021);
#1019 = CARTESIAN_POINT('',(2.077927150886E-15,7.881055363949,4.));
#1020 = DIRECTION('',(0.,0.,1.));
#1021 = DIRECTION('',(1.,0.,-0.));
#1022 = ADVANCED_FACE('',(#1023),#1034,.F.);
#1023 = FACE_BOUND('',#1024,.F.);
#1024 = EDGE_LOOP('',(#1025,#1026,#1032,#1033));
#1025 = ORIENTED_EDGE('',*,*,#514,.F.);
#1026 = ORIENTED_EDGE('',*,*,#1027,.F.);
#1027 = EDGE_CURVE('',#141,#515,#1028,.T.);
#1028 = LINE('',#1029,#1030);
#1029 = CARTESIAN_POINT('',(46.,43.,0.));
#1030 = VECTOR('',#1031,1.);
#1031 = DIRECTION('',(0.,0.,1.));
#1032 = ORIENTED_EDGE('',*,*,#148,.T.);
#1033 = ORIENTED_EDGE('',*,*,#31,.T.);
#1034 = CYLINDRICAL_SURFACE('',#1035,4.);
#1035 = AXIS2_PLACEMENT_3D('',#1036,#1037,#1038);
#1036 = CARTESIAN_POINT('',(50.,43.,0.));
#1037 = DIRECTION('',(0.,0.,1.));
#1038 = DIRECTION('',(1.,0.,-0.));
#1039 = ADVANCED_FACE('',(#1040),#1056,.T.);
#1040 = FACE_BOUND('',#1041,.T.);
#1041 = EDGE_LOOP('',(#1042,#1043,#1049,#1050));
#1042 = ORIENTED_EDGE('',*,*,#478,.F.);
#1043 = ORIENTED_EDGE('',*,*,#1044,.F.);
#1044 = EDGE_CURVE('',#62,#479,#1045,.T.);
#1045 = LINE('',#1046,#1047);
#1046 = CARTESIAN_POINT('',(-64.,-35.,0.));
#1047 = VECTOR('',#1048,1.);
#1048 = DIRECTION('',(0.,0.,1.));
#1049 = ORIENTED_EDGE('',*,*,#61,.T.);
#1050 = ORIENTED_EDGE('',*,*,#1051,.T.);
#1051 = EDGE_CURVE('',#64,#481,#1052,.T.);
#1052 = LINE('',#1053,#1054);
#1053 = CARTESIAN_POINT('',(-60.,-39.,0.));
#1054 = VECTOR('',#1055,1.);
#1055 = DIRECTION('',(0.,0.,1.));
#1056 = CYLINDRICAL_SURFACE('',#1057,4.);
#1057 = AXIS2_PLACEMENT_3D('',#1058,#1059,#1060);
#1058 = CARTESIAN_POINT('',(-60.,-35.,0.));
#1059 = DIRECTION('',(0.,0.,1.));
#1060 = DIRECTION('',(1.,0.,-0.));
#1061 = ADVANCED_FACE('',(#1062),#1073,.F.);
#1062 = FACE_BOUND('',#1063,.F.);
#1063 = EDGE_LOOP('',(#1064,#1065,#1066,#1072));
#1064 = ORIENTED_EDGE('',*,*,#1044,.F.);
#1065 = ORIENTED_EDGE('',*,*,#72,.T.);
#1066 = ORIENTED_EDGE('',*,*,#1067,.T.);
#1067 = EDGE_CURVE('',#73,#583,#1068,.T.);
#1068 = LINE('',#1069,#1070);
#1069 = CARTESIAN_POINT('',(-64.,35.,0.));
#1070 = VECTOR('',#1071,1.);
#1071 = DIRECTION('',(0.,0.,1.));
#1072 = ORIENTED_EDGE('',*,*,#591,.F.);
#1073 = PLANE('',#1074);
#1074 = AXIS2_PLACEMENT_3D('',#1075,#1076,#1077);
#1075 = CARTESIAN_POINT('',(-64.,-35.,0.));
#1076 = DIRECTION('',(1.,0.,-0.));
#1077 = DIRECTION('',(0.,0.,1.));
#1078 = ADVANCED_FACE('',(#1079),#1090,.F.);
#1079 = FACE_BOUND('',#1080,.F.);
#1080 = EDGE_LOOP('',(#1081,#1082,#1083,#1084));
#1081 = ORIENTED_EDGE('',*,*,#182,.F.);
#1082 = ORIENTED_EDGE('',*,*,#1051,.T.);
#1083 = ORIENTED_EDGE('',*,*,#489,.T.);
#1084 = ORIENTED_EDGE('',*,*,#1085,.F.);
#1085 = EDGE_CURVE('',#174,#490,#1086,.T.);
#1086 = LINE('',#1087,#1088);
#1087 = CARTESIAN_POINT('',(60.,-39.,0.));
#1088 = VECTOR('',#1089,1.);
#1089 = DIRECTION('',(0.,0.,1.));
#1090 = PLANE('',#1091);
#1091 = AXIS2_PLACEMENT_3D('',#1092,#1093,#1094);
#1092 = CARTESIAN_POINT('',(-60.,-39.,0.));
#1093 = DIRECTION('',(-0.,1.,0.));
#1094 = DIRECTION('',(0.,0.,1.));
#1095 = ADVANCED_FACE('',(#1096),#1107,.T.);
#1096 = FACE_BOUND('',#1097,.T.);
#1097 = EDGE_LOOP('',(#1098,#1099,#1105,#1106));
#1098 = ORIENTED_EDGE('',*,*,#582,.F.);
#1099 = ORIENTED_EDGE('',*,*,#1100,.F.);
#1100 = EDGE_CURVE('',#81,#575,#1101,.T.);
#1101 = LINE('',#1102,#1103);
#1102 = CARTESIAN_POINT('',(-60.,39.,0.));
#1103 = VECTOR('',#1104,1.);
#1104 = DIRECTION('',(0.,0.,1.));
#1105 = ORIENTED_EDGE('',*,*,#80,.T.);
#1106 = ORIENTED_EDGE('',*,*,#1067,.T.);
#1107 = CYLINDRICAL_SURFACE('',#1108,4.);
#1108 = AXIS2_PLACEMENT_3D('',#1109,#1110,#1111);
#1109 = CARTESIAN_POINT('',(-60.,35.,0.));
#1110 = DIRECTION('',(0.,0.,1.));
#1111 = DIRECTION('',(1.,0.,-0.));
#1112 = ADVANCED_FACE('',(#1113),#1124,.T.);
#1113 = FACE_BOUND('',#1114,.T.);
#1114 = EDGE_LOOP('',(#1115,#1116,#1117,#1118));
#1115 = ORIENTED_EDGE('',*,*,#497,.F.);
#1116 = ORIENTED_EDGE('',*,*,#1085,.F.);
#1117 = ORIENTED_EDGE('',*,*,#173,.T.);
#1118 = ORIENTED_EDGE('',*,*,#1119,.T.);
#1119 = EDGE_CURVE('',#166,#498,#1120,.T.);
#1120 = LINE('',#1121,#1122);
#1121 = CARTESIAN_POINT('',(64.,-35.,0.));
#1122 = VECTOR('',#1123,1.);
#1123 = DIRECTION('',(0.,0.,1.));
#1124 = CYLINDRICAL_SURFACE('',#1125,4.);
#1125 = AXIS2_PLACEMENT_3D('',#1126,#1127,#1128);
#1126 = CARTESIAN_POINT('',(60.,-35.,0.));
#1127 = DIRECTION('',(0.,0.,1.));
#1128 = DIRECTION('',(1.,0.,-0.));
#1129 = ADVANCED_FACE('',(#1130),#1141,.T.);
#1130 = FACE_BOUND('',#1131,.T.);
#1131 = EDGE_LOOP('',(#1132,#1133,#1134,#1135));
#1132 = ORIENTED_EDGE('',*,*,#89,.F.);
#1133 = ORIENTED_EDGE('',*,*,#1100,.T.);
#1134 = ORIENTED_EDGE('',*,*,#574,.T.);
#1135 = ORIENTED_EDGE('',*,*,#1136,.F.);
#1136 = EDGE_CURVE('',#90,#566,#1137,.T.);
#1137 = LINE('',#1138,#1139);
#1138 = CARTESIAN_POINT('',(-50.,39.,0.));
#1139 = VECTOR('',#1140,1.);
#1140 = DIRECTION('',(0.,0.,1.));
#1141 = PLANE('',#1142);
#1142 = AXIS2_PLACEMENT_3D('',#1143,#1144,#1145);
#1143 = CARTESIAN_POINT('',(-60.,39.,0.));
#1144 = DIRECTION('',(-0.,1.,0.));
#1145 = DIRECTION('',(0.,0.,1.));
#1146 = ADVANCED_FACE('',(#1147),#1153,.T.);
#1147 = FACE_BOUND('',#1148,.T.);
#1148 = EDGE_LOOP('',(#1149,#1150,#1151,#1152));
#1149 = ORIENTED_EDGE('',*,*,#1119,.F.);
#1150 = ORIENTED_EDGE('',*,*,#165,.T.);
#1151 = ORIENTED_EDGE('',*,*,#462,.T.);
#1152 = ORIENTED_EDGE('',*,*,#506,.F.);
#1153 = PLANE('',#1154);
#1154 = AXIS2_PLACEMENT_3D('',#1155,#1156,#1157);
#1155 = CARTESIAN_POINT('',(64.,-35.,0.));
#1156 = DIRECTION('',(1.,0.,-0.));
#1157 = DIRECTION('',(0.,0.,1.));
#1158 = ADVANCED_FACE('',(#1159),#1170,.F.);
#1159 = FACE_BOUND('',#1160,.F.);
#1160 = EDGE_LOOP('',(#1161,#1167,#1168,#1169));
#1161 = ORIENTED_EDGE('',*,*,#1162,.T.);
#1162 = EDGE_CURVE('',#98,#558,#1163,.T.);
#1163 = LINE('',#1164,#1165);
#1164 = CARTESIAN_POINT('',(-46.,43.,0.));
#1165 = VECTOR('',#1166,1.);
#1166 = DIRECTION('',(0.,0.,1.));
#1167 = ORIENTED_EDGE('',*,*,#565,.F.);
#1168 = ORIENTED_EDGE('',*,*,#1136,.F.);
#1169 = ORIENTED_EDGE('',*,*,#97,.T.);
#1170 = CYLINDRICAL_SURFACE('',#1171,4.);
#1171 = AXIS2_PLACEMENT_3D('',#1172,#1173,#1174);
#1172 = CARTESIAN_POINT('',(-50.,43.,0.));
#1173 = DIRECTION('',(0.,0.,1.));
#1174 = DIRECTION('',(1.,0.,-0.));
#1175 = ADVANCED_FACE('',(#1176),#1187,.F.);
#1176 = FACE_BOUND('',#1177,.F.);
#1177 = EDGE_LOOP('',(#1178,#1179,#1180,#1186));
#1178 = ORIENTED_EDGE('',*,*,#1162,.F.);
#1179 = ORIENTED_EDGE('',*,*,#106,.T.);
#1180 = ORIENTED_EDGE('',*,*,#1181,.T.);
#1181 = EDGE_CURVE('',#107,#549,#1182,.T.);
#1182 = LINE('',#1183,#1184);
#1183 = CARTESIAN_POINT('',(-46.,55.,0.));
#1184 = VECTOR('',#1185,1.);
#1185 = DIRECTION('',(0.,0.,1.));
#1186 = ORIENTED_EDGE('',*,*,#557,.F.);
#1187 = PLANE('',#1188);
#1188 = AXIS2_PLACEMENT_3D('',#1189,#1190,#1191);
#1189 = CARTESIAN_POINT('',(-46.,43.,0.));
#1190 = DIRECTION('',(1.,0.,0.));
#1191 = DIRECTION('',(0.,0.,1.));
#1192 = ADVANCED_FACE('',(#1193),#1204,.T.);
#1193 = FACE_BOUND('',#1194,.T.);
#1194 = EDGE_LOOP('',(#1195,#1196,#1202,#1203));
#1195 = ORIENTED_EDGE('',*,*,#548,.F.);
#1196 = ORIENTED_EDGE('',*,*,#1197,.F.);
#1197 = EDGE_CURVE('',#115,#541,#1198,.T.);
#1198 = LINE('',#1199,#1200);
#1199 = CARTESIAN_POINT('',(-42.,59.,0.));
#1200 = VECTOR('',#1201,1.);
#1201 = DIRECTION('',(0.,0.,1.));
#1202 = ORIENTED_EDGE('',*,*,#114,.T.);
#1203 = ORIENTED_EDGE('',*,*,#1181,.T.);
#1204 = CYLINDRICAL_SURFACE('',#1205,4.);
#1205 = AXIS2_PLACEMENT_3D('',#1206,#1207,#1208);
#1206 = CARTESIAN_POINT('',(-42.,55.,0.));
#1207 = DIRECTION('',(0.,0.,1.));
#1208 = DIRECTION('',(1.,0.,0.));
#1209 = ADVANCED_FACE('',(#1210),#1221,.T.);
#1210 = FACE_BOUND('',#1211,.T.);
#1211 = EDGE_LOOP('',(#1212,#1213,#1214,#1215));
#1212 = ORIENTED_EDGE('',*,*,#123,.F.);
#1213 = ORIENTED_EDGE('',*,*,#1197,.T.);
#1214 = ORIENTED_EDGE('',*,*,#540,.T.);
#1215 = ORIENTED_EDGE('',*,*,#1216,.F.);
#1216 = EDGE_CURVE('',#124,#532,#1217,.T.);
#1217 = LINE('',#1218,#1219);
#1218 = CARTESIAN_POINT('',(42.,59.,0.));
#1219 = VECTOR('',#1220,1.);
#1220 = DIRECTION('',(0.,0.,1.));
#1221 = PLANE('',#1222);
#1222 = AXIS2_PLACEMENT_3D('',#1223,#1224,#1225);
#1223 = CARTESIAN_POINT('',(-42.,59.,0.));
#1224 = DIRECTION('',(0.,1.,0.));
#1225 = DIRECTION('',(0.,0.,1.));
#1226 = ADVANCED_FACE('',(#1227),#1238,.T.);
#1227 = FACE_BOUND('',#1228,.T.);
#1228 = EDGE_LOOP('',(#1229,#1230,#1231,#1237));
#1229 = ORIENTED_EDGE('',*,*,#1027,.F.);
#1230 = ORIENTED_EDGE('',*,*,#140,.T.);
#1231 = ORIENTED_EDGE('',*,*,#1232,.T.);
#1232 = EDGE_CURVE('',#132,#524,#1233,.T.);
#1233 = LINE('',#1234,#1235);
#1234 = CARTESIAN_POINT('',(46.,55.,0.));
#1235 = VECTOR('',#1236,1.);
#1236 = DIRECTION('',(0.,0.,1.));
#1237 = ORIENTED_EDGE('',*,*,#523,.F.);
#1238 = PLANE('',#1239);
#1239 = AXIS2_PLACEMENT_3D('',#1240,#1241,#1242);
#1240 = CARTESIAN_POINT('',(46.,43.,0.));
#1241 = DIRECTION('',(1.,0.,0.));
#1242 = DIRECTION('',(0.,0.,1.));
#1243 = ADVANCED_FACE('',(#1244),#1250,.T.);
#1244 = FACE_BOUND('',#1245,.T.);
#1245 = EDGE_LOOP('',(#1246,#1247,#1248,#1249));
#1246 = ORIENTED_EDGE('',*,*,#531,.F.);
#1247 = ORIENTED_EDGE('',*,*,#1232,.F.);
#1248 = ORIENTED_EDGE('',*,*,#131,.T.);
#1249 = ORIENTED_EDGE('',*,*,#1216,.T.);
#1250 = CYLINDRICAL_SURFACE('',#1251,4.);
#1251 = AXIS2_PLACEMENT_3D('',#1252,#1253,#1254);
#1252 = CARTESIAN_POINT('',(42.,55.,0.));
#1253 = DIRECTION('',(0.,0.,1.));
#1254 = DIRECTION('',(1.,0.,0.));
#1255 = ADVANCED_FACE('',(#1256),#1267,.F.);
#1256 = FACE_BOUND('',#1257,.F.);
#1257 = EDGE_LOOP('',(#1258,#1259,#1265,#1266));
#1258 = ORIENTED_EDGE('',*,*,#806,.F.);
#1259 = ORIENTED_EDGE('',*,*,#1260,.F.);
#1260 = EDGE_CURVE('',#191,#807,#1261,.T.);
#1261 = LINE('',#1262,#1263);
#1262 = CARTESIAN_POINT('',(60.7,-35.,-0.1));
#1263 = VECTOR('',#1264,1.);
#1264 = DIRECTION('',(0.,0.,1.));
#1265 = ORIENTED_EDGE('',*,*,#190,.T.);
#1266 = ORIENTED_EDGE('',*,*,#1260,.T.);
#1267 = CYLINDRICAL_SURFACE('',#1268,1.7);
#1268 = AXIS2_PLACEMENT_3D('',#1269,#1270,#1271);
#1269 = CARTESIAN_POINT('',(59.,-35.,-0.1));
#1270 = DIRECTION('',(0.,0.,1.));
#1271 = DIRECTION('',(1.,0.,-0.));
#1272 = ADVANCED_FACE('',(#1273),#1284,.F.);
#1273 = FACE_BOUND('',#1274,.F.);
#1274 = EDGE_LOOP('',(#1275,#1276,#1282,#1283));
#1275 = ORIENTED_EDGE('',*,*,#817,.F.);
#1276 = ORIENTED_EDGE('',*,*,#1277,.F.);
#1277 = EDGE_CURVE('',#202,#818,#1278,.T.);
#1278 = LINE('',#1279,#1280);
#1279 = CARTESIAN_POINT('',(60.7,-25.,-0.1));
#1280 = VECTOR('',#1281,1.);
#1281 = DIRECTION('',(0.,0.,1.));
#1282 = ORIENTED_EDGE('',*,*,#201,.T.);
#1283 = ORIENTED_EDGE('',*,*,#1277,.T.);
#1284 = CYLINDRICAL_SURFACE('',#1285,1.7);
#1285 = AXIS2_PLACEMENT_3D('',#1286,#1287,#1288);
#1286 = CARTESIAN_POINT('',(59.,-25.,-0.1));
#1287 = DIRECTION('',(0.,0.,1.));
#1288 = DIRECTION('',(1.,0.,-0.));
#1289 = ADVANCED_FACE('',(#1290),#1301,.F.);
#1290 = FACE_BOUND('',#1291,.F.);
#1291 = EDGE_LOOP('',(#1292,#1293,#1299,#1300));
#1292 = ORIENTED_EDGE('',*,*,#828,.F.);
#1293 = ORIENTED_EDGE('',*,*,#1294,.F.);
#1294 = EDGE_CURVE('',#213,#829,#1295,.T.);
#1295 = LINE('',#1296,#1297);
#1296 = CARTESIAN_POINT('',(60.7,-15.,-0.1));
#1297 = VECTOR('',#1298,1.);
#1298 = DIRECTION('',(0.,0.,1.));
#1299 = ORIENTED_EDGE('',*,*,#212,.T.);
#1300 = ORIENTED_EDGE('',*,*,#1294,.T.);
#1301 = CYLINDRICAL_SURFACE('',#1302,1.7);
#1302 = AXIS2_PLACEMENT_3D('',#1303,#1304,#1305);
#1303 = CARTESIAN_POINT('',(59.,-15.,-0.1));
#1304 = DIRECTION('',(0.,0.,1.));
#1305 = DIRECTION('',(1.,0.,-0.));
#1306 = ADVANCED_FACE('',(#1307),#1318,.F.);
#1307 = FACE_BOUND('',#1308,.F.);
#1308 = EDGE_LOOP('',(#1309,#1310,#1316,#1317));
#1309 = ORIENTED_EDGE('',*,*,#839,.F.);
#1310 = ORIENTED_EDGE('',*,*,#1311,.F.);
#1311 = EDGE_CURVE('',#224,#840,#1312,.T.);
#1312 = LINE('',#1313,#1314);
#1313 = CARTESIAN_POINT('',(60.7,-5.,-0.1));
#1314 = VECTOR('',#1315,1.);
#1315 = DIRECTION('',(0.,0.,1.));
#1316 = ORIENTED_EDGE('',*,*,#223,.T.);
#1317 = ORIENTED_EDGE('',*,*,#1311,.T.);
#1318 = CYLINDRICAL_SURFACE('',#1319,1.7);
#1319 = AXIS2_PLACEMENT_3D('',#1320,#1321,#1322);
#1320 = CARTESIAN_POINT('',(59.,-5.,-0.1));
#1321 = DIRECTION('',(0.,0.,1.));
#1322 = DIRECTION('',(1.,0.,-0.));
#1323 = ADVANCED_FACE('',(#1324),#1335,.F.);
#1324 = FACE_BOUND('',#1325,.F.);
#1325 = EDGE_LOOP('',(#1326,#1327,#1333,#1334));
#1326 = ORIENTED_EDGE('',*,*,#932,.F.);
#1327 = ORIENTED_EDGE('',*,*,#1328,.F.);
#1328 = EDGE_CURVE('',#235,#933,#1329,.T.);
#1329 = LINE('',#1330,#1331);
#1330 = CARTESIAN_POINT('',(60.7,5.,-0.1));
#1331 = VECTOR('',#1332,1.);
#1332 = DIRECTION('',(0.,0.,1.));
#1333 = ORIENTED_EDGE('',*,*,#234,.T.);
#1334 = ORIENTED_EDGE('',*,*,#1328,.T.);
#1335 = CYLINDRICAL_SURFACE('',#1336,1.7);
#1336 = AXIS2_PLACEMENT_3D('',#1337,#1338,#1339);
#1337 = CARTESIAN_POINT('',(59.,5.,-0.1));
#1338 = DIRECTION('',(0.,0.,1.));
#1339 = DIRECTION('',(1.,0.,-0.));
#1340 = ADVANCED_FACE('',(#1341),#1352,.F.);
#1341 = FACE_BOUND('',#1342,.F.);
#1342 = EDGE_LOOP('',(#1343,#1344,#1350,#1351));
#1343 = ORIENTED_EDGE('',*,*,#599,.F.);
#1344 = ORIENTED_EDGE('',*,*,#1345,.F.);
#1345 = EDGE_CURVE('',#246,#600,#1346,.T.);
#1346 = LINE('',#1347,#1348);
#1347 = CARTESIAN_POINT('',(-57.3,-35.,-0.1));
#1348 = VECTOR('',#1349,1.);
#1349 = DIRECTION('',(0.,0.,1.));
#1350 = ORIENTED_EDGE('',*,*,#245,.T.);
#1351 = ORIENTED_EDGE('',*,*,#1345,.T.);
#1352 = CYLINDRICAL_SURFACE('',#1353,1.7);
#1353 = AXIS2_PLACEMENT_3D('',#1354,#1355,#1356);
#1354 = CARTESIAN_POINT('',(-59.,-35.,-0.1));
#1355 = DIRECTION('',(0.,0.,1.));
#1356 = DIRECTION('',(1.,0.,-0.));
#1357 = ADVANCED_FACE('',(#1358),#1369,.F.);
#1358 = FACE_BOUND('',#1359,.F.);
#1359 = EDGE_LOOP('',(#1360,#1361,#1367,#1368));
#1360 = ORIENTED_EDGE('',*,*,#610,.F.);
#1361 = ORIENTED_EDGE('',*,*,#1362,.F.);
#1362 = EDGE_CURVE('',#257,#611,#1363,.T.);
#1363 = LINE('',#1364,#1365);
#1364 = CARTESIAN_POINT('',(-57.3,-25.,-0.1));
#1365 = VECTOR('',#1366,1.);
#1366 = DIRECTION('',(0.,0.,1.));
#1367 = ORIENTED_EDGE('',*,*,#256,.T.);
#1368 = ORIENTED_EDGE('',*,*,#1362,.T.);
#1369 = CYLINDRICAL_SURFACE('',#1370,1.7);
#1370 = AXIS2_PLACEMENT_3D('',#1371,#1372,#1373);
#1371 = CARTESIAN_POINT('',(-59.,-25.,-0.1));
#1372 = DIRECTION('',(0.,0.,1.));
#1373 = DIRECTION('',(1.,0.,-0.));
#1374 = ADVANCED_FACE('',(#1375),#1386,.F.);
#1375 = FACE_BOUND('',#1376,.F.);
#1376 = EDGE_LOOP('',(#1377,#1378,#1384,#1385));
#1377 = ORIENTED_EDGE('',*,*,#621,.F.);
#1378 = ORIENTED_EDGE('',*,*,#1379,.F.);
#1379 = EDGE_CURVE('',#268,#622,#1380,.T.);
#1380 = LINE('',#1381,#1382);
#1381 = CARTESIAN_POINT('',(-57.3,-15.,-0.1));
#1382 = VECTOR('',#1383,1.);
#1383 = DIRECTION('',(0.,0.,1.));
#1384 = ORIENTED_EDGE('',*,*,#267,.T.);
#1385 = ORIENTED_EDGE('',*,*,#1379,.T.);
#1386 = CYLINDRICAL_SURFACE('',#1387,1.7);
#1387 = AXIS2_PLACEMENT_3D('',#1388,#1389,#1390);
#1388 = CARTESIAN_POINT('',(-59.,-15.,-0.1));
#1389 = DIRECTION('',(0.,0.,1.));
#1390 = DIRECTION('',(1.,0.,-0.));
#1391 = ADVANCED_FACE('',(#1392),#1408,.F.);
#1392 = FACE_BOUND('',#1393,.F.);
#1393 = EDGE_LOOP('',(#1394,#1395,#1401,#1402));
#1394 = ORIENTED_EDGE('',*,*,#736,.F.);
#1395 = ORIENTED_EDGE('',*,*,#1396,.F.);
#1396 = EDGE_CURVE('',#279,#737,#1397,.T.);
#1397 = LINE('',#1398,#1399);
#1398 = CARTESIAN_POINT('',(-30.153,-10.67,-0.1));
#1399 = VECTOR('',#1400,1.);
#1400 = DIRECTION('',(0.,0.,1.));
#1401 = ORIENTED_EDGE('',*,*,#278,.T.);
#1402 = ORIENTED_EDGE('',*,*,#1403,.T.);
#1403 = EDGE_CURVE('',#281,#739,#1404,.T.);
#1404 = LINE('',#1405,#1406);
#1405 = CARTESIAN_POINT('',(-27.153,-13.67,-0.1));
#1406 = VECTOR('',#1407,1.);
#1407 = DIRECTION('',(0.,0.,1.));
#1408 = CYLINDRICAL_SURFACE('',#1409,3.);
#1409 = AXIS2_PLACEMENT_3D('',#1410,#1411,#1412);
#1410 = CARTESIAN_POINT('',(-27.153,-10.67,-0.1));
#1411 = DIRECTION('',(0.,0.,1.));
#1412 = DIRECTION('',(1.,0.,0.));
#1413 = ADVANCED_FACE('',(#1414),#1425,.T.);
#1414 = FACE_BOUND('',#1415,.T.);
#1415 = EDGE_LOOP('',(#1416,#1417,#1418,#1424));
#1416 = ORIENTED_EDGE('',*,*,#1396,.F.);
#1417 = ORIENTED_EDGE('',*,*,#340,.T.);
#1418 = ORIENTED_EDGE('',*,*,#1419,.T.);
#1419 = EDGE_CURVE('',#332,#748,#1420,.T.);
#1420 = LINE('',#1421,#1422);
#1421 = CARTESIAN_POINT('',(-30.153,24.33,-0.1));
#1422 = VECTOR('',#1423,1.);
#1423 = DIRECTION('',(0.,0.,1.));
#1424 = ORIENTED_EDGE('',*,*,#747,.F.);
#1425 = PLANE('',#1426);
#1426 = AXIS2_PLACEMENT_3D('',#1427,#1428,#1429);
#1427 = CARTESIAN_POINT('',(-30.153,-10.67,-0.1));
#1428 = DIRECTION('',(1.,0.,0.));
#1429 = DIRECTION('',(0.,0.,1.));
#1430 = ADVANCED_FACE('',(#1431),#1442,.T.);
#1431 = FACE_BOUND('',#1432,.T.);
#1432 = EDGE_LOOP('',(#1433,#1434,#1435,#1436));
#1433 = ORIENTED_EDGE('',*,*,#289,.T.);
#1434 = ORIENTED_EDGE('',*,*,#1403,.T.);
#1435 = ORIENTED_EDGE('',*,*,#798,.F.);
#1436 = ORIENTED_EDGE('',*,*,#1437,.F.);
#1437 = EDGE_CURVE('',#290,#790,#1438,.T.);
#1438 = LINE('',#1439,#1440);
#1439 = CARTESIAN_POINT('',(26.847,-13.67,-0.1));
#1440 = VECTOR('',#1441,1.);
#1441 = DIRECTION('',(0.,0.,1.));
#1442 = PLANE('',#1443);
#1443 = AXIS2_PLACEMENT_3D('',#1444,#1445,#1446);
#1444 = CARTESIAN_POINT('',(-27.153,-13.67,-0.1));
#1445 = DIRECTION('',(0.,1.,0.));
#1446 = DIRECTION('',(0.,0.,1.));
#1447 = ADVANCED_FACE('',(#1448),#1459,.F.);
#1448 = FACE_BOUND('',#1449,.F.);
#1449 = EDGE_LOOP('',(#1450,#1451,#1457,#1458));
#1450 = ORIENTED_EDGE('',*,*,#755,.F.);
#1451 = ORIENTED_EDGE('',*,*,#1452,.F.);
#1452 = EDGE_CURVE('',#324,#756,#1453,.T.);
#1453 = LINE('',#1454,#1455);
#1454 = CARTESIAN_POINT('',(-27.153,27.33,-0.1));
#1455 = VECTOR('',#1456,1.);
#1456 = DIRECTION('',(0.,0.,1.));
#1457 = ORIENTED_EDGE('',*,*,#331,.T.);
#1458 = ORIENTED_EDGE('',*,*,#1419,.T.);
#1459 = CYLINDRICAL_SURFACE('',#1460,3.);
#1460 = AXIS2_PLACEMENT_3D('',#1461,#1462,#1463);
#1461 = CARTESIAN_POINT('',(-27.153,24.33,-0.1));
#1462 = DIRECTION('',(0.,0.,1.));
#1463 = DIRECTION('',(1.,0.,0.));
#1464 = ADVANCED_FACE('',(#1465),#1476,.F.);
#1465 = FACE_BOUND('',#1466,.F.);
#1466 = EDGE_LOOP('',(#1467,#1468,#1469,#1470));
#1467 = ORIENTED_EDGE('',*,*,#789,.F.);
#1468 = ORIENTED_EDGE('',*,*,#1437,.F.);
#1469 = ORIENTED_EDGE('',*,*,#297,.T.);
#1470 = ORIENTED_EDGE('',*,*,#1471,.T.);
#1471 = EDGE_CURVE('',#298,#782,#1472,.T.);
#1472 = LINE('',#1473,#1474);
#1473 = CARTESIAN_POINT('',(29.847,-10.67,-0.1));
#1474 = VECTOR('',#1475,1.);
#1475 = DIRECTION('',(0.,0.,1.));
#1476 = CYLINDRICAL_SURFACE('',#1477,3.);
#1477 = AXIS2_PLACEMENT_3D('',#1478,#1479,#1480);
#1478 = CARTESIAN_POINT('',(26.847,-10.67,-0.1));
#1479 = DIRECTION('',(0.,0.,1.));
#1480 = DIRECTION('',(1.,0.,0.));
#1481 = ADVANCED_FACE('',(#1482),#1493,.F.);
#1482 = FACE_BOUND('',#1483,.F.);
#1483 = EDGE_LOOP('',(#1484,#1485,#1486,#1487));
#1484 = ORIENTED_EDGE('',*,*,#323,.T.);
#1485 = ORIENTED_EDGE('',*,*,#1452,.T.);
#1486 = ORIENTED_EDGE('',*,*,#764,.F.);
#1487 = ORIENTED_EDGE('',*,*,#1488,.F.);
#1488 = EDGE_CURVE('',#315,#765,#1489,.T.);
#1489 = LINE('',#1490,#1491);
#1490 = CARTESIAN_POINT('',(26.847,27.33,-0.1));
#1491 = VECTOR('',#1492,1.);
#1492 = DIRECTION('',(0.,0.,1.));
#1493 = PLANE('',#1494);
#1494 = AXIS2_PLACEMENT_3D('',#1495,#1496,#1497);
#1495 = CARTESIAN_POINT('',(-27.153,27.33,-0.1));
#1496 = DIRECTION('',(0.,1.,0.));
#1497 = DIRECTION('',(0.,0.,1.));
#1498 = ADVANCED_FACE('',(#1499),#1510,.F.);
#1499 = FACE_BOUND('',#1500,.F.);
#1500 = EDGE_LOOP('',(#1501,#1502,#1503,#1509));
#1501 = ORIENTED_EDGE('',*,*,#1471,.F.);
#1502 = ORIENTED_EDGE('',*,*,#306,.T.);
#1503 = ORIENTED_EDGE('',*,*,#1504,.T.);
#1504 = EDGE_CURVE('',#307,#773,#1505,.T.);
#1505 = LINE('',#1506,#1507);
#1506 = CARTESIAN_POINT('',(29.847,24.33,-0.1));
#1507 = VECTOR('',#1508,1.);
#1508 = DIRECTION('',(0.,0.,1.));
#1509 = ORIENTED_EDGE('',*,*,#781,.F.);
#1510 = PLANE('',#1511);
#1511 = AXIS2_PLACEMENT_3D('',#1512,#1513,#1514);
#1512 = CARTESIAN_POINT('',(29.847,-10.67,-0.1));
#1513 = DIRECTION('',(1.,0.,0.));
#1514 = DIRECTION('',(0.,0.,1.));
#1515 = ADVANCED_FACE('',(#1516),#1522,.F.);
#1516 = FACE_BOUND('',#1517,.F.);
#1517 = EDGE_LOOP('',(#1518,#1519,#1520,#1521));
#1518 = ORIENTED_EDGE('',*,*,#772,.F.);
#1519 = ORIENTED_EDGE('',*,*,#1504,.F.);
#1520 = ORIENTED_EDGE('',*,*,#314,.T.);
#1521 = ORIENTED_EDGE('',*,*,#1488,.T.);
#1522 = CYLINDRICAL_SURFACE('',#1523,3.);
#1523 = AXIS2_PLACEMENT_3D('',#1524,#1525,#1526);
#1524 = CARTESIAN_POINT('',(26.847,24.33,-0.1));
#1525 = DIRECTION('',(0.,0.,1.));
#1526 = DIRECTION('',(1.,0.,0.));
#1527 = ADVANCED_FACE('',(#1528),#1539,.F.);
#1528 = FACE_BOUND('',#1529,.F.);
#1529 = EDGE_LOOP('',(#1530,#1531,#1537,#1538));
#1530 = ORIENTED_EDGE('',*,*,#632,.F.);
#1531 = ORIENTED_EDGE('',*,*,#1532,.F.);
#1532 = EDGE_CURVE('',#349,#633,#1533,.T.);
#1533 = LINE('',#1534,#1535);
#1534 = CARTESIAN_POINT('',(-57.3,-5.,-0.1));
#1535 = VECTOR('',#1536,1.);
#1536 = DIRECTION('',(0.,0.,1.));
#1537 = ORIENTED_EDGE('',*,*,#348,.T.);
#1538 = ORIENTED_EDGE('',*,*,#1532,.T.);
#1539 = CYLINDRICAL_SURFACE('',#1540,1.7);
#1540 = AXIS2_PLACEMENT_3D('',#1541,#1542,#1543);
#1541 = CARTESIAN_POINT('',(-59.,-5.,-0.1));
#1542 = DIRECTION('',(0.,0.,1.));
#1543 = DIRECTION('',(1.,0.,-0.));
#1544 = ADVANCED_FACE('',(#1545),#1556,.F.);
#1545 = FACE_BOUND('',#1546,.F.);
#1546 = EDGE_LOOP('',(#1547,#1548,#1554,#1555));
#1547 = ORIENTED_EDGE('',*,*,#643,.F.);
#1548 = ORIENTED_EDGE('',*,*,#1549,.F.);
#1549 = EDGE_CURVE('',#360,#644,#1550,.T.);
#1550 = LINE('',#1551,#1552);
#1551 = CARTESIAN_POINT('',(-57.3,5.,-0.1));
#1552 = VECTOR('',#1553,1.);
#1553 = DIRECTION('',(0.,0.,1.));
#1554 = ORIENTED_EDGE('',*,*,#359,.T.);
#1555 = ORIENTED_EDGE('',*,*,#1549,.T.);
#1556 = CYLINDRICAL_SURFACE('',#1557,1.7);
#1557 = AXIS2_PLACEMENT_3D('',#1558,#1559,#1560);
#1558 = CARTESIAN_POINT('',(-59.,5.,-0.1));
#1559 = DIRECTION('',(0.,0.,1.));
#1560 = DIRECTION('',(1.,0.,-0.));
#1561 = ADVANCED_FACE('',(#1562),#1573,.F.);
#1562 = FACE_BOUND('',#1563,.F.);
#1563 = EDGE_LOOP('',(#1564,#1565,#1571,#1572));
#1564 = ORIENTED_EDGE('',*,*,#976,.F.);
#1565 = ORIENTED_EDGE('',*,*,#1566,.F.);
#1566 = EDGE_CURVE('',#371,#977,#1567,.T.);
#1567 = LINE('',#1568,#1569);
#1568 = CARTESIAN_POINT('',(60.7,15.,-0.1));
#1569 = VECTOR('',#1570,1.);
#1570 = DIRECTION('',(0.,0.,1.));
#1571 = ORIENTED_EDGE('',*,*,#370,.T.);
#1572 = ORIENTED_EDGE('',*,*,#1566,.T.);
#1573 = CYLINDRICAL_SURFACE('',#1574,1.7);
#1574 = AXIS2_PLACEMENT_3D('',#1575,#1576,#1577);
#1575 = CARTESIAN_POINT('',(59.,15.,-0.1));
#1576 = DIRECTION('',(0.,0.,1.));
#1577 = DIRECTION('',(1.,0.,-0.));
#1578 = ADVANCED_FACE('',(#1579),#1590,.F.);
#1579 = FACE_BOUND('',#1580,.F.);
#1580 = EDGE_LOOP('',(#1581,#1582,#1588,#1589));
#1581 = ORIENTED_EDGE('',*,*,#987,.F.);
#1582 = ORIENTED_EDGE('',*,*,#1583,.F.);
#1583 = EDGE_CURVE('',#382,#988,#1584,.T.);
#1584 = LINE('',#1585,#1586);
#1585 = CARTESIAN_POINT('',(60.7,25.,-0.1));
#1586 = VECTOR('',#1587,1.);
#1587 = DIRECTION('',(0.,0.,1.));
#1588 = ORIENTED_EDGE('',*,*,#381,.T.);
#1589 = ORIENTED_EDGE('',*,*,#1583,.T.);
#1590 = CYLINDRICAL_SURFACE('',#1591,1.7);
#1591 = AXIS2_PLACEMENT_3D('',#1592,#1593,#1594);
#1592 = CARTESIAN_POINT('',(59.,25.,-0.1));
#1593 = DIRECTION('',(0.,0.,1.));
#1594 = DIRECTION('',(1.,0.,-0.));
#1595 = ADVANCED_FACE('',(#1596),#1607,.F.);
#1596 = FACE_BOUND('',#1597,.F.);
#1597 = EDGE_LOOP('',(#1598,#1599,#1605,#1606));
#1598 = ORIENTED_EDGE('',*,*,#1009,.F.);
#1599 = ORIENTED_EDGE('',*,*,#1600,.F.);
#1600 = EDGE_CURVE('',#393,#1010,#1601,.T.);
#1601 = LINE('',#1602,#1603);
#1602 = CARTESIAN_POINT('',(60.7,35.,-0.1));
#1603 = VECTOR('',#1604,1.);
#1604 = DIRECTION('',(0.,0.,1.));
#1605 = ORIENTED_EDGE('',*,*,#392,.T.);
#1606 = ORIENTED_EDGE('',*,*,#1600,.T.);
#1607 = CYLINDRICAL_SURFACE('',#1608,1.7);
#1608 = AXIS2_PLACEMENT_3D('',#1609,#1610,#1611);
#1609 = CARTESIAN_POINT('',(59.,35.,-0.1));
#1610 = DIRECTION('',(0.,0.,1.));
#1611 = DIRECTION('',(1.,0.,-0.));
#1612 = ADVANCED_FACE('',(#1613),#1624,.F.);
#1613 = FACE_BOUND('',#1614,.F.);
#1614 = EDGE_LOOP('',(#1615,#1616,#1622,#1623));
#1615 = ORIENTED_EDGE('',*,*,#943,.F.);
#1616 = ORIENTED_EDGE('',*,*,#1617,.F.);
#1617 = EDGE_CURVE('',#404,#944,#1618,.T.);
#1618 = LINE('',#1619,#1620);
#1619 = CARTESIAN_POINT('',(-57.3,15.,-0.1));
#1620 = VECTOR('',#1621,1.);
#1621 = DIRECTION('',(0.,0.,1.));
#1622 = ORIENTED_EDGE('',*,*,#403,.T.);
#1623 = ORIENTED_EDGE('',*,*,#1617,.T.);
#1624 = CYLINDRICAL_SURFACE('',#1625,1.7);
#1625 = AXIS2_PLACEMENT_3D('',#1626,#1627,#1628);
#1626 = CARTESIAN_POINT('',(-59.,15.,-0.1));
#1627 = DIRECTION('',(0.,0.,1.));
#1628 = DIRECTION('',(1.,0.,-0.));
#1629 = ADVANCED_FACE('',(#1630),#1641,.F.);
#1630 = FACE_BOUND('',#1631,.F.);
#1631 = EDGE_LOOP('',(#1632,#1633,#1639,#1640));
#1632 = ORIENTED_EDGE('',*,*,#954,.F.);
#1633 = ORIENTED_EDGE('',*,*,#1634,.F.);
#1634 = EDGE_CURVE('',#415,#955,#1635,.T.);
#1635 = LINE('',#1636,#1637);
#1636 = CARTESIAN_POINT('',(-57.3,25.,-0.1));
#1637 = VECTOR('',#1638,1.);
#1638 = DIRECTION('',(0.,0.,1.));
#1639 = ORIENTED_EDGE('',*,*,#414,.T.);
#1640 = ORIENTED_EDGE('',*,*,#1634,.T.);
#1641 = CYLINDRICAL_SURFACE('',#1642,1.7);
#1642 = AXIS2_PLACEMENT_3D('',#1643,#1644,#1645);
#1643 = CARTESIAN_POINT('',(-59.,25.,-0.1));
#1644 = DIRECTION('',(0.,0.,1.));
#1645 = DIRECTION('',(1.,0.,-0.));
#1646 = ADVANCED_FACE('',(#1647),#1658,.F.);
#1647 = FACE_BOUND('',#1648,.F.);
#1648 = EDGE_LOOP('',(#1649,#1650,#1656,#1657));
#1649 = ORIENTED_EDGE('',*,*,#998,.F.);
#1650 = ORIENTED_EDGE('',*,*,#1651,.F.);
#1651 = EDGE_CURVE('',#426,#999,#1652,.T.);
#1652 = LINE('',#1653,#1654);
#1653 = CARTESIAN_POINT('',(3.4,49.,-0.1));
#1654 = VECTOR('',#1655,1.);
#1655 = DIRECTION('',(0.,0.,1.));
#1656 = ORIENTED_EDGE('',*,*,#425,.T.);
#1657 = ORIENTED_EDGE('',*,*,#1651,.T.);
#1658 = CYLINDRICAL_SURFACE('',#1659,3.4);
#1659 = AXIS2_PLACEMENT_3D('',#1660,#1661,#1662);
#1660 = CARTESIAN_POINT('',(0.,49.,-0.1));
#1661 = DIRECTION('',(0.,0.,1.));
#1662 = DIRECTION('',(1.,0.,-0.));
#1663 = ADVANCED_FACE('',(#1664),#1675,.F.);
#1664 = FACE_BOUND('',#1665,.F.);
#1665 = EDGE_LOOP('',(#1666,#1667,#1673,#1674));
#1666 = ORIENTED_EDGE('',*,*,#965,.F.);
#1667 = ORIENTED_EDGE('',*,*,#1668,.F.);
#1668 = EDGE_CURVE('',#437,#966,#1669,.T.);
#1669 = LINE('',#1670,#1671);
#1670 = CARTESIAN_POINT('',(-57.3,35.,-0.1));
#1671 = VECTOR('',#1672,1.);
#1672 = DIRECTION('',(0.,0.,1.));
#1673 = ORIENTED_EDGE('',*,*,#436,.T.);
#1674 = ORIENTED_EDGE('',*,*,#1668,.T.);
#1675 = CYLINDRICAL_SURFACE('',#1676,1.7);
#1676 = AXIS2_PLACEMENT_3D('',#1677,#1678,#1679);
#1677 = CARTESIAN_POINT('',(-59.,35.,-0.1));
#1678 = DIRECTION('',(0.,0.,1.));
#1679 = DIRECTION('',(1.,0.,-0.));
#1680 = ADVANCED_FACE('',(#1681),#1730,.T.);
#1681 = FACE_BOUND('',#1682,.T.);
#1682 = EDGE_LOOP('',(#1683,#1691,#1699,#1707,#1715,#1723,#1729));
#1683 = ORIENTED_EDGE('',*,*,#1684,.T.);
#1684 = EDGE_CURVE('',#657,#1685,#1687,.T.);
#1685 = VERTEX_POINT('',#1686);
#1686 = CARTESIAN_POINT('',(-34.9,-20.,14.));
#1687 = LINE('',#1688,#1689);
#1688 = CARTESIAN_POINT('',(-34.9,-20.,4.));
#1689 = VECTOR('',#1690,1.);
#1690 = DIRECTION('',(0.,0.,1.));
#1691 = ORIENTED_EDGE('',*,*,#1692,.F.);
#1692 = EDGE_CURVE('',#1693,#1685,#1695,.T.);
#1693 = VERTEX_POINT('',#1694);
#1694 = CARTESIAN_POINT('',(-37.9,-20.,14.));
#1695 = LINE('',#1696,#1697);
#1696 = CARTESIAN_POINT('',(-38.9,-20.,14.));
#1697 = VECTOR('',#1698,1.);
#1698 = DIRECTION('',(1.,0.,-0.));
#1699 = ORIENTED_EDGE('',*,*,#1700,.F.);
#1700 = EDGE_CURVE('',#1701,#1693,#1703,.T.);
#1701 = VERTEX_POINT('',#1702);
#1702 = CARTESIAN_POINT('',(-37.9,-20.,12.232678721406));
#1703 = LINE('',#1704,#1705);
#1704 = CARTESIAN_POINT('',(-37.9,-20.,16.674222914002));
#1705 = VECTOR('',#1706,1.);
#1706 = DIRECTION('',(0.,-0.,1.));
#1707 = ORIENTED_EDGE('',*,*,#1708,.T.);
#1708 = EDGE_CURVE('',#1701,#1709,#1711,.T.);
#1709 = VERTEX_POINT('',#1710);
#1710 = CARTESIAN_POINT('',(-38.9,-20.,12.232678721406));
#1711 = LINE('',#1712,#1713);
#1712 = CARTESIAN_POINT('',(-38.9,-20.,12.232678721406));
#1713 = VECTOR('',#1714,1.);
#1714 = DIRECTION('',(-1.,0.,-0.));
#1715 = ORIENTED_EDGE('',*,*,#1716,.F.);
#1716 = EDGE_CURVE('',#1717,#1709,#1719,.T.);
#1717 = VERTEX_POINT('',#1718);
#1718 = CARTESIAN_POINT('',(-38.9,-20.,10.));
#1719 = LINE('',#1720,#1721);
#1720 = CARTESIAN_POINT('',(-38.9,-20.,4.));
#1721 = VECTOR('',#1722,1.);
#1722 = DIRECTION('',(0.,0.,1.));
#1723 = ORIENTED_EDGE('',*,*,#1724,.F.);
#1724 = EDGE_CURVE('',#655,#1717,#1725,.T.);
#1725 = LINE('',#1726,#1727);
#1726 = CARTESIAN_POINT('',(-48.9,-20.,4.));
#1727 = VECTOR('',#1728,1.);
#1728 = DIRECTION('',(0.857492925713,0.,0.514495755428));
#1729 = ORIENTED_EDGE('',*,*,#654,.T.);
#1730 = PLANE('',#1731);
#1731 = AXIS2_PLACEMENT_3D('',#1732,#1733,#1734);
#1732 = CARTESIAN_POINT('',(-40.05758116992,-20.,7.555007377556));
#1733 = DIRECTION('',(-0.,-1.,-0.));
#1734 = DIRECTION('',(0.,0.,-1.));
#1735 = ADVANCED_FACE('',(#1736),#1754,.F.);
#1736 = FACE_BOUND('',#1737,.F.);
#1737 = EDGE_LOOP('',(#1738,#1739,#1747,#1753));
#1738 = ORIENTED_EDGE('',*,*,#664,.T.);
#1739 = ORIENTED_EDGE('',*,*,#1740,.T.);
#1740 = EDGE_CURVE('',#665,#1741,#1743,.T.);
#1741 = VERTEX_POINT('',#1742);
#1742 = CARTESIAN_POINT('',(-38.9,-12.,10.));
#1743 = LINE('',#1744,#1745);
#1744 = CARTESIAN_POINT('',(-48.9,-12.,4.));
#1745 = VECTOR('',#1746,1.);
#1746 = DIRECTION('',(0.857492925713,0.,0.514495755428));
#1747 = ORIENTED_EDGE('',*,*,#1748,.F.);
#1748 = EDGE_CURVE('',#1717,#1741,#1749,.T.);
#1749 = LINE('',#1750,#1751);
#1750 = CARTESIAN_POINT('',(-38.9,-20.,10.));
#1751 = VECTOR('',#1752,1.);
#1752 = DIRECTION('',(0.,1.,0.));
#1753 = ORIENTED_EDGE('',*,*,#1724,.F.);
#1754 = PLANE('',#1755);
#1755 = AXIS2_PLACEMENT_3D('',#1756,#1757,#1758);
#1756 = CARTESIAN_POINT('',(-48.9,-20.,4.));
#1757 = DIRECTION('',(0.514495755428,0.,-0.857492925713));
#1758 = DIRECTION('',(0.857492925713,0.,0.514495755428));
#1759 = ADVANCED_FACE('',(#1760,#1838,#1849),#1887,.T.);
#1760 = FACE_BOUND('',#1761,.T.);
#1761 = EDGE_LOOP('',(#1762,#1763,#1764,#1772,#1781,#1789,#1797,#1805,
    #1814,#1823,#1831));
#1762 = ORIENTED_EDGE('',*,*,#1684,.F.);
#1763 = ORIENTED_EDGE('',*,*,#728,.T.);
#1764 = ORIENTED_EDGE('',*,*,#1765,.T.);
#1765 = EDGE_CURVE('',#721,#1766,#1768,.T.);
#1766 = VERTEX_POINT('',#1767);
#1767 = CARTESIAN_POINT('',(-34.9,33.,8.));
#1768 = LINE('',#1769,#1770);
#1769 = CARTESIAN_POINT('',(-34.9,33.,4.));
#1770 = VECTOR('',#1771,1.);
#1771 = DIRECTION('',(0.,0.,1.));
#1772 = ORIENTED_EDGE('',*,*,#1773,.T.);
#1773 = EDGE_CURVE('',#1766,#1774,#1776,.T.);
#1774 = VERTEX_POINT('',#1775);
#1775 = CARTESIAN_POINT('',(-34.9,38.838576045578,12.6176));
#1776 = CIRCLE('',#1777,6.);
#1777 = AXIS2_PLACEMENT_3D('',#1778,#1779,#1780);
#1778 = CARTESIAN_POINT('',(-34.9,33.,14.));
#1779 = DIRECTION('',(1.,0.,0.));
#1780 = DIRECTION('',(-0.,0.,1.));
#1781 = ORIENTED_EDGE('',*,*,#1782,.T.);
#1782 = EDGE_CURVE('',#1774,#1783,#1785,.T.);
#1783 = VERTEX_POINT('',#1784);
#1784 = CARTESIAN_POINT('',(-34.9,38.7999,12.6176));
#1785 = LINE('',#1786,#1787);
#1786 = CARTESIAN_POINT('',(-34.9,22.432773127211,12.6176));
#1787 = VECTOR('',#1788,1.);
#1788 = DIRECTION('',(0.,-1.,0.));
#1789 = ORIENTED_EDGE('',*,*,#1790,.T.);
#1790 = EDGE_CURVE('',#1783,#1791,#1793,.T.);
#1791 = VERTEX_POINT('',#1792);
#1792 = CARTESIAN_POINT('',(-34.9,38.7999,15.3824));
#1793 = LINE('',#1794,#1795);
#1794 = CARTESIAN_POINT('',(-34.9,38.7999,17.226458568749));
#1795 = VECTOR('',#1796,1.);
#1796 = DIRECTION('',(0.,-0.,1.));
#1797 = ORIENTED_EDGE('',*,*,#1798,.F.);
#1798 = EDGE_CURVE('',#1799,#1791,#1801,.T.);
#1799 = VERTEX_POINT('',#1800);
#1800 = CARTESIAN_POINT('',(-34.9,38.838576045578,15.3824));
#1801 = LINE('',#1802,#1803);
#1802 = CARTESIAN_POINT('',(-34.9,22.432773127211,15.3824));
#1803 = VECTOR('',#1804,1.);
#1804 = DIRECTION('',(0.,-1.,0.));
#1805 = ORIENTED_EDGE('',*,*,#1806,.T.);
#1806 = EDGE_CURVE('',#1799,#1807,#1809,.T.);
#1807 = VERTEX_POINT('',#1808);
#1808 = CARTESIAN_POINT('',(-34.9,33.,20.));
#1809 = CIRCLE('',#1810,6.);
#1810 = AXIS2_PLACEMENT_3D('',#1811,#1812,#1813);
#1811 = CARTESIAN_POINT('',(-34.9,33.,14.));
#1812 = DIRECTION('',(1.,0.,0.));
#1813 = DIRECTION('',(-0.,0.,1.));
#1814 = ORIENTED_EDGE('',*,*,#1815,.T.);
#1815 = EDGE_CURVE('',#1807,#1816,#1818,.T.);
#1816 = VERTEX_POINT('',#1817);
#1817 = CARTESIAN_POINT('',(-34.9,29.076886768103,18.539733755377));
#1818 = CIRCLE('',#1819,6.);
#1819 = AXIS2_PLACEMENT_3D('',#1820,#1821,#1822);
#1820 = CARTESIAN_POINT('',(-34.9,33.,14.));
#1821 = DIRECTION('',(1.,0.,0.));
#1822 = DIRECTION('',(-0.,0.,1.));
#1823 = ORIENTED_EDGE('',*,*,#1824,.F.);
#1824 = EDGE_CURVE('',#1825,#1816,#1827,.T.);
#1825 = VERTEX_POINT('',#1826);
#1826 = CARTESIAN_POINT('',(-34.9,-1.65416688176,54.100981505833));
#1827 = LINE('',#1828,#1829);
#1828 = CARTESIAN_POINT('',(-34.9,-1.65416688176,54.100981505833));
#1829 = VECTOR('',#1830,1.);
#1830 = DIRECTION('',(0.,0.653852205316,-0.756622292563));
#1831 = ORIENTED_EDGE('',*,*,#1832,.F.);
#1832 = EDGE_CURVE('',#1685,#1825,#1833,.T.);
#1833 = CIRCLE('',#1834,53.);
#1834 = AXIS2_PLACEMENT_3D('',#1835,#1836,#1837);
#1835 = CARTESIAN_POINT('',(-34.9,33.,14.));
#1836 = DIRECTION('',(-1.,0.,0.));
#1837 = DIRECTION('',(-0.,-0.987227283376,-0.159318206614));
#1838 = FACE_BOUND('',#1839,.T.);
#1839 = EDGE_LOOP('',(#1840));
#1840 = ORIENTED_EDGE('',*,*,#1841,.F.);
#1841 = EDGE_CURVE('',#1842,#1842,#1844,.T.);
#1842 = VERTEX_POINT('',#1843);
#1843 = CARTESIAN_POINT('',(-34.9,33.,15.7));
#1844 = CIRCLE('',#1845,1.7);
#1845 = AXIS2_PLACEMENT_3D('',#1846,#1847,#1848);
#1846 = CARTESIAN_POINT('',(-34.9,33.,14.));
#1847 = DIRECTION('',(1.,0.,0.));
#1848 = DIRECTION('',(-0.,0.,1.));
#1849 = FACE_BOUND('',#1850,.T.);
#1850 = EDGE_LOOP('',(#1851,#1862,#1871,#1880));
#1851 = ORIENTED_EDGE('',*,*,#1852,.F.);
#1852 = EDGE_CURVE('',#1853,#1855,#1857,.T.);
#1853 = VERTEX_POINT('',#1854);
#1854 = CARTESIAN_POINT('',(-34.9,-13.67405795773,12.443621588924));
#1855 = VERTEX_POINT('',#1856);
#1856 = CARTESIAN_POINT('',(-34.9,-10.27594667172,12.556933935769));
#1857 = CIRCLE('',#1858,1.7);
#1858 = AXIS2_PLACEMENT_3D('',#1859,#1860,#1861);
#1859 = CARTESIAN_POINT('',(-34.9,-11.97500231472,12.500277762346));
#1860 = DIRECTION('',(1.,0.,0.));
#1861 = DIRECTION('',(-0.,0.,1.));
#1862 = ORIENTED_EDGE('',*,*,#1863,.T.);
#1863 = EDGE_CURVE('',#1853,#1864,#1866,.T.);
#1864 = VERTEX_POINT('',#1865);
#1865 = CARTESIAN_POINT('',(-34.9,-1.753981977709,45.193761182216));
#1866 = CIRCLE('',#1867,46.7);
#1867 = AXIS2_PLACEMENT_3D('',#1868,#1869,#1870);
#1868 = CARTESIAN_POINT('',(-34.9,33.,14.));
#1869 = DIRECTION('',(-1.,0.,0.));
#1870 = DIRECTION('',(-0.,-0.999444495883,-3.332716083675E-02));
#1871 = ORIENTED_EDGE('',*,*,#1872,.F.);
#1872 = EDGE_CURVE('',#1873,#1864,#1875,.T.);
#1873 = VERTEX_POINT('',#1874);
#1874 = CARTESIAN_POINT('',(-34.9,0.776286517456,42.9226950576));
#1875 = CIRCLE('',#1876,1.7);
#1876 = AXIS2_PLACEMENT_3D('',#1877,#1878,#1879);
#1877 = CARTESIAN_POINT('',(-34.9,-0.488847730126,44.058228119908));
#1878 = DIRECTION('',(1.,0.,0.));
#1879 = DIRECTION('',(-0.,0.,1.));
#1880 = ORIENTED_EDGE('',*,*,#1881,.F.);
#1881 = EDGE_CURVE('',#1855,#1873,#1882,.T.);
#1882 = CIRCLE('',#1883,43.3);
#1883 = AXIS2_PLACEMENT_3D('',#1884,#1885,#1886);
#1884 = CARTESIAN_POINT('',(-34.9,33.,14.));
#1885 = DIRECTION('',(-1.,-0.,0.));
#1886 = DIRECTION('',(0.,-0.744196616225,0.667960624887));
#1887 = PLANE('',#1888);
#1888 = AXIS2_PLACEMENT_3D('',#1889,#1890,#1891);
#1889 = CARTESIAN_POINT('',(-34.9,6.065646254421,21.835317137499));
#1890 = DIRECTION('',(1.,0.,0.));
#1891 = DIRECTION('',(-0.,0.,1.));
#1892 = ADVANCED_FACE('',(#1893),#1903,.T.);
#1893 = FACE_BOUND('',#1894,.T.);
#1894 = EDGE_LOOP('',(#1895,#1896,#1897));
#1895 = ORIENTED_EDGE('',*,*,#672,.T.);
#1896 = ORIENTED_EDGE('',*,*,#1740,.T.);
#1897 = ORIENTED_EDGE('',*,*,#1898,.T.);
#1898 = EDGE_CURVE('',#1741,#673,#1899,.T.);
#1899 = LINE('',#1900,#1901);
#1900 = CARTESIAN_POINT('',(-38.9,-12.,10.));
#1901 = VECTOR('',#1902,1.);
#1902 = DIRECTION('',(0.,0.,-1.));
#1903 = PLANE('',#1904);
#1904 = AXIS2_PLACEMENT_3D('',#1905,#1906,#1907);
#1905 = CARTESIAN_POINT('',(-42.81547594742,-12.,5.915475947423));
#1906 = DIRECTION('',(0.,1.,0.));
#1907 = DIRECTION('',(0.,-0.,1.));
#1908 = ADVANCED_FACE('',(#1909),#1927,.T.);
#1909 = FACE_BOUND('',#1910,.T.);
#1910 = EDGE_LOOP('',(#1911,#1912,#1913,#1921));
#1911 = ORIENTED_EDGE('',*,*,#1765,.F.);
#1912 = ORIENTED_EDGE('',*,*,#720,.F.);
#1913 = ORIENTED_EDGE('',*,*,#1914,.T.);
#1914 = EDGE_CURVE('',#713,#1915,#1917,.T.);
#1915 = VERTEX_POINT('',#1916);
#1916 = CARTESIAN_POINT('',(-38.9,33.,8.));
#1917 = LINE('',#1918,#1919);
#1918 = CARTESIAN_POINT('',(-38.9,33.,4.));
#1919 = VECTOR('',#1920,1.);
#1920 = DIRECTION('',(0.,0.,1.));
#1921 = ORIENTED_EDGE('',*,*,#1922,.T.);
#1922 = EDGE_CURVE('',#1915,#1766,#1923,.T.);
#1923 = LINE('',#1924,#1925);
#1924 = CARTESIAN_POINT('',(-38.9,33.,8.));
#1925 = VECTOR('',#1926,1.);
#1926 = DIRECTION('',(1.,0.,0.));
#1927 = PLANE('',#1928);
#1928 = AXIS2_PLACEMENT_3D('',#1929,#1930,#1931);
#1929 = CARTESIAN_POINT('',(-38.9,33.,4.));
#1930 = DIRECTION('',(-0.,1.,0.));
#1931 = DIRECTION('',(0.,0.,1.));
#1932 = ADVANCED_FACE('',(#1933,#2097),#2108,.T.);
#1933 = FACE_BOUND('',#1934,.T.);
#1934 = EDGE_LOOP('',(#1935,#1946,#1955,#1963,#1972,#1980,#1989,#1997,
    #2006,#2015,#2023,#2031,#2039,#2046,#2047,#2048,#2056,#2064,#2070,
    #2071,#2072,#2073,#2074,#2082,#2091));
#1935 = ORIENTED_EDGE('',*,*,#1936,.F.);
#1936 = EDGE_CURVE('',#1937,#1939,#1941,.T.);
#1937 = VERTEX_POINT('',#1938);
#1938 = CARTESIAN_POINT('',(-38.9,-6.,14.));
#1939 = VERTEX_POINT('',#1940);
#1940 = CARTESIAN_POINT('',(-38.9,-5.978335339432,12.700240727367));
#1941 = CIRCLE('',#1942,39.);
#1942 = AXIS2_PLACEMENT_3D('',#1943,#1944,#1945);
#1943 = CARTESIAN_POINT('',(-38.9,33.,14.));
#1944 = DIRECTION('',(1.,0.,0.));
#1945 = DIRECTION('',(0.,-0.744196616225,0.667960624887));
#1946 = ORIENTED_EDGE('',*,*,#1947,.F.);
#1947 = EDGE_CURVE('',#1948,#1937,#1950,.T.);
#1948 = VERTEX_POINT('',#1949);
#1949 = CARTESIAN_POINT('',(-38.9,3.976331967224,40.050464370587));
#1950 = CIRCLE('',#1951,39.);
#1951 = AXIS2_PLACEMENT_3D('',#1952,#1953,#1954);
#1952 = CARTESIAN_POINT('',(-38.9,33.,14.));
#1953 = DIRECTION('',(1.,0.,0.));
#1954 = DIRECTION('',(0.,-0.744196616225,0.667960624887));
#1955 = ORIENTED_EDGE('',*,*,#1956,.F.);
#1956 = EDGE_CURVE('',#1957,#1948,#1959,.T.);
#1957 = VERTEX_POINT('',#1958);
#1958 = CARTESIAN_POINT('',(-38.9,0.776286517456,42.9226950576));
#1959 = LINE('',#1960,#1961);
#1960 = CARTESIAN_POINT('',(-38.9,-6.516840321549,49.468709181491));
#1961 = VECTOR('',#1962,1.);
#1962 = DIRECTION('',(0.,0.744196616225,-0.667960624887));
#1963 = ORIENTED_EDGE('',*,*,#1964,.T.);
#1964 = EDGE_CURVE('',#1957,#1965,#1967,.T.);
#1965 = VERTEX_POINT('',#1966);
#1966 = CARTESIAN_POINT('',(-38.9,-1.753981977709,45.193761182216));
#1967 = CIRCLE('',#1968,1.7);
#1968 = AXIS2_PLACEMENT_3D('',#1969,#1970,#1971);
#1969 = CARTESIAN_POINT('',(-38.9,-0.488847730126,44.058228119908));
#1970 = DIRECTION('',(1.,0.,0.));
#1971 = DIRECTION('',(-0.,0.,1.));
#1972 = ORIENTED_EDGE('',*,*,#1973,.F.);
#1973 = EDGE_CURVE('',#1974,#1965,#1976,.T.);
#1974 = VERTEX_POINT('',#1975);
#1975 = CARTESIAN_POINT('',(-38.9,-6.442420659927,49.401913119002));
#1976 = LINE('',#1977,#1978);
#1977 = CARTESIAN_POINT('',(-38.9,-6.516840321549,49.468709181491));
#1978 = VECTOR('',#1979,1.);
#1979 = DIRECTION('',(0.,0.744196616225,-0.667960624887));
#1980 = ORIENTED_EDGE('',*,*,#1981,.T.);
#1981 = EDGE_CURVE('',#1974,#1982,#1984,.T.);
#1982 = VERTEX_POINT('',#1983);
#1983 = CARTESIAN_POINT('',(-38.9,-1.65416688176,54.100981505833));
#1984 = CIRCLE('',#1985,53.);
#1985 = AXIS2_PLACEMENT_3D('',#1986,#1987,#1988);
#1986 = CARTESIAN_POINT('',(-38.9,33.,14.));
#1987 = DIRECTION('',(-1.,0.,0.));
#1988 = DIRECTION('',(-0.,-0.987227283376,-0.159318206614));
#1989 = ORIENTED_EDGE('',*,*,#1990,.T.);
#1990 = EDGE_CURVE('',#1982,#1991,#1993,.T.);
#1991 = VERTEX_POINT('',#1992);
#1992 = CARTESIAN_POINT('',(-38.9,29.076886768103,18.539733755377));
#1993 = LINE('',#1994,#1995);
#1994 = CARTESIAN_POINT('',(-38.9,-1.65416688176,54.100981505833));
#1995 = VECTOR('',#1996,1.);
#1996 = DIRECTION('',(0.,0.653852205316,-0.756622292563));
#1997 = ORIENTED_EDGE('',*,*,#1998,.F.);
#1998 = EDGE_CURVE('',#1999,#1991,#2001,.T.);
#1999 = VERTEX_POINT('',#2000);
#2000 = CARTESIAN_POINT('',(-38.9,33.,20.));
#2001 = CIRCLE('',#2002,6.);
#2002 = AXIS2_PLACEMENT_3D('',#2003,#2004,#2005);
#2003 = CARTESIAN_POINT('',(-38.9,33.,14.));
#2004 = DIRECTION('',(1.,0.,0.));
#2005 = DIRECTION('',(-0.,0.,1.));
#2006 = ORIENTED_EDGE('',*,*,#2007,.F.);
#2007 = EDGE_CURVE('',#2008,#1999,#2010,.T.);
#2008 = VERTEX_POINT('',#2009);
#2009 = CARTESIAN_POINT('',(-38.9,38.838576045578,15.3824));
#2010 = CIRCLE('',#2011,6.);
#2011 = AXIS2_PLACEMENT_3D('',#2012,#2013,#2014);
#2012 = CARTESIAN_POINT('',(-38.9,33.,14.));
#2013 = DIRECTION('',(1.,0.,0.));
#2014 = DIRECTION('',(-0.,0.,1.));
#2015 = ORIENTED_EDGE('',*,*,#2016,.F.);
#2016 = EDGE_CURVE('',#2017,#2008,#2019,.T.);
#2017 = VERTEX_POINT('',#2018);
#2018 = CARTESIAN_POINT('',(-38.9,38.7999,15.3824));
#2019 = LINE('',#2020,#2021);
#2020 = CARTESIAN_POINT('',(-38.9,23.019576601579,15.3824));
#2021 = VECTOR('',#2022,1.);
#2022 = DIRECTION('',(0.,1.,0.));
#2023 = ORIENTED_EDGE('',*,*,#2024,.T.);
#2024 = EDGE_CURVE('',#2017,#2025,#2027,.T.);
#2025 = VERTEX_POINT('',#2026);
#2026 = CARTESIAN_POINT('',(-38.9,38.7999,12.6176));
#2027 = LINE('',#2028,#2029);
#2028 = CARTESIAN_POINT('',(-38.9,38.7999,17.102086387389));
#2029 = VECTOR('',#2030,1.);
#2030 = DIRECTION('',(0.,0.,-1.));
#2031 = ORIENTED_EDGE('',*,*,#2032,.T.);
#2032 = EDGE_CURVE('',#2025,#2033,#2035,.T.);
#2033 = VERTEX_POINT('',#2034);
#2034 = CARTESIAN_POINT('',(-38.9,38.838576045578,12.6176));
#2035 = LINE('',#2036,#2037);
#2036 = CARTESIAN_POINT('',(-38.9,23.019576601579,12.6176));
#2037 = VECTOR('',#2038,1.);
#2038 = DIRECTION('',(0.,1.,0.));
#2039 = ORIENTED_EDGE('',*,*,#2040,.F.);
#2040 = EDGE_CURVE('',#1915,#2033,#2041,.T.);
#2041 = CIRCLE('',#2042,6.);
#2042 = AXIS2_PLACEMENT_3D('',#2043,#2044,#2045);
#2043 = CARTESIAN_POINT('',(-38.9,33.,14.));
#2044 = DIRECTION('',(1.,0.,0.));
#2045 = DIRECTION('',(-0.,0.,1.));
#2046 = ORIENTED_EDGE('',*,*,#1914,.F.);
#2047 = ORIENTED_EDGE('',*,*,#712,.F.);
#2048 = ORIENTED_EDGE('',*,*,#2049,.F.);
#2049 = EDGE_CURVE('',#2050,#705,#2052,.T.);
#2050 = VERTEX_POINT('',#2051);
#2051 = CARTESIAN_POINT('',(-38.9,20.,10.));
#2052 = LINE('',#2053,#2054);
#2053 = CARTESIAN_POINT('',(-38.9,20.,10.));
#2054 = VECTOR('',#2055,1.);
#2055 = DIRECTION('',(0.,0.,-1.));
#2056 = ORIENTED_EDGE('',*,*,#2057,.F.);
#2057 = EDGE_CURVE('',#2058,#2050,#2060,.T.);
#2058 = VERTEX_POINT('',#2059);
#2059 = CARTESIAN_POINT('',(-38.9,12.,10.));
#2060 = LINE('',#2061,#2062);
#2061 = CARTESIAN_POINT('',(-38.9,12.,10.));
#2062 = VECTOR('',#2063,1.);
#2063 = DIRECTION('',(0.,1.,0.));
#2064 = ORIENTED_EDGE('',*,*,#2065,.T.);
#2065 = EDGE_CURVE('',#2058,#681,#2066,.T.);
#2066 = LINE('',#2067,#2068);
#2067 = CARTESIAN_POINT('',(-38.9,12.,10.));
#2068 = VECTOR('',#2069,1.);
#2069 = DIRECTION('',(0.,0.,-1.));
#2070 = ORIENTED_EDGE('',*,*,#680,.F.);
#2071 = ORIENTED_EDGE('',*,*,#1898,.F.);
#2072 = ORIENTED_EDGE('',*,*,#1748,.F.);
#2073 = ORIENTED_EDGE('',*,*,#1716,.T.);
#2074 = ORIENTED_EDGE('',*,*,#2075,.F.);
#2075 = EDGE_CURVE('',#2076,#1709,#2078,.T.);
#2076 = VERTEX_POINT('',#2077);
#2077 = CARTESIAN_POINT('',(-38.9,-13.67405795773,12.443621588924));
#2078 = LINE('',#2079,#2080);
#2079 = CARTESIAN_POINT('',(-38.9,-5.978335339432,12.700240727367));
#2080 = VECTOR('',#2081,1.);
#2081 = DIRECTION('',(0.,-0.999444495883,-3.332716083675E-02));
#2082 = ORIENTED_EDGE('',*,*,#2083,.T.);
#2083 = EDGE_CURVE('',#2076,#2084,#2086,.T.);
#2084 = VERTEX_POINT('',#2085);
#2085 = CARTESIAN_POINT('',(-38.9,-10.27594667172,12.556933935769));
#2086 = CIRCLE('',#2087,1.7);
#2087 = AXIS2_PLACEMENT_3D('',#2088,#2089,#2090);
#2088 = CARTESIAN_POINT('',(-38.9,-11.97500231472,12.500277762346));
#2089 = DIRECTION('',(1.,0.,0.));
#2090 = DIRECTION('',(-0.,0.,1.));
#2091 = ORIENTED_EDGE('',*,*,#2092,.F.);
#2092 = EDGE_CURVE('',#1939,#2084,#2093,.T.);
#2093 = LINE('',#2094,#2095);
#2094 = CARTESIAN_POINT('',(-38.9,-5.978335339432,12.700240727367));
#2095 = VECTOR('',#2096,1.);
#2096 = DIRECTION('',(0.,-0.999444495883,-3.332716083675E-02));
#2097 = FACE_BOUND('',#2098,.T.);
#2098 = EDGE_LOOP('',(#2099));
#2099 = ORIENTED_EDGE('',*,*,#2100,.T.);
#2100 = EDGE_CURVE('',#2101,#2101,#2103,.T.);
#2101 = VERTEX_POINT('',#2102);
#2102 = CARTESIAN_POINT('',(-38.9,33.,15.7));
#2103 = CIRCLE('',#2104,1.7);
#2104 = AXIS2_PLACEMENT_3D('',#2105,#2106,#2107);
#2105 = CARTESIAN_POINT('',(-38.9,33.,14.));
#2106 = DIRECTION('',(1.,0.,0.));
#2107 = DIRECTION('',(-0.,0.,1.));
#2108 = PLANE('',#2109);
#2109 = AXIS2_PLACEMENT_3D('',#2110,#2111,#2112);
#2110 = CARTESIAN_POINT('',(-38.9,7.239253203159,21.586572774778));
#2111 = DIRECTION('',(-1.,-0.,-0.));
#2112 = DIRECTION('',(0.,0.,-1.));
#2113 = ADVANCED_FACE('',(#2114),#2124,.F.);
#2114 = FACE_BOUND('',#2115,.F.);
#2115 = EDGE_LOOP('',(#2116,#2117,#2123));
#2116 = ORIENTED_EDGE('',*,*,#688,.T.);
#2117 = ORIENTED_EDGE('',*,*,#2118,.T.);
#2118 = EDGE_CURVE('',#689,#2058,#2119,.T.);
#2119 = LINE('',#2120,#2121);
#2120 = CARTESIAN_POINT('',(-48.9,12.,4.));
#2121 = VECTOR('',#2122,1.);
#2122 = DIRECTION('',(0.857492925713,0.,0.514495755428));
#2123 = ORIENTED_EDGE('',*,*,#2065,.T.);
#2124 = PLANE('',#2125);
#2125 = AXIS2_PLACEMENT_3D('',#2126,#2127,#2128);
#2126 = CARTESIAN_POINT('',(-42.81547594742,12.,5.915475947423));
#2127 = DIRECTION('',(0.,1.,0.));
#2128 = DIRECTION('',(0.,-0.,1.));
#2129 = ADVANCED_FACE('',(#2130),#2140,.T.);
#2130 = FACE_BOUND('',#2131,.T.);
#2131 = EDGE_LOOP('',(#2132,#2133,#2139));
#2132 = ORIENTED_EDGE('',*,*,#704,.T.);
#2133 = ORIENTED_EDGE('',*,*,#2134,.T.);
#2134 = EDGE_CURVE('',#697,#2050,#2135,.T.);
#2135 = LINE('',#2136,#2137);
#2136 = CARTESIAN_POINT('',(-48.9,20.,4.));
#2137 = VECTOR('',#2138,1.);
#2138 = DIRECTION('',(0.857492925713,0.,0.514495755428));
#2139 = ORIENTED_EDGE('',*,*,#2049,.T.);
#2140 = PLANE('',#2141);
#2141 = AXIS2_PLACEMENT_3D('',#2142,#2143,#2144);
#2142 = CARTESIAN_POINT('',(-42.81547594742,20.,5.915475947423));
#2143 = DIRECTION('',(0.,1.,0.));
#2144 = DIRECTION('',(0.,-0.,1.));
#2145 = ADVANCED_FACE('',(#2146),#2152,.F.);
#2146 = FACE_BOUND('',#2147,.F.);
#2147 = EDGE_LOOP('',(#2148,#2149,#2150,#2151));
#2148 = ORIENTED_EDGE('',*,*,#696,.T.);
#2149 = ORIENTED_EDGE('',*,*,#2134,.T.);
#2150 = ORIENTED_EDGE('',*,*,#2057,.F.);
#2151 = ORIENTED_EDGE('',*,*,#2118,.F.);
#2152 = PLANE('',#2153);
#2153 = AXIS2_PLACEMENT_3D('',#2154,#2155,#2156);
#2154 = CARTESIAN_POINT('',(-48.9,12.,4.));
#2155 = DIRECTION('',(0.514495755428,0.,-0.857492925713));
#2156 = DIRECTION('',(0.857492925713,0.,0.514495755428));
#2157 = ADVANCED_FACE('',(#2158,#2243,#2254),#2292,.T.);
#2158 = FACE_BOUND('',#2159,.T.);
#2159 = EDGE_LOOP('',(#2160,#2161,#2169,#2178,#2186,#2195,#2204,#2212,
    #2220,#2228,#2237));
#2160 = ORIENTED_EDGE('',*,*,#850,.F.);
#2161 = ORIENTED_EDGE('',*,*,#2162,.T.);
#2162 = EDGE_CURVE('',#851,#2163,#2165,.T.);
#2163 = VERTEX_POINT('',#2164);
#2164 = CARTESIAN_POINT('',(34.9,-20.,14.));
#2165 = LINE('',#2166,#2167);
#2166 = CARTESIAN_POINT('',(34.9,-20.,4.));
#2167 = VECTOR('',#2168,1.);
#2168 = DIRECTION('',(0.,0.,1.));
#2169 = ORIENTED_EDGE('',*,*,#2170,.T.);
#2170 = EDGE_CURVE('',#2163,#2171,#2173,.T.);
#2171 = VERTEX_POINT('',#2172);
#2172 = CARTESIAN_POINT('',(34.9,-1.65416688176,54.100981505833));
#2173 = CIRCLE('',#2174,53.);
#2174 = AXIS2_PLACEMENT_3D('',#2175,#2176,#2177);
#2175 = CARTESIAN_POINT('',(34.9,33.,14.));
#2176 = DIRECTION('',(-1.,0.,0.));
#2177 = DIRECTION('',(-0.,-0.987227283376,-0.159318206614));
#2178 = ORIENTED_EDGE('',*,*,#2179,.T.);
#2179 = EDGE_CURVE('',#2171,#2180,#2182,.T.);
#2180 = VERTEX_POINT('',#2181);
#2181 = CARTESIAN_POINT('',(34.9,29.076886768103,18.539733755377));
#2182 = LINE('',#2183,#2184);
#2183 = CARTESIAN_POINT('',(34.9,-1.65416688176,54.100981505833));
#2184 = VECTOR('',#2185,1.);
#2185 = DIRECTION('',(0.,0.653852205316,-0.756622292563));
#2186 = ORIENTED_EDGE('',*,*,#2187,.F.);
#2187 = EDGE_CURVE('',#2188,#2180,#2190,.T.);
#2188 = VERTEX_POINT('',#2189);
#2189 = CARTESIAN_POINT('',(34.9,33.,20.));
#2190 = CIRCLE('',#2191,6.);
#2191 = AXIS2_PLACEMENT_3D('',#2192,#2193,#2194);
#2192 = CARTESIAN_POINT('',(34.9,33.,14.));
#2193 = DIRECTION('',(1.,0.,0.));
#2194 = DIRECTION('',(-0.,0.,1.));
#2195 = ORIENTED_EDGE('',*,*,#2196,.F.);
#2196 = EDGE_CURVE('',#2197,#2188,#2199,.T.);
#2197 = VERTEX_POINT('',#2198);
#2198 = CARTESIAN_POINT('',(34.9,38.838576045578,15.3824));
#2199 = CIRCLE('',#2200,6.);
#2200 = AXIS2_PLACEMENT_3D('',#2201,#2202,#2203);
#2201 = CARTESIAN_POINT('',(34.9,33.,14.));
#2202 = DIRECTION('',(1.,0.,0.));
#2203 = DIRECTION('',(-0.,0.,1.));
#2204 = ORIENTED_EDGE('',*,*,#2205,.F.);
#2205 = EDGE_CURVE('',#2206,#2197,#2208,.T.);
#2206 = VERTEX_POINT('',#2207);
#2207 = CARTESIAN_POINT('',(34.9,38.7999,15.3824));
#2208 = LINE('',#2209,#2210);
#2209 = CARTESIAN_POINT('',(34.9,22.432773127211,15.3824));
#2210 = VECTOR('',#2211,1.);
#2211 = DIRECTION('',(0.,1.,0.));
#2212 = ORIENTED_EDGE('',*,*,#2213,.T.);
#2213 = EDGE_CURVE('',#2206,#2214,#2216,.T.);
#2214 = VERTEX_POINT('',#2215);
#2215 = CARTESIAN_POINT('',(34.9,38.7999,12.6176));
#2216 = LINE('',#2217,#2218);
#2217 = CARTESIAN_POINT('',(34.9,38.7999,17.226458568749));
#2218 = VECTOR('',#2219,1.);
#2219 = DIRECTION('',(0.,0.,-1.));
#2220 = ORIENTED_EDGE('',*,*,#2221,.T.);
#2221 = EDGE_CURVE('',#2214,#2222,#2224,.T.);
#2222 = VERTEX_POINT('',#2223);
#2223 = CARTESIAN_POINT('',(34.9,38.838576045578,12.6176));
#2224 = LINE('',#2225,#2226);
#2225 = CARTESIAN_POINT('',(34.9,22.432773127211,12.6176));
#2226 = VECTOR('',#2227,1.);
#2227 = DIRECTION('',(0.,1.,0.));
#2228 = ORIENTED_EDGE('',*,*,#2229,.F.);
#2229 = EDGE_CURVE('',#2230,#2222,#2232,.T.);
#2230 = VERTEX_POINT('',#2231);
#2231 = CARTESIAN_POINT('',(34.9,33.,8.));
#2232 = CIRCLE('',#2233,6.);
#2233 = AXIS2_PLACEMENT_3D('',#2234,#2235,#2236);
#2234 = CARTESIAN_POINT('',(34.9,33.,14.));
#2235 = DIRECTION('',(1.,0.,0.));
#2236 = DIRECTION('',(-0.,0.,1.));
#2237 = ORIENTED_EDGE('',*,*,#2238,.F.);
#2238 = EDGE_CURVE('',#853,#2230,#2239,.T.);
#2239 = LINE('',#2240,#2241);
#2240 = CARTESIAN_POINT('',(34.9,33.,4.));
#2241 = VECTOR('',#2242,1.);
#2242 = DIRECTION('',(0.,0.,1.));
#2243 = FACE_BOUND('',#2244,.T.);
#2244 = EDGE_LOOP('',(#2245));
#2245 = ORIENTED_EDGE('',*,*,#2246,.T.);
#2246 = EDGE_CURVE('',#2247,#2247,#2249,.T.);
#2247 = VERTEX_POINT('',#2248);
#2248 = CARTESIAN_POINT('',(34.9,33.,15.7));
#2249 = CIRCLE('',#2250,1.7);
#2250 = AXIS2_PLACEMENT_3D('',#2251,#2252,#2253);
#2251 = CARTESIAN_POINT('',(34.9,33.,14.));
#2252 = DIRECTION('',(1.,0.,0.));
#2253 = DIRECTION('',(-0.,0.,1.));
#2254 = FACE_BOUND('',#2255,.T.);
#2255 = EDGE_LOOP('',(#2256,#2267,#2276,#2285));
#2256 = ORIENTED_EDGE('',*,*,#2257,.F.);
#2257 = EDGE_CURVE('',#2258,#2260,#2262,.T.);
#2258 = VERTEX_POINT('',#2259);
#2259 = CARTESIAN_POINT('',(34.9,-13.67405795773,12.443621588924));
#2260 = VERTEX_POINT('',#2261);
#2261 = CARTESIAN_POINT('',(34.9,-1.753981977709,45.193761182216));
#2262 = CIRCLE('',#2263,46.7);
#2263 = AXIS2_PLACEMENT_3D('',#2264,#2265,#2266);
#2264 = CARTESIAN_POINT('',(34.9,33.,14.));
#2265 = DIRECTION('',(-1.,0.,0.));
#2266 = DIRECTION('',(-0.,-0.999444495883,-3.332716083675E-02));
#2267 = ORIENTED_EDGE('',*,*,#2268,.T.);
#2268 = EDGE_CURVE('',#2258,#2269,#2271,.T.);
#2269 = VERTEX_POINT('',#2270);
#2270 = CARTESIAN_POINT('',(34.9,-10.27594667172,12.556933935769));
#2271 = CIRCLE('',#2272,1.7);
#2272 = AXIS2_PLACEMENT_3D('',#2273,#2274,#2275);
#2273 = CARTESIAN_POINT('',(34.9,-11.97500231472,12.500277762346));
#2274 = DIRECTION('',(1.,0.,0.));
#2275 = DIRECTION('',(-0.,0.,1.));
#2276 = ORIENTED_EDGE('',*,*,#2277,.T.);
#2277 = EDGE_CURVE('',#2269,#2278,#2280,.T.);
#2278 = VERTEX_POINT('',#2279);
#2279 = CARTESIAN_POINT('',(34.9,0.776286517456,42.9226950576));
#2280 = CIRCLE('',#2281,43.3);
#2281 = AXIS2_PLACEMENT_3D('',#2282,#2283,#2284);
#2282 = CARTESIAN_POINT('',(34.9,33.,14.));
#2283 = DIRECTION('',(-1.,-0.,0.));
#2284 = DIRECTION('',(0.,-0.744196616225,0.667960624887));
#2285 = ORIENTED_EDGE('',*,*,#2286,.T.);
#2286 = EDGE_CURVE('',#2278,#2260,#2287,.T.);
#2287 = CIRCLE('',#2288,1.7);
#2288 = AXIS2_PLACEMENT_3D('',#2289,#2290,#2291);
#2289 = CARTESIAN_POINT('',(34.9,-0.488847730126,44.058228119908));
#2290 = DIRECTION('',(1.,0.,0.));
#2291 = DIRECTION('',(-0.,0.,1.));
#2292 = PLANE('',#2293);
#2293 = AXIS2_PLACEMENT_3D('',#2294,#2295,#2296);
#2294 = CARTESIAN_POINT('',(34.9,6.065646254421,21.835317137499));
#2295 = DIRECTION('',(-1.,-0.,-0.));
#2296 = DIRECTION('',(0.,0.,-1.));
#2297 = ADVANCED_FACE('',(#2298),#2340,.T.);
#2298 = FACE_BOUND('',#2299,.T.);
#2299 = EDGE_LOOP('',(#2300,#2310,#2318,#2326,#2332,#2333,#2334));
#2300 = ORIENTED_EDGE('',*,*,#2301,.T.);
#2301 = EDGE_CURVE('',#2302,#2304,#2306,.T.);
#2302 = VERTEX_POINT('',#2303);
#2303 = CARTESIAN_POINT('',(38.9,-20.,10.));
#2304 = VERTEX_POINT('',#2305);
#2305 = CARTESIAN_POINT('',(38.9,-20.,12.232678721406));
#2306 = LINE('',#2307,#2308);
#2307 = CARTESIAN_POINT('',(38.9,-20.,4.));
#2308 = VECTOR('',#2309,1.);
#2309 = DIRECTION('',(0.,0.,1.));
#2310 = ORIENTED_EDGE('',*,*,#2311,.T.);
#2311 = EDGE_CURVE('',#2304,#2312,#2314,.T.);
#2312 = VERTEX_POINT('',#2313);
#2313 = CARTESIAN_POINT('',(37.9,-20.,12.232678721406));
#2314 = LINE('',#2315,#2316);
#2315 = CARTESIAN_POINT('',(36.4,-20.,12.232678721406));
#2316 = VECTOR('',#2317,1.);
#2317 = DIRECTION('',(-1.,0.,-0.));
#2318 = ORIENTED_EDGE('',*,*,#2319,.T.);
#2319 = EDGE_CURVE('',#2312,#2320,#2322,.T.);
#2320 = VERTEX_POINT('',#2321);
#2321 = CARTESIAN_POINT('',(37.9,-20.,14.));
#2322 = LINE('',#2323,#2324);
#2323 = CARTESIAN_POINT('',(37.9,-20.,16.674222914002));
#2324 = VECTOR('',#2325,1.);
#2325 = DIRECTION('',(0.,-0.,1.));
#2326 = ORIENTED_EDGE('',*,*,#2327,.F.);
#2327 = EDGE_CURVE('',#2163,#2320,#2328,.T.);
#2328 = LINE('',#2329,#2330);
#2329 = CARTESIAN_POINT('',(34.9,-20.,14.));
#2330 = VECTOR('',#2331,1.);
#2331 = DIRECTION('',(1.,0.,-0.));
#2332 = ORIENTED_EDGE('',*,*,#2162,.F.);
#2333 = ORIENTED_EDGE('',*,*,#924,.T.);
#2334 = ORIENTED_EDGE('',*,*,#2335,.T.);
#2335 = EDGE_CURVE('',#917,#2302,#2336,.T.);
#2336 = LINE('',#2337,#2338);
#2337 = CARTESIAN_POINT('',(48.9,-20.,4.));
#2338 = VECTOR('',#2339,1.);
#2339 = DIRECTION('',(-0.857492925713,0.,0.514495755428));
#2340 = PLANE('',#2341);
#2341 = AXIS2_PLACEMENT_3D('',#2342,#2343,#2344);
#2342 = CARTESIAN_POINT('',(40.057581169921,-20.,7.555007377556));
#2343 = DIRECTION('',(-0.,-1.,-0.));
#2344 = DIRECTION('',(0.,0.,-1.));
#2345 = ADVANCED_FACE('',(#2346),#2364,.T.);
#2346 = FACE_BOUND('',#2347,.T.);
#2347 = EDGE_LOOP('',(#2348,#2356,#2357,#2358));
#2348 = ORIENTED_EDGE('',*,*,#2349,.F.);
#2349 = EDGE_CURVE('',#861,#2350,#2352,.T.);
#2350 = VERTEX_POINT('',#2351);
#2351 = CARTESIAN_POINT('',(38.9,33.,8.));
#2352 = LINE('',#2353,#2354);
#2353 = CARTESIAN_POINT('',(38.9,33.,4.));
#2354 = VECTOR('',#2355,1.);
#2355 = DIRECTION('',(0.,0.,1.));
#2356 = ORIENTED_EDGE('',*,*,#860,.F.);
#2357 = ORIENTED_EDGE('',*,*,#2238,.T.);
#2358 = ORIENTED_EDGE('',*,*,#2359,.T.);
#2359 = EDGE_CURVE('',#2230,#2350,#2360,.T.);
#2360 = LINE('',#2361,#2362);
#2361 = CARTESIAN_POINT('',(34.9,33.,8.));
#2362 = VECTOR('',#2363,1.);
#2363 = DIRECTION('',(1.,0.,0.));
#2364 = PLANE('',#2365);
#2365 = AXIS2_PLACEMENT_3D('',#2366,#2367,#2368);
#2366 = CARTESIAN_POINT('',(34.9,33.,4.));
#2367 = DIRECTION('',(-0.,1.,0.));
#2368 = DIRECTION('',(0.,0.,1.));
#2369 = ADVANCED_FACE('',(#2370),#2388,.T.);
#2370 = FACE_BOUND('',#2371,.T.);
#2371 = EDGE_LOOP('',(#2372,#2373,#2381,#2387));
#2372 = ORIENTED_EDGE('',*,*,#916,.T.);
#2373 = ORIENTED_EDGE('',*,*,#2374,.T.);
#2374 = EDGE_CURVE('',#909,#2375,#2377,.T.);
#2375 = VERTEX_POINT('',#2376);
#2376 = CARTESIAN_POINT('',(38.9,-12.,10.));
#2377 = LINE('',#2378,#2379);
#2378 = CARTESIAN_POINT('',(48.9,-12.,4.));
#2379 = VECTOR('',#2380,1.);
#2380 = DIRECTION('',(-0.857492925713,0.,0.514495755428));
#2381 = ORIENTED_EDGE('',*,*,#2382,.F.);
#2382 = EDGE_CURVE('',#2302,#2375,#2383,.T.);
#2383 = LINE('',#2384,#2385);
#2384 = CARTESIAN_POINT('',(38.9,-20.,10.));
#2385 = VECTOR('',#2386,1.);
#2386 = DIRECTION('',(0.,1.,0.));
#2387 = ORIENTED_EDGE('',*,*,#2335,.F.);
#2388 = PLANE('',#2389);
#2389 = AXIS2_PLACEMENT_3D('',#2390,#2391,#2392);
#2390 = CARTESIAN_POINT('',(48.9,-20.,4.));
#2391 = DIRECTION('',(0.514495755428,-0.,0.857492925713));
#2392 = DIRECTION('',(-0.857492925713,0.,0.514495755428));
#2393 = ADVANCED_FACE('',(#2394,#2530),#2541,.T.);
#2394 = FACE_BOUND('',#2395,.T.);
#2395 = EDGE_LOOP('',(#2396,#2397,#2398,#2404,#2405,#2413,#2421,#2427,
    #2428,#2429,#2438,#2447,#2455,#2464,#2472,#2481,#2489,#2498,#2507,
    #2515,#2524));
#2396 = ORIENTED_EDGE('',*,*,#2301,.F.);
#2397 = ORIENTED_EDGE('',*,*,#2382,.T.);
#2398 = ORIENTED_EDGE('',*,*,#2399,.T.);
#2399 = EDGE_CURVE('',#2375,#901,#2400,.T.);
#2400 = LINE('',#2401,#2402);
#2401 = CARTESIAN_POINT('',(38.9,-12.,10.));
#2402 = VECTOR('',#2403,1.);
#2403 = DIRECTION('',(0.,0.,-1.));
#2404 = ORIENTED_EDGE('',*,*,#900,.T.);
#2405 = ORIENTED_EDGE('',*,*,#2406,.F.);
#2406 = EDGE_CURVE('',#2407,#893,#2409,.T.);
#2407 = VERTEX_POINT('',#2408);
#2408 = CARTESIAN_POINT('',(38.9,12.,10.));
#2409 = LINE('',#2410,#2411);
#2410 = CARTESIAN_POINT('',(38.9,12.,10.));
#2411 = VECTOR('',#2412,1.);
#2412 = DIRECTION('',(0.,0.,-1.));
#2413 = ORIENTED_EDGE('',*,*,#2414,.T.);
#2414 = EDGE_CURVE('',#2407,#2415,#2417,.T.);
#2415 = VERTEX_POINT('',#2416);
#2416 = CARTESIAN_POINT('',(38.9,20.,10.));
#2417 = LINE('',#2418,#2419);
#2418 = CARTESIAN_POINT('',(38.9,12.,10.));
#2419 = VECTOR('',#2420,1.);
#2420 = DIRECTION('',(0.,1.,0.));
#2421 = ORIENTED_EDGE('',*,*,#2422,.T.);
#2422 = EDGE_CURVE('',#2415,#869,#2423,.T.);
#2423 = LINE('',#2424,#2425);
#2424 = CARTESIAN_POINT('',(38.9,20.,10.));
#2425 = VECTOR('',#2426,1.);
#2426 = DIRECTION('',(0.,0.,-1.));
#2427 = ORIENTED_EDGE('',*,*,#868,.T.);
#2428 = ORIENTED_EDGE('',*,*,#2349,.T.);
#2429 = ORIENTED_EDGE('',*,*,#2430,.T.);
#2430 = EDGE_CURVE('',#2350,#2431,#2433,.T.);
#2431 = VERTEX_POINT('',#2432);
#2432 = CARTESIAN_POINT('',(38.9,33.,20.));
#2433 = CIRCLE('',#2434,6.);
#2434 = AXIS2_PLACEMENT_3D('',#2435,#2436,#2437);
#2435 = CARTESIAN_POINT('',(38.9,33.,14.));
#2436 = DIRECTION('',(1.,0.,0.));
#2437 = DIRECTION('',(-0.,0.,1.));
#2438 = ORIENTED_EDGE('',*,*,#2439,.T.);
#2439 = EDGE_CURVE('',#2431,#2440,#2442,.T.);
#2440 = VERTEX_POINT('',#2441);
#2441 = CARTESIAN_POINT('',(38.9,29.076886768103,18.539733755377));
#2442 = CIRCLE('',#2443,6.);
#2443 = AXIS2_PLACEMENT_3D('',#2444,#2445,#2446);
#2444 = CARTESIAN_POINT('',(38.9,33.,14.));
#2445 = DIRECTION('',(1.,0.,0.));
#2446 = DIRECTION('',(-0.,0.,1.));
#2447 = ORIENTED_EDGE('',*,*,#2448,.F.);
#2448 = EDGE_CURVE('',#2449,#2440,#2451,.T.);
#2449 = VERTEX_POINT('',#2450);
#2450 = CARTESIAN_POINT('',(38.9,-1.65416688176,54.100981505833));
#2451 = LINE('',#2452,#2453);
#2452 = CARTESIAN_POINT('',(38.9,-1.65416688176,54.100981505833));
#2453 = VECTOR('',#2454,1.);
#2454 = DIRECTION('',(0.,0.653852205316,-0.756622292563));
#2455 = ORIENTED_EDGE('',*,*,#2456,.F.);
#2456 = EDGE_CURVE('',#2457,#2449,#2459,.T.);
#2457 = VERTEX_POINT('',#2458);
#2458 = CARTESIAN_POINT('',(38.9,-6.442420659927,49.401913119002));
#2459 = CIRCLE('',#2460,53.);
#2460 = AXIS2_PLACEMENT_3D('',#2461,#2462,#2463);
#2461 = CARTESIAN_POINT('',(38.9,33.,14.));
#2462 = DIRECTION('',(-1.,0.,0.));
#2463 = DIRECTION('',(-0.,-0.987227283376,-0.159318206614));
#2464 = ORIENTED_EDGE('',*,*,#2465,.T.);
#2465 = EDGE_CURVE('',#2457,#2466,#2468,.T.);
#2466 = VERTEX_POINT('',#2467);
#2467 = CARTESIAN_POINT('',(38.9,-1.753981977709,45.193761182216));
#2468 = LINE('',#2469,#2470);
#2469 = CARTESIAN_POINT('',(38.9,-6.516840321549,49.468709181491));
#2470 = VECTOR('',#2471,1.);
#2471 = DIRECTION('',(0.,0.744196616225,-0.667960624887));
#2472 = ORIENTED_EDGE('',*,*,#2473,.F.);
#2473 = EDGE_CURVE('',#2474,#2466,#2476,.T.);
#2474 = VERTEX_POINT('',#2475);
#2475 = CARTESIAN_POINT('',(38.9,0.776286517456,42.9226950576));
#2476 = CIRCLE('',#2477,1.7);
#2477 = AXIS2_PLACEMENT_3D('',#2478,#2479,#2480);
#2478 = CARTESIAN_POINT('',(38.9,-0.488847730126,44.058228119908));
#2479 = DIRECTION('',(1.,0.,0.));
#2480 = DIRECTION('',(-0.,0.,1.));
#2481 = ORIENTED_EDGE('',*,*,#2482,.T.);
#2482 = EDGE_CURVE('',#2474,#2483,#2485,.T.);
#2483 = VERTEX_POINT('',#2484);
#2484 = CARTESIAN_POINT('',(38.9,3.976331967224,40.050464370587));
#2485 = LINE('',#2486,#2487);
#2486 = CARTESIAN_POINT('',(38.9,-6.516840321549,49.468709181491));
#2487 = VECTOR('',#2488,1.);
#2488 = DIRECTION('',(0.,0.744196616225,-0.667960624887));
#2489 = ORIENTED_EDGE('',*,*,#2490,.T.);
#2490 = EDGE_CURVE('',#2483,#2491,#2493,.T.);
#2491 = VERTEX_POINT('',#2492);
#2492 = CARTESIAN_POINT('',(38.9,-6.,14.));
#2493 = CIRCLE('',#2494,39.);
#2494 = AXIS2_PLACEMENT_3D('',#2495,#2496,#2497);
#2495 = CARTESIAN_POINT('',(38.9,33.,14.));
#2496 = DIRECTION('',(1.,0.,0.));
#2497 = DIRECTION('',(0.,-0.744196616225,0.667960624887));
#2498 = ORIENTED_EDGE('',*,*,#2499,.T.);
#2499 = EDGE_CURVE('',#2491,#2500,#2502,.T.);
#2500 = VERTEX_POINT('',#2501);
#2501 = CARTESIAN_POINT('',(38.9,-5.978335339432,12.700240727367));
#2502 = CIRCLE('',#2503,39.);
#2503 = AXIS2_PLACEMENT_3D('',#2504,#2505,#2506);
#2504 = CARTESIAN_POINT('',(38.9,33.,14.));
#2505 = DIRECTION('',(1.,0.,0.));
#2506 = DIRECTION('',(0.,-0.744196616225,0.667960624887));
#2507 = ORIENTED_EDGE('',*,*,#2508,.T.);
#2508 = EDGE_CURVE('',#2500,#2509,#2511,.T.);
#2509 = VERTEX_POINT('',#2510);
#2510 = CARTESIAN_POINT('',(38.9,-10.27594667172,12.556933935769));
#2511 = LINE('',#2512,#2513);
#2512 = CARTESIAN_POINT('',(38.9,-5.978335339432,12.700240727367));
#2513 = VECTOR('',#2514,1.);
#2514 = DIRECTION('',(0.,-0.999444495883,-3.332716083675E-02));
#2515 = ORIENTED_EDGE('',*,*,#2516,.F.);
#2516 = EDGE_CURVE('',#2517,#2509,#2519,.T.);
#2517 = VERTEX_POINT('',#2518);
#2518 = CARTESIAN_POINT('',(38.9,-13.67405795773,12.443621588924));
#2519 = CIRCLE('',#2520,1.7);
#2520 = AXIS2_PLACEMENT_3D('',#2521,#2522,#2523);
#2521 = CARTESIAN_POINT('',(38.9,-11.97500231472,12.500277762346));
#2522 = DIRECTION('',(1.,0.,0.));
#2523 = DIRECTION('',(-0.,0.,1.));
#2524 = ORIENTED_EDGE('',*,*,#2525,.T.);
#2525 = EDGE_CURVE('',#2517,#2304,#2526,.T.);
#2526 = LINE('',#2527,#2528);
#2527 = CARTESIAN_POINT('',(38.9,-5.978335339432,12.700240727367));
#2528 = VECTOR('',#2529,1.);
#2529 = DIRECTION('',(0.,-0.999444495883,-3.332716083675E-02));
#2530 = FACE_BOUND('',#2531,.T.);
#2531 = EDGE_LOOP('',(#2532));
#2532 = ORIENTED_EDGE('',*,*,#2533,.F.);
#2533 = EDGE_CURVE('',#2534,#2534,#2536,.T.);
#2534 = VERTEX_POINT('',#2535);
#2535 = CARTESIAN_POINT('',(38.9,33.,15.7));
#2536 = CIRCLE('',#2537,1.7);
#2537 = AXIS2_PLACEMENT_3D('',#2538,#2539,#2540);
#2538 = CARTESIAN_POINT('',(38.9,33.,14.));
#2539 = DIRECTION('',(1.,0.,0.));
#2540 = DIRECTION('',(-0.,0.,1.));
#2541 = PLANE('',#2542);
#2542 = AXIS2_PLACEMENT_3D('',#2543,#2544,#2545);
#2543 = CARTESIAN_POINT('',(38.9,7.239253203159,21.586572774778));
#2544 = DIRECTION('',(1.,0.,0.));
#2545 = DIRECTION('',(-0.,0.,1.));
#2546 = ADVANCED_FACE('',(#2547),#2552,.F.);
#2547 = FACE_BOUND('',#2548,.F.);
#2548 = EDGE_LOOP('',(#2549,#2550,#2551));
#2549 = ORIENTED_EDGE('',*,*,#908,.T.);
#2550 = ORIENTED_EDGE('',*,*,#2374,.T.);
#2551 = ORIENTED_EDGE('',*,*,#2399,.T.);
#2552 = PLANE('',#2553);
#2553 = AXIS2_PLACEMENT_3D('',#2554,#2555,#2556);
#2554 = CARTESIAN_POINT('',(42.815475947423,-12.,5.915475947423));
#2555 = DIRECTION('',(-0.,-1.,-0.));
#2556 = DIRECTION('',(0.,0.,-1.));
#2557 = ADVANCED_FACE('',(#2558),#2568,.F.);
#2558 = FACE_BOUND('',#2559,.F.);
#2559 = EDGE_LOOP('',(#2560,#2561,#2567));
#2560 = ORIENTED_EDGE('',*,*,#876,.T.);
#2561 = ORIENTED_EDGE('',*,*,#2562,.T.);
#2562 = EDGE_CURVE('',#877,#2415,#2563,.T.);
#2563 = LINE('',#2564,#2565);
#2564 = CARTESIAN_POINT('',(48.9,20.,4.));
#2565 = VECTOR('',#2566,1.);
#2566 = DIRECTION('',(-0.857492925713,0.,0.514495755428));
#2567 = ORIENTED_EDGE('',*,*,#2422,.T.);
#2568 = PLANE('',#2569);
#2569 = AXIS2_PLACEMENT_3D('',#2570,#2571,#2572);
#2570 = CARTESIAN_POINT('',(42.815475947423,20.,5.915475947423));
#2571 = DIRECTION('',(-0.,-1.,-0.));
#2572 = DIRECTION('',(0.,0.,-1.));
#2573 = ADVANCED_FACE('',(#2574),#2585,.T.);
#2574 = FACE_BOUND('',#2575,.T.);
#2575 = EDGE_LOOP('',(#2576,#2577,#2578,#2579));
#2576 = ORIENTED_EDGE('',*,*,#884,.T.);
#2577 = ORIENTED_EDGE('',*,*,#2562,.T.);
#2578 = ORIENTED_EDGE('',*,*,#2414,.F.);
#2579 = ORIENTED_EDGE('',*,*,#2580,.F.);
#2580 = EDGE_CURVE('',#885,#2407,#2581,.T.);
#2581 = LINE('',#2582,#2583);
#2582 = CARTESIAN_POINT('',(48.9,12.,4.));
#2583 = VECTOR('',#2584,1.);
#2584 = DIRECTION('',(-0.857492925713,0.,0.514495755428));
#2585 = PLANE('',#2586);
#2586 = AXIS2_PLACEMENT_3D('',#2587,#2588,#2589);
#2587 = CARTESIAN_POINT('',(48.9,12.,4.));
#2588 = DIRECTION('',(0.514495755428,-0.,0.857492925713));
#2589 = DIRECTION('',(-0.857492925713,0.,0.514495755428));
#2590 = ADVANCED_FACE('',(#2591),#2596,.T.);
#2591 = FACE_BOUND('',#2592,.T.);
#2592 = EDGE_LOOP('',(#2593,#2594,#2595));
#2593 = ORIENTED_EDGE('',*,*,#892,.T.);
#2594 = ORIENTED_EDGE('',*,*,#2580,.T.);
#2595 = ORIENTED_EDGE('',*,*,#2406,.T.);
#2596 = PLANE('',#2597);
#2597 = AXIS2_PLACEMENT_3D('',#2598,#2599,#2600);
#2598 = CARTESIAN_POINT('',(42.815475947423,12.,5.915475947423));
#2599 = DIRECTION('',(-0.,-1.,-0.));
#2600 = DIRECTION('',(0.,0.,-1.));
#2601 = ADVANCED_FACE('',(#2602),#2628,.T.);
#2602 = FACE_BOUND('',#2603,.T.);
#2603 = EDGE_LOOP('',(#2604,#2605,#2613,#2620,#2621,#2622));
#2604 = ORIENTED_EDGE('',*,*,#1981,.F.);
#2605 = ORIENTED_EDGE('',*,*,#2606,.F.);
#2606 = EDGE_CURVE('',#2607,#1974,#2609,.T.);
#2607 = VERTEX_POINT('',#2608);
#2608 = CARTESIAN_POINT('',(-37.9,-6.442420659926,49.401913119003));
#2609 = LINE('',#2610,#2611);
#2610 = CARTESIAN_POINT('',(-38.9,-6.442420659926,49.401913119003));
#2611 = VECTOR('',#2612,1.);
#2612 = DIRECTION('',(-1.,0.,0.));
#2613 = ORIENTED_EDGE('',*,*,#2614,.F.);
#2614 = EDGE_CURVE('',#1693,#2607,#2615,.T.);
#2615 = CIRCLE('',#2616,53.);
#2616 = AXIS2_PLACEMENT_3D('',#2617,#2618,#2619);
#2617 = CARTESIAN_POINT('',(-37.9,33.,14.));
#2618 = DIRECTION('',(-1.,0.,0.));
#2619 = DIRECTION('',(-0.,-0.987227283376,-0.159318206614));
#2620 = ORIENTED_EDGE('',*,*,#1692,.T.);
#2621 = ORIENTED_EDGE('',*,*,#1832,.T.);
#2622 = ORIENTED_EDGE('',*,*,#2623,.F.);
#2623 = EDGE_CURVE('',#1982,#1825,#2624,.T.);
#2624 = LINE('',#2625,#2626);
#2625 = CARTESIAN_POINT('',(-38.9,-1.65416688176,54.100981505833));
#2626 = VECTOR('',#2627,1.);
#2627 = DIRECTION('',(1.,0.,0.));
#2628 = CYLINDRICAL_SURFACE('',#2629,53.);
#2629 = AXIS2_PLACEMENT_3D('',#2630,#2631,#2632);
#2630 = CARTESIAN_POINT('',(-38.9,33.,14.));
#2631 = DIRECTION('',(-1.,0.,0.));
#2632 = DIRECTION('',(-0.,-0.987227283376,-0.159318206614));
#2633 = ADVANCED_FACE('',(#2634),#2661,.T.);
#2634 = FACE_BOUND('',#2635,.T.);
#2635 = EDGE_LOOP('',(#2636,#2647,#2653,#2654,#2655));
#2636 = ORIENTED_EDGE('',*,*,#2637,.F.);
#2637 = EDGE_CURVE('',#2638,#2640,#2642,.T.);
#2638 = VERTEX_POINT('',#2639);
#2639 = CARTESIAN_POINT('',(-37.9,-13.67405795773,12.443621588924));
#2640 = VERTEX_POINT('',#2641);
#2641 = CARTESIAN_POINT('',(-37.9,-1.753981977709,45.193761182216));
#2642 = CIRCLE('',#2643,46.7);
#2643 = AXIS2_PLACEMENT_3D('',#2644,#2645,#2646);
#2644 = CARTESIAN_POINT('',(-37.9,33.,14.));
#2645 = DIRECTION('',(-1.,0.,0.));
#2646 = DIRECTION('',(-0.,-0.999444495883,-3.332716083675E-02));
#2647 = ORIENTED_EDGE('',*,*,#2648,.T.);
#2648 = EDGE_CURVE('',#2638,#1701,#2649,.T.);
#2649 = LINE('',#2650,#2651);
#2650 = CARTESIAN_POINT('',(-37.9,-5.978335339432,12.700240727367));
#2651 = VECTOR('',#2652,1.);
#2652 = DIRECTION('',(0.,-0.999444495883,-3.332716083675E-02));
#2653 = ORIENTED_EDGE('',*,*,#1700,.T.);
#2654 = ORIENTED_EDGE('',*,*,#2614,.T.);
#2655 = ORIENTED_EDGE('',*,*,#2656,.T.);
#2656 = EDGE_CURVE('',#2607,#2640,#2657,.T.);
#2657 = LINE('',#2658,#2659);
#2658 = CARTESIAN_POINT('',(-37.9,-6.516840321549,49.468709181491));
#2659 = VECTOR('',#2660,1.);
#2660 = DIRECTION('',(0.,0.744196616225,-0.667960624887));
#2661 = PLANE('',#2662);
#2662 = AXIS2_PLACEMENT_3D('',#2663,#2664,#2665);
#2663 = CARTESIAN_POINT('',(-37.9,-9.169508336162,29.348445828004));
#2664 = DIRECTION('',(-1.,-0.,-0.));
#2665 = DIRECTION('',(0.,0.,-1.));
#2666 = ADVANCED_FACE('',(#2667),#2678,.F.);
#2667 = FACE_BOUND('',#2668,.F.);
#2668 = EDGE_LOOP('',(#2669,#2670,#2676,#2677));
#2669 = ORIENTED_EDGE('',*,*,#2075,.F.);
#2670 = ORIENTED_EDGE('',*,*,#2671,.T.);
#2671 = EDGE_CURVE('',#2076,#2638,#2672,.T.);
#2672 = LINE('',#2673,#2674);
#2673 = CARTESIAN_POINT('',(-39.9,-13.67405795773,12.443621588924));
#2674 = VECTOR('',#2675,1.);
#2675 = DIRECTION('',(1.,0.,0.));
#2676 = ORIENTED_EDGE('',*,*,#2648,.T.);
#2677 = ORIENTED_EDGE('',*,*,#1708,.T.);
#2678 = PLANE('',#2679);
#2679 = AXIS2_PLACEMENT_3D('',#2680,#2681,#2682);
#2680 = CARTESIAN_POINT('',(-38.9,-5.978335339432,12.700240727367));
#2681 = DIRECTION('',(0.,3.332716083675E-02,-0.999444495883));
#2682 = DIRECTION('',(0.,-0.999444495883,-3.332716083675E-02));
#2683 = ADVANCED_FACE('',(#2684),#2695,.T.);
#2684 = FACE_BOUND('',#2685,.T.);
#2685 = EDGE_LOOP('',(#2686,#2687,#2688,#2689));
#2686 = ORIENTED_EDGE('',*,*,#1990,.F.);
#2687 = ORIENTED_EDGE('',*,*,#2623,.T.);
#2688 = ORIENTED_EDGE('',*,*,#1824,.T.);
#2689 = ORIENTED_EDGE('',*,*,#2690,.F.);
#2690 = EDGE_CURVE('',#1991,#1816,#2691,.T.);
#2691 = LINE('',#2692,#2693);
#2692 = CARTESIAN_POINT('',(-38.9,29.076886768103,18.539733755377));
#2693 = VECTOR('',#2694,1.);
#2694 = DIRECTION('',(1.,0.,0.));
#2695 = PLANE('',#2696);
#2696 = AXIS2_PLACEMENT_3D('',#2697,#2698,#2699);
#2697 = CARTESIAN_POINT('',(-38.9,-1.65416688176,54.100981505833));
#2698 = DIRECTION('',(-0.,0.756622292563,0.653852205316));
#2699 = DIRECTION('',(0.,0.653852205316,-0.756622292563));
#2700 = ADVANCED_FACE('',(#2701),#2714,.T.);
#2701 = FACE_BOUND('',#2702,.T.);
#2702 = EDGE_LOOP('',(#2703,#2704,#2705,#2706,#2707,#2708));
#2703 = ORIENTED_EDGE('',*,*,#2007,.T.);
#2704 = ORIENTED_EDGE('',*,*,#1998,.T.);
#2705 = ORIENTED_EDGE('',*,*,#2690,.T.);
#2706 = ORIENTED_EDGE('',*,*,#1815,.F.);
#2707 = ORIENTED_EDGE('',*,*,#1806,.F.);
#2708 = ORIENTED_EDGE('',*,*,#2709,.F.);
#2709 = EDGE_CURVE('',#2008,#1799,#2710,.T.);
#2710 = LINE('',#2711,#2712);
#2711 = CARTESIAN_POINT('',(-38.9,38.838576045578,15.3824));
#2712 = VECTOR('',#2713,1.);
#2713 = DIRECTION('',(1.,0.,0.));
#2714 = CYLINDRICAL_SURFACE('',#2715,6.);
#2715 = AXIS2_PLACEMENT_3D('',#2716,#2717,#2718);
#2716 = CARTESIAN_POINT('',(-38.9,33.,14.));
#2717 = DIRECTION('',(1.,0.,0.));
#2718 = DIRECTION('',(-0.,0.,1.));
#2719 = ADVANCED_FACE('',(#2720),#2731,.F.);
#2720 = FACE_BOUND('',#2721,.F.);
#2721 = EDGE_LOOP('',(#2722,#2723,#2729,#2730));
#2722 = ORIENTED_EDGE('',*,*,#2016,.F.);
#2723 = ORIENTED_EDGE('',*,*,#2724,.T.);
#2724 = EDGE_CURVE('',#2017,#1791,#2725,.T.);
#2725 = LINE('',#2726,#2727);
#2726 = CARTESIAN_POINT('',(-38.9501,38.7999,15.3824));
#2727 = VECTOR('',#2728,1.);
#2728 = DIRECTION('',(1.,0.,-0.));
#2729 = ORIENTED_EDGE('',*,*,#1798,.F.);
#2730 = ORIENTED_EDGE('',*,*,#2709,.F.);
#2731 = PLANE('',#2732);
#2732 = AXIS2_PLACEMENT_3D('',#2733,#2734,#2735);
#2733 = CARTESIAN_POINT('',(-38.9501,38.7999,15.3824));
#2734 = DIRECTION('',(0.,0.,1.));
#2735 = DIRECTION('',(1.,0.,-0.));
#2736 = ADVANCED_FACE('',(#2737),#2748,.T.);
#2737 = FACE_BOUND('',#2738,.T.);
#2738 = EDGE_LOOP('',(#2739,#2745,#2746,#2747));
#2739 = ORIENTED_EDGE('',*,*,#2740,.F.);
#2740 = EDGE_CURVE('',#2025,#1783,#2741,.T.);
#2741 = LINE('',#2742,#2743);
#2742 = CARTESIAN_POINT('',(-38.9501,38.7999,12.6176));
#2743 = VECTOR('',#2744,1.);
#2744 = DIRECTION('',(1.,0.,-0.));
#2745 = ORIENTED_EDGE('',*,*,#2024,.F.);
#2746 = ORIENTED_EDGE('',*,*,#2724,.T.);
#2747 = ORIENTED_EDGE('',*,*,#1790,.F.);
#2748 = PLANE('',#2749);
#2749 = AXIS2_PLACEMENT_3D('',#2750,#2751,#2752);
#2750 = CARTESIAN_POINT('',(-38.9501,38.7999,12.6176));
#2751 = DIRECTION('',(-0.,1.,0.));
#2752 = DIRECTION('',(0.,0.,1.));
#2753 = ADVANCED_FACE('',(#2754),#2765,.T.);
#2754 = FACE_BOUND('',#2755,.T.);
#2755 = EDGE_LOOP('',(#2756,#2757,#2758,#2759));
#2756 = ORIENTED_EDGE('',*,*,#2032,.F.);
#2757 = ORIENTED_EDGE('',*,*,#2740,.T.);
#2758 = ORIENTED_EDGE('',*,*,#1782,.F.);
#2759 = ORIENTED_EDGE('',*,*,#2760,.F.);
#2760 = EDGE_CURVE('',#2033,#1774,#2761,.T.);
#2761 = LINE('',#2762,#2763);
#2762 = CARTESIAN_POINT('',(-38.9,38.838576045578,12.6176));
#2763 = VECTOR('',#2764,1.);
#2764 = DIRECTION('',(1.,0.,0.));
#2765 = PLANE('',#2766);
#2766 = AXIS2_PLACEMENT_3D('',#2767,#2768,#2769);
#2767 = CARTESIAN_POINT('',(-38.9501,38.7999,12.6176));
#2768 = DIRECTION('',(0.,0.,1.));
#2769 = DIRECTION('',(1.,0.,-0.));
#2770 = ADVANCED_FACE('',(#2771),#2777,.T.);
#2771 = FACE_BOUND('',#2772,.T.);
#2772 = EDGE_LOOP('',(#2773,#2774,#2775,#2776));
#2773 = ORIENTED_EDGE('',*,*,#2040,.T.);
#2774 = ORIENTED_EDGE('',*,*,#2760,.T.);
#2775 = ORIENTED_EDGE('',*,*,#1773,.F.);
#2776 = ORIENTED_EDGE('',*,*,#1922,.F.);
#2777 = CYLINDRICAL_SURFACE('',#2778,6.);
#2778 = AXIS2_PLACEMENT_3D('',#2779,#2780,#2781);
#2779 = CARTESIAN_POINT('',(-38.9,33.,14.));
#2780 = DIRECTION('',(1.,0.,0.));
#2781 = DIRECTION('',(-0.,0.,1.));
#2782 = ADVANCED_FACE('',(#2783),#2794,.F.);
#2783 = FACE_BOUND('',#2784,.F.);
#2784 = EDGE_LOOP('',(#2785,#2786,#2792,#2793));
#2785 = ORIENTED_EDGE('',*,*,#1841,.F.);
#2786 = ORIENTED_EDGE('',*,*,#2787,.F.);
#2787 = EDGE_CURVE('',#2101,#1842,#2788,.T.);
#2788 = LINE('',#2789,#2790);
#2789 = CARTESIAN_POINT('',(-39.9,33.,15.7));
#2790 = VECTOR('',#2791,1.);
#2791 = DIRECTION('',(1.,0.,0.));
#2792 = ORIENTED_EDGE('',*,*,#2100,.T.);
#2793 = ORIENTED_EDGE('',*,*,#2787,.T.);
#2794 = CYLINDRICAL_SURFACE('',#2795,1.7);
#2795 = AXIS2_PLACEMENT_3D('',#2796,#2797,#2798);
#2796 = CARTESIAN_POINT('',(-39.9,33.,14.));
#2797 = DIRECTION('',(1.,0.,0.));
#2798 = DIRECTION('',(-0.,0.,1.));
#2799 = ADVANCED_FACE('',(#2800),#2825,.F.);
#2800 = FACE_BOUND('',#2801,.F.);
#2801 = EDGE_LOOP('',(#2802,#2803,#2809,#2810,#2811,#2819));
#2802 = ORIENTED_EDGE('',*,*,#1852,.F.);
#2803 = ORIENTED_EDGE('',*,*,#2804,.F.);
#2804 = EDGE_CURVE('',#2638,#1853,#2805,.T.);
#2805 = LINE('',#2806,#2807);
#2806 = CARTESIAN_POINT('',(-39.9,-13.67405795773,12.443621588924));
#2807 = VECTOR('',#2808,1.);
#2808 = DIRECTION('',(1.,0.,0.));
#2809 = ORIENTED_EDGE('',*,*,#2671,.F.);
#2810 = ORIENTED_EDGE('',*,*,#2083,.T.);
#2811 = ORIENTED_EDGE('',*,*,#2812,.T.);
#2812 = EDGE_CURVE('',#2084,#2813,#2815,.T.);
#2813 = VERTEX_POINT('',#2814);
#2814 = CARTESIAN_POINT('',(-37.9,-10.27594667172,12.556933935769));
#2815 = LINE('',#2816,#2817);
#2816 = CARTESIAN_POINT('',(-39.9,-10.27594667172,12.556933935769));
#2817 = VECTOR('',#2818,1.);
#2818 = DIRECTION('',(1.,0.,0.));
#2819 = ORIENTED_EDGE('',*,*,#2820,.T.);
#2820 = EDGE_CURVE('',#2813,#1855,#2821,.T.);
#2821 = LINE('',#2822,#2823);
#2822 = CARTESIAN_POINT('',(-39.9,-10.27594667172,12.556933935769));
#2823 = VECTOR('',#2824,1.);
#2824 = DIRECTION('',(1.,0.,0.));
#2825 = CYLINDRICAL_SURFACE('',#2826,1.7);
#2826 = AXIS2_PLACEMENT_3D('',#2827,#2828,#2829);
#2827 = CARTESIAN_POINT('',(-39.9,-11.97500231472,12.500277762346));
#2828 = DIRECTION('',(1.,0.,0.));
#2829 = DIRECTION('',(-0.,0.,1.));
#2830 = ADVANCED_FACE('',(#2831),#2850,.T.);
#2831 = FACE_BOUND('',#2832,.F.);
#2832 = EDGE_LOOP('',(#2833,#2842,#2848,#2849));
#2833 = ORIENTED_EDGE('',*,*,#2834,.T.);
#2834 = EDGE_CURVE('',#2813,#2835,#2837,.T.);
#2835 = VERTEX_POINT('',#2836);
#2836 = CARTESIAN_POINT('',(-37.9,0.776286517456,42.9226950576));
#2837 = CIRCLE('',#2838,43.3);
#2838 = AXIS2_PLACEMENT_3D('',#2839,#2840,#2841);
#2839 = CARTESIAN_POINT('',(-37.9,33.,14.));
#2840 = DIRECTION('',(-1.,-0.,0.));
#2841 = DIRECTION('',(0.,-0.744196616225,0.667960624887));
#2842 = ORIENTED_EDGE('',*,*,#2843,.T.);
#2843 = EDGE_CURVE('',#2835,#1873,#2844,.T.);
#2844 = LINE('',#2845,#2846);
#2845 = CARTESIAN_POINT('',(-39.9,0.776286517456,42.9226950576));
#2846 = VECTOR('',#2847,1.);
#2847 = DIRECTION('',(1.,0.,0.));
#2848 = ORIENTED_EDGE('',*,*,#1881,.F.);
#2849 = ORIENTED_EDGE('',*,*,#2820,.F.);
#2850 = CYLINDRICAL_SURFACE('',#2851,43.3);
#2851 = AXIS2_PLACEMENT_3D('',#2852,#2853,#2854);
#2852 = CARTESIAN_POINT('',(-39.9,33.,14.));
#2853 = DIRECTION('',(-1.,-0.,-0.));
#2854 = DIRECTION('',(0.,-0.744196616225,0.667960624887));
#2855 = ADVANCED_FACE('',(#2856),#2879,.F.);
#2856 = FACE_BOUND('',#2857,.F.);
#2857 = EDGE_LOOP('',(#2858,#2859,#2860,#2866,#2867,#2873));
#2858 = ORIENTED_EDGE('',*,*,#1872,.F.);
#2859 = ORIENTED_EDGE('',*,*,#2843,.F.);
#2860 = ORIENTED_EDGE('',*,*,#2861,.F.);
#2861 = EDGE_CURVE('',#1957,#2835,#2862,.T.);
#2862 = LINE('',#2863,#2864);
#2863 = CARTESIAN_POINT('',(-39.9,0.776286517456,42.9226950576));
#2864 = VECTOR('',#2865,1.);
#2865 = DIRECTION('',(1.,0.,0.));
#2866 = ORIENTED_EDGE('',*,*,#1964,.T.);
#2867 = ORIENTED_EDGE('',*,*,#2868,.T.);
#2868 = EDGE_CURVE('',#1965,#2640,#2869,.T.);
#2869 = LINE('',#2870,#2871);
#2870 = CARTESIAN_POINT('',(-39.9,-1.753981977709,45.193761182216));
#2871 = VECTOR('',#2872,1.);
#2872 = DIRECTION('',(1.,0.,0.));
#2873 = ORIENTED_EDGE('',*,*,#2874,.T.);
#2874 = EDGE_CURVE('',#2640,#1864,#2875,.T.);
#2875 = LINE('',#2876,#2877);
#2876 = CARTESIAN_POINT('',(-39.9,-1.753981977709,45.193761182216));
#2877 = VECTOR('',#2878,1.);
#2878 = DIRECTION('',(1.,0.,0.));
#2879 = CYLINDRICAL_SURFACE('',#2880,1.7);
#2880 = AXIS2_PLACEMENT_3D('',#2881,#2882,#2883);
#2881 = CARTESIAN_POINT('',(-39.9,-0.488847730126,44.058228119908));
#2882 = DIRECTION('',(1.,0.,0.));
#2883 = DIRECTION('',(-0.,0.,1.));
#2884 = ADVANCED_FACE('',(#2885),#2891,.F.);
#2885 = FACE_BOUND('',#2886,.F.);
#2886 = EDGE_LOOP('',(#2887,#2888,#2889,#2890));
#2887 = ORIENTED_EDGE('',*,*,#2637,.F.);
#2888 = ORIENTED_EDGE('',*,*,#2804,.T.);
#2889 = ORIENTED_EDGE('',*,*,#1863,.T.);
#2890 = ORIENTED_EDGE('',*,*,#2874,.F.);
#2891 = CYLINDRICAL_SURFACE('',#2892,46.7);
#2892 = AXIS2_PLACEMENT_3D('',#2893,#2894,#2895);
#2893 = CARTESIAN_POINT('',(-39.9,33.,14.));
#2894 = DIRECTION('',(-1.,0.,0.));
#2895 = DIRECTION('',(-0.,-0.999444495883,-3.332716083675E-02));
#2896 = ADVANCED_FACE('',(#2897),#2924,.T.);
#2897 = FACE_BOUND('',#2898,.F.);
#2898 = EDGE_LOOP('',(#2899,#2907,#2916,#2922,#2923));
#2899 = ORIENTED_EDGE('',*,*,#2900,.T.);
#2900 = EDGE_CURVE('',#1948,#2901,#2903,.T.);
#2901 = VERTEX_POINT('',#2902);
#2902 = CARTESIAN_POINT('',(-37.9,3.976331967224,40.050464370587));
#2903 = LINE('',#2904,#2905);
#2904 = CARTESIAN_POINT('',(-38.9,3.976331967224,40.050464370587));
#2905 = VECTOR('',#2906,1.);
#2906 = DIRECTION('',(1.,0.,0.));
#2907 = ORIENTED_EDGE('',*,*,#2908,.T.);
#2908 = EDGE_CURVE('',#2901,#2909,#2911,.T.);
#2909 = VERTEX_POINT('',#2910);
#2910 = CARTESIAN_POINT('',(-37.9,-5.978335339432,12.700240727367));
#2911 = CIRCLE('',#2912,39.);
#2912 = AXIS2_PLACEMENT_3D('',#2913,#2914,#2915);
#2913 = CARTESIAN_POINT('',(-37.9,33.,14.));
#2914 = DIRECTION('',(1.,0.,0.));
#2915 = DIRECTION('',(0.,-0.744196616225,0.667960624887));
#2916 = ORIENTED_EDGE('',*,*,#2917,.F.);
#2917 = EDGE_CURVE('',#1939,#2909,#2918,.T.);
#2918 = LINE('',#2919,#2920);
#2919 = CARTESIAN_POINT('',(-38.9,-5.978335339432,12.700240727367));
#2920 = VECTOR('',#2921,1.);
#2921 = DIRECTION('',(1.,0.,0.));
#2922 = ORIENTED_EDGE('',*,*,#1936,.F.);
#2923 = ORIENTED_EDGE('',*,*,#1947,.F.);
#2924 = CYLINDRICAL_SURFACE('',#2925,39.);
#2925 = AXIS2_PLACEMENT_3D('',#2926,#2927,#2928);
#2926 = CARTESIAN_POINT('',(-38.9,33.,14.));
#2927 = DIRECTION('',(-1.,-0.,-0.));
#2928 = DIRECTION('',(0.,-0.744196616225,0.667960624887));
#2929 = ADVANCED_FACE('',(#2930),#2941,.F.);
#2930 = FACE_BOUND('',#2931,.F.);
#2931 = EDGE_LOOP('',(#2932,#2933,#2934,#2940));
#2932 = ORIENTED_EDGE('',*,*,#2092,.F.);
#2933 = ORIENTED_EDGE('',*,*,#2917,.T.);
#2934 = ORIENTED_EDGE('',*,*,#2935,.T.);
#2935 = EDGE_CURVE('',#2909,#2813,#2936,.T.);
#2936 = LINE('',#2937,#2938);
#2937 = CARTESIAN_POINT('',(-37.9,-5.978335339432,12.700240727367));
#2938 = VECTOR('',#2939,1.);
#2939 = DIRECTION('',(0.,-0.999444495883,-3.332716083675E-02));
#2940 = ORIENTED_EDGE('',*,*,#2812,.F.);
#2941 = PLANE('',#2942);
#2942 = AXIS2_PLACEMENT_3D('',#2943,#2944,#2945);
#2943 = CARTESIAN_POINT('',(-38.9,-5.978335339432,12.700240727367));
#2944 = DIRECTION('',(0.,3.332716083675E-02,-0.999444495883));
#2945 = DIRECTION('',(0.,-0.999444495883,-3.332716083675E-02));
#2946 = ADVANCED_FACE('',(#2947),#2953,.F.);
#2947 = FACE_BOUND('',#2948,.F.);
#2948 = EDGE_LOOP('',(#2949,#2950,#2951,#2952));
#2949 = ORIENTED_EDGE('',*,*,#1973,.F.);
#2950 = ORIENTED_EDGE('',*,*,#2606,.F.);
#2951 = ORIENTED_EDGE('',*,*,#2656,.T.);
#2952 = ORIENTED_EDGE('',*,*,#2868,.F.);
#2953 = PLANE('',#2954);
#2954 = AXIS2_PLACEMENT_3D('',#2955,#2956,#2957);
#2955 = CARTESIAN_POINT('',(-38.9,-6.516840321549,49.468709181491));
#2956 = DIRECTION('',(-0.,0.667960624887,0.744196616225));
#2957 = DIRECTION('',(0.,0.744196616225,-0.667960624887));
#2958 = ADVANCED_FACE('',(#2959),#2970,.F.);
#2959 = FACE_BOUND('',#2960,.F.);
#2960 = EDGE_LOOP('',(#2961,#2962,#2963,#2969));
#2961 = ORIENTED_EDGE('',*,*,#1956,.F.);
#2962 = ORIENTED_EDGE('',*,*,#2861,.T.);
#2963 = ORIENTED_EDGE('',*,*,#2964,.T.);
#2964 = EDGE_CURVE('',#2835,#2901,#2965,.T.);
#2965 = LINE('',#2966,#2967);
#2966 = CARTESIAN_POINT('',(-37.9,-6.516840321549,49.468709181491));
#2967 = VECTOR('',#2968,1.);
#2968 = DIRECTION('',(0.,0.744196616225,-0.667960624887));
#2969 = ORIENTED_EDGE('',*,*,#2900,.F.);
#2970 = PLANE('',#2971);
#2971 = AXIS2_PLACEMENT_3D('',#2972,#2973,#2974);
#2972 = CARTESIAN_POINT('',(-38.9,-6.516840321549,49.468709181491));
#2973 = DIRECTION('',(-0.,0.667960624887,0.744196616225));
#2974 = DIRECTION('',(0.,0.744196616225,-0.667960624887));
#2975 = ADVANCED_FACE('',(#2976),#3013,.T.);
#2976 = FACE_BOUND('',#2977,.T.);
#2977 = EDGE_LOOP('',(#2978,#2979,#2980,#2986,#2987,#2988,#2989,#2990,
    #2998,#3007));
#2978 = ORIENTED_EDGE('',*,*,#2196,.T.);
#2979 = ORIENTED_EDGE('',*,*,#2187,.T.);
#2980 = ORIENTED_EDGE('',*,*,#2981,.T.);
#2981 = EDGE_CURVE('',#2180,#2440,#2982,.T.);
#2982 = LINE('',#2983,#2984);
#2983 = CARTESIAN_POINT('',(34.9,29.076886768103,18.539733755377));
#2984 = VECTOR('',#2985,1.);
#2985 = DIRECTION('',(1.,0.,0.));
#2986 = ORIENTED_EDGE('',*,*,#2439,.F.);
#2987 = ORIENTED_EDGE('',*,*,#2430,.F.);
#2988 = ORIENTED_EDGE('',*,*,#2359,.F.);
#2989 = ORIENTED_EDGE('',*,*,#2229,.T.);
#2990 = ORIENTED_EDGE('',*,*,#2991,.T.);
#2991 = EDGE_CURVE('',#2222,#2992,#2994,.T.);
#2992 = VERTEX_POINT('',#2993);
#2993 = CARTESIAN_POINT('',(35.85,38.838576045578,12.6176));
#2994 = LINE('',#2995,#2996);
#2995 = CARTESIAN_POINT('',(34.9,38.838576045578,12.6176));
#2996 = VECTOR('',#2997,1.);
#2997 = DIRECTION('',(1.,0.,0.));
#2998 = ORIENTED_EDGE('',*,*,#2999,.T.);
#2999 = EDGE_CURVE('',#2992,#3000,#3002,.T.);
#3000 = VERTEX_POINT('',#3001);
#3001 = CARTESIAN_POINT('',(35.85,38.838576045578,15.3824));
#3002 = CIRCLE('',#3003,6.);
#3003 = AXIS2_PLACEMENT_3D('',#3004,#3005,#3006);
#3004 = CARTESIAN_POINT('',(35.85,33.,14.));
#3005 = DIRECTION('',(1.,0.,0.));
#3006 = DIRECTION('',(-0.,0.,1.));
#3007 = ORIENTED_EDGE('',*,*,#3008,.F.);
#3008 = EDGE_CURVE('',#2197,#3000,#3009,.T.);
#3009 = LINE('',#3010,#3011);
#3010 = CARTESIAN_POINT('',(34.9,38.838576045578,15.3824));
#3011 = VECTOR('',#3012,1.);
#3012 = DIRECTION('',(1.,0.,0.));
#3013 = CYLINDRICAL_SURFACE('',#3014,6.);
#3014 = AXIS2_PLACEMENT_3D('',#3015,#3016,#3017);
#3015 = CARTESIAN_POINT('',(34.9,33.,14.));
#3016 = DIRECTION('',(1.,0.,0.));
#3017 = DIRECTION('',(-0.,0.,1.));
#3018 = ADVANCED_FACE('',(#3019),#3037,.T.);
#3019 = FACE_BOUND('',#3020,.T.);
#3020 = EDGE_LOOP('',(#3021,#3022,#3030,#3036));
#3021 = ORIENTED_EDGE('',*,*,#2221,.F.);
#3022 = ORIENTED_EDGE('',*,*,#3023,.T.);
#3023 = EDGE_CURVE('',#2214,#3024,#3026,.T.);
#3024 = VERTEX_POINT('',#3025);
#3025 = CARTESIAN_POINT('',(35.85,38.7999,12.6176));
#3026 = LINE('',#3027,#3028);
#3027 = CARTESIAN_POINT('',(34.85,38.7999,12.6176));
#3028 = VECTOR('',#3029,1.);
#3029 = DIRECTION('',(1.,0.,-0.));
#3030 = ORIENTED_EDGE('',*,*,#3031,.T.);
#3031 = EDGE_CURVE('',#3024,#2992,#3032,.T.);
#3032 = LINE('',#3033,#3034);
#3033 = CARTESIAN_POINT('',(35.85,38.7999,12.6176));
#3034 = VECTOR('',#3035,1.);
#3035 = DIRECTION('',(-0.,1.,0.));
#3036 = ORIENTED_EDGE('',*,*,#2991,.F.);
#3037 = PLANE('',#3038);
#3038 = AXIS2_PLACEMENT_3D('',#3039,#3040,#3041);
#3039 = CARTESIAN_POINT('',(34.85,38.7999,12.6176));
#3040 = DIRECTION('',(0.,0.,1.));
#3041 = DIRECTION('',(1.,0.,-0.));
#3042 = ADVANCED_FACE('',(#3043),#3061,.T.);
#3043 = FACE_BOUND('',#3044,.T.);
#3044 = EDGE_LOOP('',(#3045,#3046,#3047,#3055));
#3045 = ORIENTED_EDGE('',*,*,#3023,.F.);
#3046 = ORIENTED_EDGE('',*,*,#2213,.F.);
#3047 = ORIENTED_EDGE('',*,*,#3048,.T.);
#3048 = EDGE_CURVE('',#2206,#3049,#3051,.T.);
#3049 = VERTEX_POINT('',#3050);
#3050 = CARTESIAN_POINT('',(35.85,38.7999,15.3824));
#3051 = LINE('',#3052,#3053);
#3052 = CARTESIAN_POINT('',(34.85,38.7999,15.3824));
#3053 = VECTOR('',#3054,1.);
#3054 = DIRECTION('',(1.,0.,-0.));
#3055 = ORIENTED_EDGE('',*,*,#3056,.F.);
#3056 = EDGE_CURVE('',#3024,#3049,#3057,.T.);
#3057 = LINE('',#3058,#3059);
#3058 = CARTESIAN_POINT('',(35.85,38.7999,12.6176));
#3059 = VECTOR('',#3060,1.);
#3060 = DIRECTION('',(0.,0.,1.));
#3061 = PLANE('',#3062);
#3062 = AXIS2_PLACEMENT_3D('',#3063,#3064,#3065);
#3063 = CARTESIAN_POINT('',(34.85,38.7999,12.6176));
#3064 = DIRECTION('',(-0.,1.,0.));
#3065 = DIRECTION('',(0.,0.,1.));
#3066 = ADVANCED_FACE('',(#3067),#3078,.F.);
#3067 = FACE_BOUND('',#3068,.F.);
#3068 = EDGE_LOOP('',(#3069,#3070,#3071,#3077));
#3069 = ORIENTED_EDGE('',*,*,#2205,.F.);
#3070 = ORIENTED_EDGE('',*,*,#3048,.T.);
#3071 = ORIENTED_EDGE('',*,*,#3072,.T.);
#3072 = EDGE_CURVE('',#3049,#3000,#3073,.T.);
#3073 = LINE('',#3074,#3075);
#3074 = CARTESIAN_POINT('',(35.85,38.7999,15.3824));
#3075 = VECTOR('',#3076,1.);
#3076 = DIRECTION('',(-0.,1.,0.));
#3077 = ORIENTED_EDGE('',*,*,#3008,.F.);
#3078 = PLANE('',#3079);
#3079 = AXIS2_PLACEMENT_3D('',#3080,#3081,#3082);
#3080 = CARTESIAN_POINT('',(34.85,38.7999,15.3824));
#3081 = DIRECTION('',(0.,0.,1.));
#3082 = DIRECTION('',(1.,0.,-0.));
#3083 = ADVANCED_FACE('',(#3084),#3095,.T.);
#3084 = FACE_BOUND('',#3085,.T.);
#3085 = EDGE_LOOP('',(#3086,#3087,#3093,#3094));
#3086 = ORIENTED_EDGE('',*,*,#2179,.F.);
#3087 = ORIENTED_EDGE('',*,*,#3088,.T.);
#3088 = EDGE_CURVE('',#2171,#2449,#3089,.T.);
#3089 = LINE('',#3090,#3091);
#3090 = CARTESIAN_POINT('',(34.9,-1.65416688176,54.100981505833));
#3091 = VECTOR('',#3092,1.);
#3092 = DIRECTION('',(1.,0.,0.));
#3093 = ORIENTED_EDGE('',*,*,#2448,.T.);
#3094 = ORIENTED_EDGE('',*,*,#2981,.F.);
#3095 = PLANE('',#3096);
#3096 = AXIS2_PLACEMENT_3D('',#3097,#3098,#3099);
#3097 = CARTESIAN_POINT('',(34.9,-1.65416688176,54.100981505833));
#3098 = DIRECTION('',(-0.,0.756622292563,0.653852205316));
#3099 = DIRECTION('',(0.,0.653852205316,-0.756622292563));
#3100 = ADVANCED_FACE('',(#3101),#3122,.T.);
#3101 = FACE_BOUND('',#3102,.T.);
#3102 = EDGE_LOOP('',(#3103,#3104,#3105,#3114,#3120,#3121));
#3103 = ORIENTED_EDGE('',*,*,#2170,.F.);
#3104 = ORIENTED_EDGE('',*,*,#2327,.T.);
#3105 = ORIENTED_EDGE('',*,*,#3106,.T.);
#3106 = EDGE_CURVE('',#2320,#3107,#3109,.T.);
#3107 = VERTEX_POINT('',#3108);
#3108 = CARTESIAN_POINT('',(37.9,-6.442420659926,49.401913119003));
#3109 = CIRCLE('',#3110,53.);
#3110 = AXIS2_PLACEMENT_3D('',#3111,#3112,#3113);
#3111 = CARTESIAN_POINT('',(37.9,33.,14.));
#3112 = DIRECTION('',(-1.,0.,0.));
#3113 = DIRECTION('',(-0.,-0.987227283376,-0.159318206614));
#3114 = ORIENTED_EDGE('',*,*,#3115,.F.);
#3115 = EDGE_CURVE('',#2457,#3107,#3116,.T.);
#3116 = LINE('',#3117,#3118);
#3117 = CARTESIAN_POINT('',(34.9,-6.442420659926,49.401913119003));
#3118 = VECTOR('',#3119,1.);
#3119 = DIRECTION('',(-1.,0.,0.));
#3120 = ORIENTED_EDGE('',*,*,#2456,.T.);
#3121 = ORIENTED_EDGE('',*,*,#3088,.F.);
#3122 = CYLINDRICAL_SURFACE('',#3123,53.);
#3123 = AXIS2_PLACEMENT_3D('',#3124,#3125,#3126);
#3124 = CARTESIAN_POINT('',(34.9,33.,14.));
#3125 = DIRECTION('',(-1.,0.,0.));
#3126 = DIRECTION('',(-0.,-0.987227283376,-0.159318206614));
#3127 = ADVANCED_FACE('',(#3128),#3139,.F.);
#3128 = FACE_BOUND('',#3129,.F.);
#3129 = EDGE_LOOP('',(#3130,#3131,#3137,#3138));
#3130 = ORIENTED_EDGE('',*,*,#2533,.F.);
#3131 = ORIENTED_EDGE('',*,*,#3132,.F.);
#3132 = EDGE_CURVE('',#2247,#2534,#3133,.T.);
#3133 = LINE('',#3134,#3135);
#3134 = CARTESIAN_POINT('',(-39.9,33.,15.7));
#3135 = VECTOR('',#3136,1.);
#3136 = DIRECTION('',(1.,0.,0.));
#3137 = ORIENTED_EDGE('',*,*,#2246,.T.);
#3138 = ORIENTED_EDGE('',*,*,#3132,.T.);
#3139 = CYLINDRICAL_SURFACE('',#3140,1.7);
#3140 = AXIS2_PLACEMENT_3D('',#3141,#3142,#3143);
#3141 = CARTESIAN_POINT('',(-39.9,33.,14.));
#3142 = DIRECTION('',(1.,0.,0.));
#3143 = DIRECTION('',(-0.,0.,1.));
#3144 = ADVANCED_FACE('',(#3145),#3171,.F.);
#3145 = FACE_BOUND('',#3146,.F.);
#3146 = EDGE_LOOP('',(#3147,#3148,#3156,#3165));
#3147 = ORIENTED_EDGE('',*,*,#2257,.F.);
#3148 = ORIENTED_EDGE('',*,*,#3149,.T.);
#3149 = EDGE_CURVE('',#2258,#3150,#3152,.T.);
#3150 = VERTEX_POINT('',#3151);
#3151 = CARTESIAN_POINT('',(37.9,-13.67405795773,12.443621588924));
#3152 = LINE('',#3153,#3154);
#3153 = CARTESIAN_POINT('',(-39.9,-13.67405795773,12.443621588924));
#3154 = VECTOR('',#3155,1.);
#3155 = DIRECTION('',(1.,0.,0.));
#3156 = ORIENTED_EDGE('',*,*,#3157,.T.);
#3157 = EDGE_CURVE('',#3150,#3158,#3160,.T.);
#3158 = VERTEX_POINT('',#3159);
#3159 = CARTESIAN_POINT('',(37.9,-1.753981977709,45.193761182216));
#3160 = CIRCLE('',#3161,46.7);
#3161 = AXIS2_PLACEMENT_3D('',#3162,#3163,#3164);
#3162 = CARTESIAN_POINT('',(37.9,33.,14.));
#3163 = DIRECTION('',(-1.,0.,0.));
#3164 = DIRECTION('',(-0.,-0.999444495883,-3.332716083675E-02));
#3165 = ORIENTED_EDGE('',*,*,#3166,.F.);
#3166 = EDGE_CURVE('',#2260,#3158,#3167,.T.);
#3167 = LINE('',#3168,#3169);
#3168 = CARTESIAN_POINT('',(-39.9,-1.753981977709,45.193761182216));
#3169 = VECTOR('',#3170,1.);
#3170 = DIRECTION('',(1.,0.,0.));
#3171 = CYLINDRICAL_SURFACE('',#3172,46.7);
#3172 = AXIS2_PLACEMENT_3D('',#3173,#3174,#3175);
#3173 = CARTESIAN_POINT('',(-39.9,33.,14.));
#3174 = DIRECTION('',(-1.,0.,0.));
#3175 = DIRECTION('',(-0.,-0.999444495883,-3.332716083675E-02));
#3176 = ADVANCED_FACE('',(#3177),#3202,.F.);
#3177 = FACE_BOUND('',#3178,.F.);
#3178 = EDGE_LOOP('',(#3179,#3180,#3188,#3194,#3195,#3196));
#3179 = ORIENTED_EDGE('',*,*,#2473,.F.);
#3180 = ORIENTED_EDGE('',*,*,#3181,.F.);
#3181 = EDGE_CURVE('',#3182,#2474,#3184,.T.);
#3182 = VERTEX_POINT('',#3183);
#3183 = CARTESIAN_POINT('',(37.9,0.776286517456,42.9226950576));
#3184 = LINE('',#3185,#3186);
#3185 = CARTESIAN_POINT('',(-39.9,0.776286517456,42.9226950576));
#3186 = VECTOR('',#3187,1.);
#3187 = DIRECTION('',(1.,0.,0.));
#3188 = ORIENTED_EDGE('',*,*,#3189,.F.);
#3189 = EDGE_CURVE('',#2278,#3182,#3190,.T.);
#3190 = LINE('',#3191,#3192);
#3191 = CARTESIAN_POINT('',(-39.9,0.776286517456,42.9226950576));
#3192 = VECTOR('',#3193,1.);
#3193 = DIRECTION('',(1.,0.,0.));
#3194 = ORIENTED_EDGE('',*,*,#2286,.T.);
#3195 = ORIENTED_EDGE('',*,*,#3166,.T.);
#3196 = ORIENTED_EDGE('',*,*,#3197,.T.);
#3197 = EDGE_CURVE('',#3158,#2466,#3198,.T.);
#3198 = LINE('',#3199,#3200);
#3199 = CARTESIAN_POINT('',(-39.9,-1.753981977709,45.193761182216));
#3200 = VECTOR('',#3201,1.);
#3201 = DIRECTION('',(1.,0.,0.));
#3202 = CYLINDRICAL_SURFACE('',#3203,1.7);
#3203 = AXIS2_PLACEMENT_3D('',#3204,#3205,#3206);
#3204 = CARTESIAN_POINT('',(-39.9,-0.488847730126,44.058228119908));
#3205 = DIRECTION('',(1.,0.,0.));
#3206 = DIRECTION('',(-0.,0.,1.));
#3207 = ADVANCED_FACE('',(#3208),#3227,.T.);
#3208 = FACE_BOUND('',#3209,.F.);
#3209 = EDGE_LOOP('',(#3210,#3211,#3212,#3221));
#3210 = ORIENTED_EDGE('',*,*,#2277,.T.);
#3211 = ORIENTED_EDGE('',*,*,#3189,.T.);
#3212 = ORIENTED_EDGE('',*,*,#3213,.F.);
#3213 = EDGE_CURVE('',#3214,#3182,#3216,.T.);
#3214 = VERTEX_POINT('',#3215);
#3215 = CARTESIAN_POINT('',(37.9,-10.27594667172,12.556933935769));
#3216 = CIRCLE('',#3217,43.3);
#3217 = AXIS2_PLACEMENT_3D('',#3218,#3219,#3220);
#3218 = CARTESIAN_POINT('',(37.9,33.,14.));
#3219 = DIRECTION('',(-1.,-0.,0.));
#3220 = DIRECTION('',(0.,-0.744196616225,0.667960624887));
#3221 = ORIENTED_EDGE('',*,*,#3222,.F.);
#3222 = EDGE_CURVE('',#2269,#3214,#3223,.T.);
#3223 = LINE('',#3224,#3225);
#3224 = CARTESIAN_POINT('',(-39.9,-10.27594667172,12.556933935769));
#3225 = VECTOR('',#3226,1.);
#3226 = DIRECTION('',(1.,0.,0.));
#3227 = CYLINDRICAL_SURFACE('',#3228,43.3);
#3228 = AXIS2_PLACEMENT_3D('',#3229,#3230,#3231);
#3229 = CARTESIAN_POINT('',(-39.9,33.,14.));
#3230 = DIRECTION('',(-1.,-0.,-0.));
#3231 = DIRECTION('',(0.,-0.744196616225,0.667960624887));
#3232 = ADVANCED_FACE('',(#3233),#3251,.F.);
#3233 = FACE_BOUND('',#3234,.F.);
#3234 = EDGE_LOOP('',(#3235,#3236,#3242,#3243,#3244,#3245));
#3235 = ORIENTED_EDGE('',*,*,#2516,.F.);
#3236 = ORIENTED_EDGE('',*,*,#3237,.F.);
#3237 = EDGE_CURVE('',#3150,#2517,#3238,.T.);
#3238 = LINE('',#3239,#3240);
#3239 = CARTESIAN_POINT('',(-39.9,-13.67405795773,12.443621588924));
#3240 = VECTOR('',#3241,1.);
#3241 = DIRECTION('',(1.,0.,0.));
#3242 = ORIENTED_EDGE('',*,*,#3149,.F.);
#3243 = ORIENTED_EDGE('',*,*,#2268,.T.);
#3244 = ORIENTED_EDGE('',*,*,#3222,.T.);
#3245 = ORIENTED_EDGE('',*,*,#3246,.T.);
#3246 = EDGE_CURVE('',#3214,#2509,#3247,.T.);
#3247 = LINE('',#3248,#3249);
#3248 = CARTESIAN_POINT('',(-39.9,-10.27594667172,12.556933935769));
#3249 = VECTOR('',#3250,1.);
#3250 = DIRECTION('',(1.,0.,0.));
#3251 = CYLINDRICAL_SURFACE('',#3252,1.7);
#3252 = AXIS2_PLACEMENT_3D('',#3253,#3254,#3255);
#3253 = CARTESIAN_POINT('',(-39.9,-11.97500231472,12.500277762346));
#3254 = DIRECTION('',(1.,0.,0.));
#3255 = DIRECTION('',(-0.,0.,1.));
#3256 = ADVANCED_FACE('',(#3257),#3268,.F.);
#3257 = FACE_BOUND('',#3258,.F.);
#3258 = EDGE_LOOP('',(#3259,#3265,#3266,#3267));
#3259 = ORIENTED_EDGE('',*,*,#3260,.F.);
#3260 = EDGE_CURVE('',#3150,#2312,#3261,.T.);
#3261 = LINE('',#3262,#3263);
#3262 = CARTESIAN_POINT('',(37.9,-5.978335339432,12.700240727367));
#3263 = VECTOR('',#3264,1.);
#3264 = DIRECTION('',(0.,-0.999444495883,-3.332716083675E-02));
#3265 = ORIENTED_EDGE('',*,*,#3237,.T.);
#3266 = ORIENTED_EDGE('',*,*,#2525,.T.);
#3267 = ORIENTED_EDGE('',*,*,#2311,.T.);
#3268 = PLANE('',#3269);
#3269 = AXIS2_PLACEMENT_3D('',#3270,#3271,#3272);
#3270 = CARTESIAN_POINT('',(37.9,-5.978335339432,12.700240727367));
#3271 = DIRECTION('',(0.,3.332716083675E-02,-0.999444495883));
#3272 = DIRECTION('',(0.,-0.999444495883,-3.332716083675E-02));
#3273 = ADVANCED_FACE('',(#3274),#3286,.F.);
#3274 = FACE_BOUND('',#3275,.F.);
#3275 = EDGE_LOOP('',(#3276,#3277,#3278,#3279,#3280));
#3276 = ORIENTED_EDGE('',*,*,#3157,.F.);
#3277 = ORIENTED_EDGE('',*,*,#3260,.T.);
#3278 = ORIENTED_EDGE('',*,*,#2319,.T.);
#3279 = ORIENTED_EDGE('',*,*,#3106,.T.);
#3280 = ORIENTED_EDGE('',*,*,#3281,.T.);
#3281 = EDGE_CURVE('',#3107,#3158,#3282,.T.);
#3282 = LINE('',#3283,#3284);
#3283 = CARTESIAN_POINT('',(37.9,-6.516840321549,49.468709181491));
#3284 = VECTOR('',#3285,1.);
#3285 = DIRECTION('',(0.,0.744196616225,-0.667960624887));
#3286 = PLANE('',#3287);
#3287 = AXIS2_PLACEMENT_3D('',#3288,#3289,#3290);
#3288 = CARTESIAN_POINT('',(37.9,-9.169508336162,29.348445828004));
#3289 = DIRECTION('',(-1.,-0.,-0.));
#3290 = DIRECTION('',(0.,0.,-1.));
#3291 = ADVANCED_FACE('',(#3292),#3310,.F.);
#3292 = FACE_BOUND('',#3293,.F.);
#3293 = EDGE_LOOP('',(#3294,#3302,#3308,#3309));
#3294 = ORIENTED_EDGE('',*,*,#3295,.F.);
#3295 = EDGE_CURVE('',#3296,#3214,#3298,.T.);
#3296 = VERTEX_POINT('',#3297);
#3297 = CARTESIAN_POINT('',(37.9,-5.978335339432,12.700240727367));
#3298 = LINE('',#3299,#3300);
#3299 = CARTESIAN_POINT('',(37.9,-5.978335339432,12.700240727367));
#3300 = VECTOR('',#3301,1.);
#3301 = DIRECTION('',(0.,-0.999444495883,-3.332716083675E-02));
#3302 = ORIENTED_EDGE('',*,*,#3303,.T.);
#3303 = EDGE_CURVE('',#3296,#2500,#3304,.T.);
#3304 = LINE('',#3305,#3306);
#3305 = CARTESIAN_POINT('',(37.9,-5.978335339432,12.700240727367));
#3306 = VECTOR('',#3307,1.);
#3307 = DIRECTION('',(1.,0.,0.));
#3308 = ORIENTED_EDGE('',*,*,#2508,.T.);
#3309 = ORIENTED_EDGE('',*,*,#3246,.F.);
#3310 = PLANE('',#3311);
#3311 = AXIS2_PLACEMENT_3D('',#3312,#3313,#3314);
#3312 = CARTESIAN_POINT('',(37.9,-5.978335339432,12.700240727367));
#3313 = DIRECTION('',(0.,3.332716083675E-02,-0.999444495883));
#3314 = DIRECTION('',(0.,-0.999444495883,-3.332716083675E-02));
#3315 = ADVANCED_FACE('',(#3316),#3336,.T.);
#3316 = FACE_BOUND('',#3317,.F.);
#3317 = EDGE_LOOP('',(#3318,#3326,#3327,#3328,#3329));
#3318 = ORIENTED_EDGE('',*,*,#3319,.T.);
#3319 = EDGE_CURVE('',#3320,#2483,#3322,.T.);
#3320 = VERTEX_POINT('',#3321);
#3321 = CARTESIAN_POINT('',(37.9,3.976331967224,40.050464370587));
#3322 = LINE('',#3323,#3324);
#3323 = CARTESIAN_POINT('',(37.9,3.976331967224,40.050464370587));
#3324 = VECTOR('',#3325,1.);
#3325 = DIRECTION('',(1.,0.,0.));
#3326 = ORIENTED_EDGE('',*,*,#2490,.T.);
#3327 = ORIENTED_EDGE('',*,*,#2499,.T.);
#3328 = ORIENTED_EDGE('',*,*,#3303,.F.);
#3329 = ORIENTED_EDGE('',*,*,#3330,.F.);
#3330 = EDGE_CURVE('',#3320,#3296,#3331,.T.);
#3331 = CIRCLE('',#3332,39.);
#3332 = AXIS2_PLACEMENT_3D('',#3333,#3334,#3335);
#3333 = CARTESIAN_POINT('',(37.9,33.,14.));
#3334 = DIRECTION('',(1.,0.,0.));
#3335 = DIRECTION('',(0.,-0.744196616225,0.667960624887));
#3336 = CYLINDRICAL_SURFACE('',#3337,39.);
#3337 = AXIS2_PLACEMENT_3D('',#3338,#3339,#3340);
#3338 = CARTESIAN_POINT('',(37.9,33.,14.));
#3339 = DIRECTION('',(-1.,-0.,-0.));
#3340 = DIRECTION('',(0.,-0.744196616225,0.667960624887));
#3341 = ADVANCED_FACE('',(#3342),#3353,.F.);
#3342 = FACE_BOUND('',#3343,.F.);
#3343 = EDGE_LOOP('',(#3344,#3350,#3351,#3352));
#3344 = ORIENTED_EDGE('',*,*,#3345,.F.);
#3345 = EDGE_CURVE('',#3182,#3320,#3346,.T.);
#3346 = LINE('',#3347,#3348);
#3347 = CARTESIAN_POINT('',(37.9,-6.516840321549,49.468709181491));
#3348 = VECTOR('',#3349,1.);
#3349 = DIRECTION('',(0.,0.744196616225,-0.667960624887));
#3350 = ORIENTED_EDGE('',*,*,#3181,.T.);
#3351 = ORIENTED_EDGE('',*,*,#2482,.T.);
#3352 = ORIENTED_EDGE('',*,*,#3319,.F.);
#3353 = PLANE('',#3354);
#3354 = AXIS2_PLACEMENT_3D('',#3355,#3356,#3357);
#3355 = CARTESIAN_POINT('',(37.9,-6.516840321549,49.468709181491));
#3356 = DIRECTION('',(-0.,0.667960624887,0.744196616225));
#3357 = DIRECTION('',(0.,0.744196616225,-0.667960624887));
#3358 = ADVANCED_FACE('',(#3359),#3365,.F.);
#3359 = FACE_BOUND('',#3360,.F.);
#3360 = EDGE_LOOP('',(#3361,#3362,#3363,#3364));
#3361 = ORIENTED_EDGE('',*,*,#3281,.F.);
#3362 = ORIENTED_EDGE('',*,*,#3115,.F.);
#3363 = ORIENTED_EDGE('',*,*,#2465,.T.);
#3364 = ORIENTED_EDGE('',*,*,#3197,.F.);
#3365 = PLANE('',#3366);
#3366 = AXIS2_PLACEMENT_3D('',#3367,#3368,#3369);
#3367 = CARTESIAN_POINT('',(37.9,-6.516840321549,49.468709181491));
#3368 = DIRECTION('',(-0.,0.667960624887,0.744196616225));
#3369 = DIRECTION('',(0.,0.744196616225,-0.667960624887));
#3370 = ADVANCED_FACE('',(#3371),#3377,.T.);
#3371 = FACE_BOUND('',#3372,.T.);
#3372 = EDGE_LOOP('',(#3373,#3374,#3375,#3376));
#3373 = ORIENTED_EDGE('',*,*,#2908,.T.);
#3374 = ORIENTED_EDGE('',*,*,#2935,.T.);
#3375 = ORIENTED_EDGE('',*,*,#2834,.T.);
#3376 = ORIENTED_EDGE('',*,*,#2964,.T.);
#3377 = PLANE('',#3378);
#3378 = AXIS2_PLACEMENT_3D('',#3379,#3380,#3381);
#3379 = CARTESIAN_POINT('',(-37.9,-9.169508336162,29.348445828004));
#3380 = DIRECTION('',(-1.,-0.,-0.));
#3381 = DIRECTION('',(0.,0.,-1.));
#3382 = ADVANCED_FACE('',(#3383),#3389,.F.);
#3383 = FACE_BOUND('',#3384,.F.);
#3384 = EDGE_LOOP('',(#3385,#3386,#3387,#3388));
#3385 = ORIENTED_EDGE('',*,*,#3072,.F.);
#3386 = ORIENTED_EDGE('',*,*,#3056,.F.);
#3387 = ORIENTED_EDGE('',*,*,#3031,.T.);
#3388 = ORIENTED_EDGE('',*,*,#2999,.T.);
#3389 = PLANE('',#3390);
#3390 = AXIS2_PLACEMENT_3D('',#3391,#3392,#3393);
#3391 = CARTESIAN_POINT('',(35.85,38.7999,12.6176));
#3392 = DIRECTION('',(1.,0.,-0.));
#3393 = DIRECTION('',(0.,0.,1.));
#3394 = ADVANCED_FACE('',(#3395),#3401,.F.);
#3395 = FACE_BOUND('',#3396,.F.);
#3396 = EDGE_LOOP('',(#3397,#3398,#3399,#3400));
#3397 = ORIENTED_EDGE('',*,*,#3330,.T.);
#3398 = ORIENTED_EDGE('',*,*,#3295,.T.);
#3399 = ORIENTED_EDGE('',*,*,#3213,.T.);
#3400 = ORIENTED_EDGE('',*,*,#3345,.T.);
#3401 = PLANE('',#3402);
#3402 = AXIS2_PLACEMENT_3D('',#3403,#3404,#3405);
#3403 = CARTESIAN_POINT('',(37.9,-9.169508336162,29.348445828004));
#3404 = DIRECTION('',(-1.,-0.,-0.));
#3405 = DIRECTION('',(0.,0.,-1.));
#3406 = ( GEOMETRIC_REPRESENTATION_CONTEXT(3) 
GLOBAL_UNCERTAINTY_ASSIGNED_CONTEXT((#3410)) 
GLOBAL_UNIT_ASSIGNED_CONTEXT((#3407,#3408,#3409)) REPRESENTATION_CONTEXT
('Context #1','3D Context with UNIT and UNCERTAINTY') );
#3407 = ( LENGTH_UNIT() NAMED_UNIT(*) SI_UNIT(.MILLI.,.METRE.) );
#3408 = ( NAMED_UNIT(*) PLANE_ANGLE_UNIT() SI_UNIT($,.RADIAN.) );
#3409 = ( NAMED_UNIT(*) SI_UNIT($,.STERADIAN.) SOLID_ANGLE_UNIT() );
#3410 = UNCERTAINTY_MEASURE_WITH_UNIT(LENGTH_MEASURE(1.E-07),#3407,
  'distance_accuracy_value','confusion accuracy');
#3411 = PRODUCT_RELATED_PRODUCT_CATEGORY('part',$,(#7));
ENDSEC;
END-ISO-10303-21;
