ISO-10303-21;
HEADER;
FILE_DESCRIPTION(('FreeCAD Model'),'2;1');
FILE_NAME('Open CASCADE Shape Model','2026-09-09T14:45:24',('Author'),(
    ''),'Open CASCADE STEP processor 7.8','FreeCAD','Unknown');
FILE_SCHEMA(('AUTOMOTIVE_DESIGN { 1 0 10303 214 1 1 1 1 }'));
ENDSEC;
DATA;
#1 = APPLICATION_PROTOCOL_DEFINITION('international standard',
  'automotive_design',2000,#2);
#2 = APPLICATION_CONTEXT(
  'core data for automotive mechanical design processes');
#3 = SHAPE_DEFINITION_REPRESENTATION(#4,#10);
#4 = PRODUCT_DEFINITION_SHAPE('','',#5);
#5 = PRODUCT_DEFINITION('design','',#6,#9);
#6 = PRODUCT_DEFINITION_FORMATION('','',#7);
#7 = PRODUCT('Standing handle body (flange-down)',
  'Standing handle body (flange-down)','',(#8));
#8 = PRODUCT_CONTEXT('',#2,'mechanical');
#9 = PRODUCT_DEFINITION_CONTEXT('part definition',#2,'design');
#10 = ADVANCED_BREP_SHAPE_REPRESENTATION('',(#11,#15),#2586);
#11 = AXIS2_PLACEMENT_3D('',#12,#13,#14);
#12 = CARTESIAN_POINT('',(0.,0.,0.));
#13 = DIRECTION('',(0.,0.,1.));
#14 = DIRECTION('',(1.,0.,-0.));
#15 = MANIFOLD_SOLID_BREP('',#16);
#16 = CLOSED_SHELL('',(#17,#59,#356,#380,#761,#778,#795,#812,#829,#846,
    #858,#875,#892,#909,#926,#943,#960,#977,#994,#1011,#1028,#1045,#1062
    ,#1079,#1096,#1113,#1138,#1155,#1172,#1189,#1206,#1223,#1267,#1299,
    #1335,#1367,#1403,#1441,#1479,#1515,#1547,#1583,#1615,#1647,#1656,
    #1791,#1830,#1868,#1969,#2067,#2105,#2138,#2171,#2209,#2242,#2275,
    #2313,#2340,#2372,#2397,#2424,#2449,#2474,#2499,#2524,#2549,#2567));
#17 = ADVANCED_FACE('',(#18),#54,.T.);
#18 = FACE_BOUND('',#19,.T.);
#19 = EDGE_LOOP('',(#20,#31,#39,#48));
#20 = ORIENTED_EDGE('',*,*,#21,.F.);
#21 = EDGE_CURVE('',#22,#24,#26,.T.);
#22 = VERTEX_POINT('',#23);
#23 = CARTESIAN_POINT('',(-64.,-35.,-5.5));
#24 = VERTEX_POINT('',#25);
#25 = CARTESIAN_POINT('',(-60.,-39.,-5.5));
#26 = CIRCLE('',#27,4.);
#27 = AXIS2_PLACEMENT_3D('',#28,#29,#30);
#28 = CARTESIAN_POINT('',(-60.,-35.,-5.5));
#29 = DIRECTION('',(0.,0.,1.));
#30 = DIRECTION('',(1.,0.,-0.));
#31 = ORIENTED_EDGE('',*,*,#32,.F.);
#32 = EDGE_CURVE('',#33,#22,#35,.T.);
#33 = VERTEX_POINT('',#34);
#34 = CARTESIAN_POINT('',(-64.,-35.,-11.5));
#35 = LINE('',#36,#37);
#36 = CARTESIAN_POINT('',(-64.,-35.,-11.5));
#37 = VECTOR('',#38,1.);
#38 = DIRECTION('',(0.,0.,1.));
#39 = ORIENTED_EDGE('',*,*,#40,.T.);
#40 = EDGE_CURVE('',#33,#41,#43,.T.);
#41 = VERTEX_POINT('',#42);
#42 = CARTESIAN_POINT('',(-60.,-39.,-11.5));
#43 = CIRCLE('',#44,4.);
#44 = AXIS2_PLACEMENT_3D('',#45,#46,#47);
#45 = CARTESIAN_POINT('',(-60.,-35.,-11.5));
#46 = DIRECTION('',(0.,0.,1.));
#47 = DIRECTION('',(1.,0.,-0.));
#48 = ORIENTED_EDGE('',*,*,#49,.T.);
#49 = EDGE_CURVE('',#41,#24,#50,.T.);
#50 = LINE('',#51,#52);
#51 = CARTESIAN_POINT('',(-60.,-39.,-11.5));
#52 = VECTOR('',#53,1.);
#53 = DIRECTION('',(0.,0.,1.));
#54 = CYLINDRICAL_SURFACE('',#55,4.);
#55 = AXIS2_PLACEMENT_3D('',#56,#57,#58);
#56 = CARTESIAN_POINT('',(-60.,-35.,-11.5));
#57 = DIRECTION('',(0.,0.,1.));
#58 = DIRECTION('',(1.,0.,-0.));
#59 = ADVANCED_FACE('',(#60,#120,#131,#142,#153,#164,#175,#186,#197,#208
    ,#219,#230,#241,#252,#263,#274,#285,#296,#307,#318,#329,#340),#351,
  .T.);
#60 = FACE_BOUND('',#61,.T.);
#61 = EDGE_LOOP('',(#62,#63,#71,#80,#88,#97,#105,#114));
#62 = ORIENTED_EDGE('',*,*,#21,.T.);
#63 = ORIENTED_EDGE('',*,*,#64,.T.);
#64 = EDGE_CURVE('',#24,#65,#67,.T.);
#65 = VERTEX_POINT('',#66);
#66 = CARTESIAN_POINT('',(60.,-39.,-5.5));
#67 = LINE('',#68,#69);
#68 = CARTESIAN_POINT('',(-60.,-39.,-5.5));
#69 = VECTOR('',#70,1.);
#70 = DIRECTION('',(1.,0.,-0.));
#71 = ORIENTED_EDGE('',*,*,#72,.T.);
#72 = EDGE_CURVE('',#65,#73,#75,.T.);
#73 = VERTEX_POINT('',#74);
#74 = CARTESIAN_POINT('',(64.,-35.,-5.5));
#75 = CIRCLE('',#76,4.);
#76 = AXIS2_PLACEMENT_3D('',#77,#78,#79);
#77 = CARTESIAN_POINT('',(60.,-35.,-5.5));
#78 = DIRECTION('',(0.,0.,1.));
#79 = DIRECTION('',(1.,0.,-0.));
#80 = ORIENTED_EDGE('',*,*,#81,.T.);
#81 = EDGE_CURVE('',#73,#82,#84,.T.);
#82 = VERTEX_POINT('',#83);
#83 = CARTESIAN_POINT('',(64.,35.,-5.5));
#84 = LINE('',#85,#86);
#85 = CARTESIAN_POINT('',(64.,-35.,-5.5));
#86 = VECTOR('',#87,1.);
#87 = DIRECTION('',(-0.,1.,0.));
#88 = ORIENTED_EDGE('',*,*,#89,.T.);
#89 = EDGE_CURVE('',#82,#90,#92,.T.);
#90 = VERTEX_POINT('',#91);
#91 = CARTESIAN_POINT('',(60.,39.,-5.5));
#92 = CIRCLE('',#93,4.);
#93 = AXIS2_PLACEMENT_3D('',#94,#95,#96);
#94 = CARTESIAN_POINT('',(60.,35.,-5.5));
#95 = DIRECTION('',(0.,0.,1.));
#96 = DIRECTION('',(1.,0.,-0.));
#97 = ORIENTED_EDGE('',*,*,#98,.F.);
#98 = EDGE_CURVE('',#99,#90,#101,.T.);
#99 = VERTEX_POINT('',#100);
#100 = CARTESIAN_POINT('',(-60.,39.,-5.5));
#101 = LINE('',#102,#103);
#102 = CARTESIAN_POINT('',(-60.,39.,-5.5));
#103 = VECTOR('',#104,1.);
#104 = DIRECTION('',(1.,0.,-0.));
#105 = ORIENTED_EDGE('',*,*,#106,.T.);
#106 = EDGE_CURVE('',#99,#107,#109,.T.);
#107 = VERTEX_POINT('',#108);
#108 = CARTESIAN_POINT('',(-64.,35.,-5.5));
#109 = CIRCLE('',#110,4.);
#110 = AXIS2_PLACEMENT_3D('',#111,#112,#113);
#111 = CARTESIAN_POINT('',(-60.,35.,-5.5));
#112 = DIRECTION('',(0.,0.,1.));
#113 = DIRECTION('',(1.,0.,-0.));
#114 = ORIENTED_EDGE('',*,*,#115,.F.);
#115 = EDGE_CURVE('',#22,#107,#116,.T.);
#116 = LINE('',#117,#118);
#117 = CARTESIAN_POINT('',(-64.,-35.,-5.5));
#118 = VECTOR('',#119,1.);
#119 = DIRECTION('',(-0.,1.,0.));
#120 = FACE_BOUND('',#121,.T.);
#121 = EDGE_LOOP('',(#122));
#122 = ORIENTED_EDGE('',*,*,#123,.T.);
#123 = EDGE_CURVE('',#124,#124,#126,.T.);
#124 = VERTEX_POINT('',#125);
#125 = CARTESIAN_POINT('',(-60.7,-35.,-5.5));
#126 = CIRCLE('',#127,1.7);
#127 = AXIS2_PLACEMENT_3D('',#128,#129,#130);
#128 = CARTESIAN_POINT('',(-59.,-35.,-5.5));
#129 = DIRECTION('',(0.,0.,-1.));
#130 = DIRECTION('',(-1.,0.,-0.));
#131 = FACE_BOUND('',#132,.T.);
#132 = EDGE_LOOP('',(#133));
#133 = ORIENTED_EDGE('',*,*,#134,.T.);
#134 = EDGE_CURVE('',#135,#135,#137,.T.);
#135 = VERTEX_POINT('',#136);
#136 = CARTESIAN_POINT('',(-53.25,-35.,-5.5));
#137 = CIRCLE('',#138,3.25);
#138 = AXIS2_PLACEMENT_3D('',#139,#140,#141);
#139 = CARTESIAN_POINT('',(-50.,-35.,-5.5));
#140 = DIRECTION('',(0.,0.,-1.));
#141 = DIRECTION('',(-1.,0.,-0.));
#142 = FACE_BOUND('',#143,.T.);
#143 = EDGE_LOOP('',(#144));
#144 = ORIENTED_EDGE('',*,*,#145,.T.);
#145 = EDGE_CURVE('',#146,#146,#148,.T.);
#146 = VERTEX_POINT('',#147);
#147 = CARTESIAN_POINT('',(-60.7,-25.,-5.5));
#148 = CIRCLE('',#149,1.7);
#149 = AXIS2_PLACEMENT_3D('',#150,#151,#152);
#150 = CARTESIAN_POINT('',(-59.,-25.,-5.5));
#151 = DIRECTION('',(0.,0.,-1.));
#152 = DIRECTION('',(-1.,0.,-0.));
#153 = FACE_BOUND('',#154,.T.);
#154 = EDGE_LOOP('',(#155));
#155 = ORIENTED_EDGE('',*,*,#156,.T.);
#156 = EDGE_CURVE('',#157,#157,#159,.T.);
#157 = VERTEX_POINT('',#158);
#158 = CARTESIAN_POINT('',(-60.7,-15.,-5.5));
#159 = CIRCLE('',#160,1.7);
#160 = AXIS2_PLACEMENT_3D('',#161,#162,#163);
#161 = CARTESIAN_POINT('',(-59.,-15.,-5.5));
#162 = DIRECTION('',(0.,0.,-1.));
#163 = DIRECTION('',(-1.,0.,-0.));
#164 = FACE_BOUND('',#165,.T.);
#165 = EDGE_LOOP('',(#166));
#166 = ORIENTED_EDGE('',*,*,#167,.T.);
#167 = EDGE_CURVE('',#168,#168,#170,.T.);
#168 = VERTEX_POINT('',#169);
#169 = CARTESIAN_POINT('',(-60.7,-5.,-5.5));
#170 = CIRCLE('',#171,1.7);
#171 = AXIS2_PLACEMENT_3D('',#172,#173,#174);
#172 = CARTESIAN_POINT('',(-59.,-5.,-5.5));
#173 = DIRECTION('',(0.,0.,-1.));
#174 = DIRECTION('',(-1.,0.,-0.));
#175 = FACE_BOUND('',#176,.T.);
#176 = EDGE_LOOP('',(#177));
#177 = ORIENTED_EDGE('',*,*,#178,.T.);
#178 = EDGE_CURVE('',#179,#179,#181,.T.);
#179 = VERTEX_POINT('',#180);
#180 = CARTESIAN_POINT('',(46.75,-35.,-5.5));
#181 = CIRCLE('',#182,3.25);
#182 = AXIS2_PLACEMENT_3D('',#183,#184,#185);
#183 = CARTESIAN_POINT('',(50.,-35.,-5.5));
#184 = DIRECTION('',(0.,0.,-1.));
#185 = DIRECTION('',(-1.,0.,-0.));
#186 = FACE_BOUND('',#187,.T.);
#187 = EDGE_LOOP('',(#188));
#188 = ORIENTED_EDGE('',*,*,#189,.T.);
#189 = EDGE_CURVE('',#190,#190,#192,.T.);
#190 = VERTEX_POINT('',#191);
#191 = CARTESIAN_POINT('',(57.3,-35.,-5.5));
#192 = CIRCLE('',#193,1.7);
#193 = AXIS2_PLACEMENT_3D('',#194,#195,#196);
#194 = CARTESIAN_POINT('',(59.,-35.,-5.5));
#195 = DIRECTION('',(0.,0.,-1.));
#196 = DIRECTION('',(-1.,0.,-0.));
#197 = FACE_BOUND('',#198,.T.);
#198 = EDGE_LOOP('',(#199));
#199 = ORIENTED_EDGE('',*,*,#200,.T.);
#200 = EDGE_CURVE('',#201,#201,#203,.T.);
#201 = VERTEX_POINT('',#202);
#202 = CARTESIAN_POINT('',(57.3,-25.,-5.5));
#203 = CIRCLE('',#204,1.7);
#204 = AXIS2_PLACEMENT_3D('',#205,#206,#207);
#205 = CARTESIAN_POINT('',(59.,-25.,-5.5));
#206 = DIRECTION('',(0.,0.,-1.));
#207 = DIRECTION('',(-1.,0.,-0.));
#208 = FACE_BOUND('',#209,.T.);
#209 = EDGE_LOOP('',(#210));
#210 = ORIENTED_EDGE('',*,*,#211,.T.);
#211 = EDGE_CURVE('',#212,#212,#214,.T.);
#212 = VERTEX_POINT('',#213);
#213 = CARTESIAN_POINT('',(57.3,-15.,-5.5));
#214 = CIRCLE('',#215,1.7);
#215 = AXIS2_PLACEMENT_3D('',#216,#217,#218);
#216 = CARTESIAN_POINT('',(59.,-15.,-5.5));
#217 = DIRECTION('',(0.,0.,-1.));
#218 = DIRECTION('',(-1.,0.,-0.));
#219 = FACE_BOUND('',#220,.T.);
#220 = EDGE_LOOP('',(#221));
#221 = ORIENTED_EDGE('',*,*,#222,.T.);
#222 = EDGE_CURVE('',#223,#223,#225,.T.);
#223 = VERTEX_POINT('',#224);
#224 = CARTESIAN_POINT('',(57.3,-5.,-5.5));
#225 = CIRCLE('',#226,1.7);
#226 = AXIS2_PLACEMENT_3D('',#227,#228,#229);
#227 = CARTESIAN_POINT('',(59.,-5.,-5.5));
#228 = DIRECTION('',(0.,0.,-1.));
#229 = DIRECTION('',(-1.,0.,-0.));
#230 = FACE_BOUND('',#231,.T.);
#231 = EDGE_LOOP('',(#232));
#232 = ORIENTED_EDGE('',*,*,#233,.T.);
#233 = EDGE_CURVE('',#234,#234,#236,.T.);
#234 = VERTEX_POINT('',#235);
#235 = CARTESIAN_POINT('',(-60.7,5.,-5.5));
#236 = CIRCLE('',#237,1.7);
#237 = AXIS2_PLACEMENT_3D('',#238,#239,#240);
#238 = CARTESIAN_POINT('',(-59.,5.,-5.5));
#239 = DIRECTION('',(0.,0.,-1.));
#240 = DIRECTION('',(-1.,0.,-0.));
#241 = FACE_BOUND('',#242,.T.);
#242 = EDGE_LOOP('',(#243));
#243 = ORIENTED_EDGE('',*,*,#244,.T.);
#244 = EDGE_CURVE('',#245,#245,#247,.T.);
#245 = VERTEX_POINT('',#246);
#246 = CARTESIAN_POINT('',(-60.7,15.,-5.5));
#247 = CIRCLE('',#248,1.7);
#248 = AXIS2_PLACEMENT_3D('',#249,#250,#251);
#249 = CARTESIAN_POINT('',(-59.,15.,-5.5));
#250 = DIRECTION('',(0.,0.,-1.));
#251 = DIRECTION('',(-1.,0.,-0.));
#252 = FACE_BOUND('',#253,.T.);
#253 = EDGE_LOOP('',(#254));
#254 = ORIENTED_EDGE('',*,*,#255,.T.);
#255 = EDGE_CURVE('',#256,#256,#258,.T.);
#256 = VERTEX_POINT('',#257);
#257 = CARTESIAN_POINT('',(-60.7,25.,-5.5));
#258 = CIRCLE('',#259,1.7);
#259 = AXIS2_PLACEMENT_3D('',#260,#261,#262);
#260 = CARTESIAN_POINT('',(-59.,25.,-5.5));
#261 = DIRECTION('',(0.,0.,-1.));
#262 = DIRECTION('',(-1.,0.,-0.));
#263 = FACE_BOUND('',#264,.T.);
#264 = EDGE_LOOP('',(#265));
#265 = ORIENTED_EDGE('',*,*,#266,.T.);
#266 = EDGE_CURVE('',#267,#267,#269,.T.);
#267 = VERTEX_POINT('',#268);
#268 = CARTESIAN_POINT('',(-60.7,35.,-5.5));
#269 = CIRCLE('',#270,1.7);
#270 = AXIS2_PLACEMENT_3D('',#271,#272,#273);
#271 = CARTESIAN_POINT('',(-59.,35.,-5.5));
#272 = DIRECTION('',(0.,0.,-1.));
#273 = DIRECTION('',(-1.,0.,-0.));
#274 = FACE_BOUND('',#275,.T.);
#275 = EDGE_LOOP('',(#276));
#276 = ORIENTED_EDGE('',*,*,#277,.T.);
#277 = EDGE_CURVE('',#278,#278,#280,.T.);
#278 = VERTEX_POINT('',#279);
#279 = CARTESIAN_POINT('',(-53.25,35.,-5.5));
#280 = CIRCLE('',#281,3.25);
#281 = AXIS2_PLACEMENT_3D('',#282,#283,#284);
#282 = CARTESIAN_POINT('',(-50.,35.,-5.5));
#283 = DIRECTION('',(0.,0.,-1.));
#284 = DIRECTION('',(-1.,0.,-0.));
#285 = FACE_BOUND('',#286,.T.);
#286 = EDGE_LOOP('',(#287));
#287 = ORIENTED_EDGE('',*,*,#288,.T.);
#288 = EDGE_CURVE('',#289,#289,#291,.T.);
#289 = VERTEX_POINT('',#290);
#290 = CARTESIAN_POINT('',(-17.5,-4.286263797016E-15,-5.5));
#291 = CIRCLE('',#292,17.5);
#292 = AXIS2_PLACEMENT_3D('',#293,#294,#295);
#293 = CARTESIAN_POINT('',(0.,0.,-5.5));
#294 = DIRECTION('',(0.,0.,-1.));
#295 = DIRECTION('',(-1.,0.,-0.));
#296 = FACE_BOUND('',#297,.T.);
#297 = EDGE_LOOP('',(#298));
#298 = ORIENTED_EDGE('',*,*,#299,.T.);
#299 = EDGE_CURVE('',#300,#300,#302,.T.);
#300 = VERTEX_POINT('',#301);
#301 = CARTESIAN_POINT('',(57.3,5.,-5.5));
#302 = CIRCLE('',#303,1.7);
#303 = AXIS2_PLACEMENT_3D('',#304,#305,#306);
#304 = CARTESIAN_POINT('',(59.,5.,-5.5));
#305 = DIRECTION('',(0.,0.,-1.));
#306 = DIRECTION('',(-1.,0.,-0.));
#307 = FACE_BOUND('',#308,.T.);
#308 = EDGE_LOOP('',(#309));
#309 = ORIENTED_EDGE('',*,*,#310,.T.);
#310 = EDGE_CURVE('',#311,#311,#313,.T.);
#311 = VERTEX_POINT('',#312);
#312 = CARTESIAN_POINT('',(57.3,15.,-5.5));
#313 = CIRCLE('',#314,1.7);
#314 = AXIS2_PLACEMENT_3D('',#315,#316,#317);
#315 = CARTESIAN_POINT('',(59.,15.,-5.5));
#316 = DIRECTION('',(0.,0.,-1.));
#317 = DIRECTION('',(-1.,0.,-0.));
#318 = FACE_BOUND('',#319,.T.);
#319 = EDGE_LOOP('',(#320));
#320 = ORIENTED_EDGE('',*,*,#321,.T.);
#321 = EDGE_CURVE('',#322,#322,#324,.T.);
#322 = VERTEX_POINT('',#323);
#323 = CARTESIAN_POINT('',(57.3,25.,-5.5));
#324 = CIRCLE('',#325,1.7);
#325 = AXIS2_PLACEMENT_3D('',#326,#327,#328);
#326 = CARTESIAN_POINT('',(59.,25.,-5.5));
#327 = DIRECTION('',(0.,0.,-1.));
#328 = DIRECTION('',(-1.,0.,-0.));
#329 = FACE_BOUND('',#330,.T.);
#330 = EDGE_LOOP('',(#331));
#331 = ORIENTED_EDGE('',*,*,#332,.T.);
#332 = EDGE_CURVE('',#333,#333,#335,.T.);
#333 = VERTEX_POINT('',#334);
#334 = CARTESIAN_POINT('',(46.75,35.,-5.5));
#335 = CIRCLE('',#336,3.25);
#336 = AXIS2_PLACEMENT_3D('',#337,#338,#339);
#337 = CARTESIAN_POINT('',(50.,35.,-5.5));
#338 = DIRECTION('',(0.,0.,-1.));
#339 = DIRECTION('',(-1.,0.,-0.));
#340 = FACE_BOUND('',#341,.T.);
#341 = EDGE_LOOP('',(#342));
#342 = ORIENTED_EDGE('',*,*,#343,.T.);
#343 = EDGE_CURVE('',#344,#344,#346,.T.);
#344 = VERTEX_POINT('',#345);
#345 = CARTESIAN_POINT('',(57.3,35.,-5.5));
#346 = CIRCLE('',#347,1.7);
#347 = AXIS2_PLACEMENT_3D('',#348,#349,#350);
#348 = CARTESIAN_POINT('',(59.,35.,-5.5));
#349 = DIRECTION('',(0.,0.,-1.));
#350 = DIRECTION('',(-1.,0.,-0.));
#351 = PLANE('',#352);
#352 = AXIS2_PLACEMENT_3D('',#353,#354,#355);
#353 = CARTESIAN_POINT('',(0.,-5.616291690047E-16,-5.5));
#354 = DIRECTION('',(0.,0.,1.));
#355 = DIRECTION('',(1.,0.,-0.));
#356 = ADVANCED_FACE('',(#357),#375,.F.);
#357 = FACE_BOUND('',#358,.F.);
#358 = EDGE_LOOP('',(#359,#367,#368,#369));
#359 = ORIENTED_EDGE('',*,*,#360,.F.);
#360 = EDGE_CURVE('',#41,#361,#363,.T.);
#361 = VERTEX_POINT('',#362);
#362 = CARTESIAN_POINT('',(60.,-39.,-11.5));
#363 = LINE('',#364,#365);
#364 = CARTESIAN_POINT('',(-60.,-39.,-11.5));
#365 = VECTOR('',#366,1.);
#366 = DIRECTION('',(1.,0.,-0.));
#367 = ORIENTED_EDGE('',*,*,#49,.T.);
#368 = ORIENTED_EDGE('',*,*,#64,.T.);
#369 = ORIENTED_EDGE('',*,*,#370,.F.);
#370 = EDGE_CURVE('',#361,#65,#371,.T.);
#371 = LINE('',#372,#373);
#372 = CARTESIAN_POINT('',(60.,-39.,-11.5));
#373 = VECTOR('',#374,1.);
#374 = DIRECTION('',(0.,0.,1.));
#375 = PLANE('',#376);
#376 = AXIS2_PLACEMENT_3D('',#377,#378,#379);
#377 = CARTESIAN_POINT('',(-60.,-39.,-11.5));
#378 = DIRECTION('',(-0.,1.,0.));
#379 = DIRECTION('',(0.,0.,1.));
#380 = ADVANCED_FACE('',(#381,#434,#445,#456,#467,#478,#489,#500,#511,
    #522,#533,#544,#555,#566,#577,#588,#599,#701,#712,#723,#734,#745),
  #756,.T.);
#381 = FACE_BOUND('',#382,.T.);
#382 = EDGE_LOOP('',(#383,#384,#392,#401,#409,#418,#426,#433));
#383 = ORIENTED_EDGE('',*,*,#40,.F.);
#384 = ORIENTED_EDGE('',*,*,#385,.T.);
#385 = EDGE_CURVE('',#33,#386,#388,.T.);
#386 = VERTEX_POINT('',#387);
#387 = CARTESIAN_POINT('',(-64.,35.,-11.5));
#388 = LINE('',#389,#390);
#389 = CARTESIAN_POINT('',(-64.,-35.,-11.5));
#390 = VECTOR('',#391,1.);
#391 = DIRECTION('',(-0.,1.,0.));
#392 = ORIENTED_EDGE('',*,*,#393,.F.);
#393 = EDGE_CURVE('',#394,#386,#396,.T.);
#394 = VERTEX_POINT('',#395);
#395 = CARTESIAN_POINT('',(-60.,39.,-11.5));
#396 = CIRCLE('',#397,4.);
#397 = AXIS2_PLACEMENT_3D('',#398,#399,#400);
#398 = CARTESIAN_POINT('',(-60.,35.,-11.5));
#399 = DIRECTION('',(0.,0.,1.));
#400 = DIRECTION('',(1.,0.,-0.));
#401 = ORIENTED_EDGE('',*,*,#402,.T.);
#402 = EDGE_CURVE('',#394,#403,#405,.T.);
#403 = VERTEX_POINT('',#404);
#404 = CARTESIAN_POINT('',(60.,39.,-11.5));
#405 = LINE('',#406,#407);
#406 = CARTESIAN_POINT('',(-60.,39.,-11.5));
#407 = VECTOR('',#408,1.);
#408 = DIRECTION('',(1.,0.,-0.));
#409 = ORIENTED_EDGE('',*,*,#410,.F.);
#410 = EDGE_CURVE('',#411,#403,#413,.T.);
#411 = VERTEX_POINT('',#412);
#412 = CARTESIAN_POINT('',(64.,35.,-11.5));
#413 = CIRCLE('',#414,4.);
#414 = AXIS2_PLACEMENT_3D('',#415,#416,#417);
#415 = CARTESIAN_POINT('',(60.,35.,-11.5));
#416 = DIRECTION('',(0.,0.,1.));
#417 = DIRECTION('',(1.,0.,-0.));
#418 = ORIENTED_EDGE('',*,*,#419,.F.);
#419 = EDGE_CURVE('',#420,#411,#422,.T.);
#420 = VERTEX_POINT('',#421);
#421 = CARTESIAN_POINT('',(64.,-35.,-11.5));
#422 = LINE('',#423,#424);
#423 = CARTESIAN_POINT('',(64.,-35.,-11.5));
#424 = VECTOR('',#425,1.);
#425 = DIRECTION('',(-0.,1.,0.));
#426 = ORIENTED_EDGE('',*,*,#427,.F.);
#427 = EDGE_CURVE('',#361,#420,#428,.T.);
#428 = CIRCLE('',#429,4.);
#429 = AXIS2_PLACEMENT_3D('',#430,#431,#432);
#430 = CARTESIAN_POINT('',(60.,-35.,-11.5));
#431 = DIRECTION('',(0.,0.,1.));
#432 = DIRECTION('',(1.,0.,-0.));
#433 = ORIENTED_EDGE('',*,*,#360,.F.);
#434 = FACE_BOUND('',#435,.T.);
#435 = EDGE_LOOP('',(#436));
#436 = ORIENTED_EDGE('',*,*,#437,.F.);
#437 = EDGE_CURVE('',#438,#438,#440,.T.);
#438 = VERTEX_POINT('',#439);
#439 = CARTESIAN_POINT('',(57.3,-35.,-11.5));
#440 = CIRCLE('',#441,1.7);
#441 = AXIS2_PLACEMENT_3D('',#442,#443,#444);
#442 = CARTESIAN_POINT('',(59.,-35.,-11.5));
#443 = DIRECTION('',(0.,0.,-1.));
#444 = DIRECTION('',(-1.,0.,-0.));
#445 = FACE_BOUND('',#446,.T.);
#446 = EDGE_LOOP('',(#447));
#447 = ORIENTED_EDGE('',*,*,#448,.F.);
#448 = EDGE_CURVE('',#449,#449,#451,.T.);
#449 = VERTEX_POINT('',#450);
#450 = CARTESIAN_POINT('',(46.75,-35.,-11.5));
#451 = CIRCLE('',#452,3.25);
#452 = AXIS2_PLACEMENT_3D('',#453,#454,#455);
#453 = CARTESIAN_POINT('',(50.,-35.,-11.5));
#454 = DIRECTION('',(0.,0.,-1.));
#455 = DIRECTION('',(-1.,0.,-0.));
#456 = FACE_BOUND('',#457,.T.);
#457 = EDGE_LOOP('',(#458));
#458 = ORIENTED_EDGE('',*,*,#459,.F.);
#459 = EDGE_CURVE('',#460,#460,#462,.T.);
#460 = VERTEX_POINT('',#461);
#461 = CARTESIAN_POINT('',(57.3,-25.,-11.5));
#462 = CIRCLE('',#463,1.7);
#463 = AXIS2_PLACEMENT_3D('',#464,#465,#466);
#464 = CARTESIAN_POINT('',(59.,-25.,-11.5));
#465 = DIRECTION('',(0.,0.,-1.));
#466 = DIRECTION('',(-1.,0.,-0.));
#467 = FACE_BOUND('',#468,.T.);
#468 = EDGE_LOOP('',(#469));
#469 = ORIENTED_EDGE('',*,*,#470,.F.);
#470 = EDGE_CURVE('',#471,#471,#473,.T.);
#471 = VERTEX_POINT('',#472);
#472 = CARTESIAN_POINT('',(57.3,-15.,-11.5));
#473 = CIRCLE('',#474,1.7);
#474 = AXIS2_PLACEMENT_3D('',#475,#476,#477);
#475 = CARTESIAN_POINT('',(59.,-15.,-11.5));
#476 = DIRECTION('',(0.,0.,-1.));
#477 = DIRECTION('',(-1.,0.,-0.));
#478 = FACE_BOUND('',#479,.T.);
#479 = EDGE_LOOP('',(#480));
#480 = ORIENTED_EDGE('',*,*,#481,.F.);
#481 = EDGE_CURVE('',#482,#482,#484,.T.);
#482 = VERTEX_POINT('',#483);
#483 = CARTESIAN_POINT('',(57.3,-5.,-11.5));
#484 = CIRCLE('',#485,1.7);
#485 = AXIS2_PLACEMENT_3D('',#486,#487,#488);
#486 = CARTESIAN_POINT('',(59.,-5.,-11.5));
#487 = DIRECTION('',(0.,0.,-1.));
#488 = DIRECTION('',(-1.,0.,-0.));
#489 = FACE_BOUND('',#490,.T.);
#490 = EDGE_LOOP('',(#491));
#491 = ORIENTED_EDGE('',*,*,#492,.F.);
#492 = EDGE_CURVE('',#493,#493,#495,.T.);
#493 = VERTEX_POINT('',#494);
#494 = CARTESIAN_POINT('',(-53.25,-35.,-11.5));
#495 = CIRCLE('',#496,3.25);
#496 = AXIS2_PLACEMENT_3D('',#497,#498,#499);
#497 = CARTESIAN_POINT('',(-50.,-35.,-11.5));
#498 = DIRECTION('',(0.,0.,-1.));
#499 = DIRECTION('',(-1.,0.,-0.));
#500 = FACE_BOUND('',#501,.T.);
#501 = EDGE_LOOP('',(#502));
#502 = ORIENTED_EDGE('',*,*,#503,.F.);
#503 = EDGE_CURVE('',#504,#504,#506,.T.);
#504 = VERTEX_POINT('',#505);
#505 = CARTESIAN_POINT('',(-60.7,-35.,-11.5));
#506 = CIRCLE('',#507,1.7);
#507 = AXIS2_PLACEMENT_3D('',#508,#509,#510);
#508 = CARTESIAN_POINT('',(-59.,-35.,-11.5));
#509 = DIRECTION('',(0.,0.,-1.));
#510 = DIRECTION('',(-1.,0.,-0.));
#511 = FACE_BOUND('',#512,.T.);
#512 = EDGE_LOOP('',(#513));
#513 = ORIENTED_EDGE('',*,*,#514,.F.);
#514 = EDGE_CURVE('',#515,#515,#517,.T.);
#515 = VERTEX_POINT('',#516);
#516 = CARTESIAN_POINT('',(-60.7,-25.,-11.5));
#517 = CIRCLE('',#518,1.7);
#518 = AXIS2_PLACEMENT_3D('',#519,#520,#521);
#519 = CARTESIAN_POINT('',(-59.,-25.,-11.5));
#520 = DIRECTION('',(0.,0.,-1.));
#521 = DIRECTION('',(-1.,0.,-0.));
#522 = FACE_BOUND('',#523,.T.);
#523 = EDGE_LOOP('',(#524));
#524 = ORIENTED_EDGE('',*,*,#525,.F.);
#525 = EDGE_CURVE('',#526,#526,#528,.T.);
#526 = VERTEX_POINT('',#527);
#527 = CARTESIAN_POINT('',(-60.7,-15.,-11.5));
#528 = CIRCLE('',#529,1.7);
#529 = AXIS2_PLACEMENT_3D('',#530,#531,#532);
#530 = CARTESIAN_POINT('',(-59.,-15.,-11.5));
#531 = DIRECTION('',(0.,0.,-1.));
#532 = DIRECTION('',(-1.,0.,-0.));
#533 = FACE_BOUND('',#534,.T.);
#534 = EDGE_LOOP('',(#535));
#535 = ORIENTED_EDGE('',*,*,#536,.F.);
#536 = EDGE_CURVE('',#537,#537,#539,.T.);
#537 = VERTEX_POINT('',#538);
#538 = CARTESIAN_POINT('',(-60.7,-5.,-11.5));
#539 = CIRCLE('',#540,1.7);
#540 = AXIS2_PLACEMENT_3D('',#541,#542,#543);
#541 = CARTESIAN_POINT('',(-59.,-5.,-11.5));
#542 = DIRECTION('',(0.,0.,-1.));
#543 = DIRECTION('',(-1.,0.,-0.));
#544 = FACE_BOUND('',#545,.T.);
#545 = EDGE_LOOP('',(#546));
#546 = ORIENTED_EDGE('',*,*,#547,.F.);
#547 = EDGE_CURVE('',#548,#548,#550,.T.);
#548 = VERTEX_POINT('',#549);
#549 = CARTESIAN_POINT('',(57.3,5.,-11.5));
#550 = CIRCLE('',#551,1.7);
#551 = AXIS2_PLACEMENT_3D('',#552,#553,#554);
#552 = CARTESIAN_POINT('',(59.,5.,-11.5));
#553 = DIRECTION('',(0.,0.,-1.));
#554 = DIRECTION('',(-1.,0.,-0.));
#555 = FACE_BOUND('',#556,.T.);
#556 = EDGE_LOOP('',(#557));
#557 = ORIENTED_EDGE('',*,*,#558,.F.);
#558 = EDGE_CURVE('',#559,#559,#561,.T.);
#559 = VERTEX_POINT('',#560);
#560 = CARTESIAN_POINT('',(57.3,15.,-11.5));
#561 = CIRCLE('',#562,1.7);
#562 = AXIS2_PLACEMENT_3D('',#563,#564,#565);
#563 = CARTESIAN_POINT('',(59.,15.,-11.5));
#564 = DIRECTION('',(0.,0.,-1.));
#565 = DIRECTION('',(-1.,0.,-0.));
#566 = FACE_BOUND('',#567,.T.);
#567 = EDGE_LOOP('',(#568));
#568 = ORIENTED_EDGE('',*,*,#569,.F.);
#569 = EDGE_CURVE('',#570,#570,#572,.T.);
#570 = VERTEX_POINT('',#571);
#571 = CARTESIAN_POINT('',(57.3,25.,-11.5));
#572 = CIRCLE('',#573,1.7);
#573 = AXIS2_PLACEMENT_3D('',#574,#575,#576);
#574 = CARTESIAN_POINT('',(59.,25.,-11.5));
#575 = DIRECTION('',(0.,0.,-1.));
#576 = DIRECTION('',(-1.,0.,-0.));
#577 = FACE_BOUND('',#578,.T.);
#578 = EDGE_LOOP('',(#579));
#579 = ORIENTED_EDGE('',*,*,#580,.F.);
#580 = EDGE_CURVE('',#581,#581,#583,.T.);
#581 = VERTEX_POINT('',#582);
#582 = CARTESIAN_POINT('',(57.3,35.,-11.5));
#583 = CIRCLE('',#584,1.7);
#584 = AXIS2_PLACEMENT_3D('',#585,#586,#587);
#585 = CARTESIAN_POINT('',(59.,35.,-11.5));
#586 = DIRECTION('',(0.,0.,-1.));
#587 = DIRECTION('',(-1.,0.,-0.));
#588 = FACE_BOUND('',#589,.T.);
#589 = EDGE_LOOP('',(#590));
#590 = ORIENTED_EDGE('',*,*,#591,.F.);
#591 = EDGE_CURVE('',#592,#592,#594,.T.);
#592 = VERTEX_POINT('',#593);
#593 = CARTESIAN_POINT('',(46.75,35.,-11.5));
#594 = CIRCLE('',#595,3.25);
#595 = AXIS2_PLACEMENT_3D('',#596,#597,#598);
#596 = CARTESIAN_POINT('',(50.,35.,-11.5));
#597 = DIRECTION('',(0.,0.,-1.));
#598 = DIRECTION('',(-1.,0.,-0.));
#599 = FACE_BOUND('',#600,.T.);
#600 = EDGE_LOOP('',(#601,#612,#620,#628,#637,#645,#653,#662,#670,#678,
    #687,#695));
#601 = ORIENTED_EDGE('',*,*,#602,.T.);
#602 = EDGE_CURVE('',#603,#605,#607,.T.);
#603 = VERTEX_POINT('',#604);
#604 = CARTESIAN_POINT('',(-44.,-14.,-11.5));
#605 = VERTEX_POINT('',#606);
#606 = CARTESIAN_POINT('',(-29.,-29.,-11.5));
#607 = CIRCLE('',#608,15.);
#608 = AXIS2_PLACEMENT_3D('',#609,#610,#611);
#609 = CARTESIAN_POINT('',(-29.,-14.,-11.5));
#610 = DIRECTION('',(0.,0.,1.));
#611 = DIRECTION('',(-1.,-1.184237892933E-16,0.));
#612 = ORIENTED_EDGE('',*,*,#613,.T.);
#613 = EDGE_CURVE('',#605,#614,#616,.T.);
#614 = VERTEX_POINT('',#615);
#615 = CARTESIAN_POINT('',(0.,-29.,-11.5));
#616 = LINE('',#617,#618);
#617 = CARTESIAN_POINT('',(-29.,-29.,-11.5));
#618 = VECTOR('',#619,1.);
#619 = DIRECTION('',(1.,0.,0.));
#620 = ORIENTED_EDGE('',*,*,#621,.T.);
#621 = EDGE_CURVE('',#614,#622,#624,.T.);
#622 = VERTEX_POINT('',#623);
#623 = CARTESIAN_POINT('',(29.,-29.,-11.5));
#624 = LINE('',#625,#626);
#625 = CARTESIAN_POINT('',(-29.,-29.,-11.5));
#626 = VECTOR('',#627,1.);
#627 = DIRECTION('',(1.,0.,0.));
#628 = ORIENTED_EDGE('',*,*,#629,.T.);
#629 = EDGE_CURVE('',#622,#630,#632,.T.);
#630 = VERTEX_POINT('',#631);
#631 = CARTESIAN_POINT('',(44.,-14.,-11.5));
#632 = CIRCLE('',#633,15.);
#633 = AXIS2_PLACEMENT_3D('',#634,#635,#636);
#634 = CARTESIAN_POINT('',(29.,-14.,-11.5));
#635 = DIRECTION('',(0.,0.,1.));
#636 = DIRECTION('',(0.,-1.,0.));
#637 = ORIENTED_EDGE('',*,*,#638,.T.);
#638 = EDGE_CURVE('',#630,#639,#641,.T.);
#639 = VERTEX_POINT('',#640);
#640 = CARTESIAN_POINT('',(44.,-1.24344978758E-14,-11.5));
#641 = LINE('',#642,#643);
#642 = CARTESIAN_POINT('',(44.,-14.,-11.5));
#643 = VECTOR('',#644,1.);
#644 = DIRECTION('',(0.,1.,0.));
#645 = ORIENTED_EDGE('',*,*,#646,.T.);
#646 = EDGE_CURVE('',#639,#647,#649,.T.);
#647 = VERTEX_POINT('',#648);
#648 = CARTESIAN_POINT('',(44.,14.,-11.5));
#649 = LINE('',#650,#651);
#650 = CARTESIAN_POINT('',(44.,-14.,-11.5));
#651 = VECTOR('',#652,1.);
#652 = DIRECTION('',(0.,1.,0.));
#653 = ORIENTED_EDGE('',*,*,#654,.T.);
#654 = EDGE_CURVE('',#647,#655,#657,.T.);
#655 = VERTEX_POINT('',#656);
#656 = CARTESIAN_POINT('',(29.,29.,-11.5));
#657 = CIRCLE('',#658,15.);
#658 = AXIS2_PLACEMENT_3D('',#659,#660,#661);
#659 = CARTESIAN_POINT('',(29.,14.,-11.5));
#660 = DIRECTION('',(0.,0.,1.));
#661 = DIRECTION('',(1.,-2.368475785867E-16,0.));
#662 = ORIENTED_EDGE('',*,*,#663,.T.);
#663 = EDGE_CURVE('',#655,#664,#666,.T.);
#664 = VERTEX_POINT('',#665);
#665 = CARTESIAN_POINT('',(7.105427357601E-15,29.,-11.5));
#666 = LINE('',#667,#668);
#667 = CARTESIAN_POINT('',(29.,29.,-11.5));
#668 = VECTOR('',#669,1.);
#669 = DIRECTION('',(-1.,0.,0.));
#670 = ORIENTED_EDGE('',*,*,#671,.T.);
#671 = EDGE_CURVE('',#664,#672,#674,.T.);
#672 = VERTEX_POINT('',#673);
#673 = CARTESIAN_POINT('',(-29.,29.,-11.5));
#674 = LINE('',#675,#676);
#675 = CARTESIAN_POINT('',(29.,29.,-11.5));
#676 = VECTOR('',#677,1.);
#677 = DIRECTION('',(-1.,0.,0.));
#678 = ORIENTED_EDGE('',*,*,#679,.T.);
#679 = EDGE_CURVE('',#672,#680,#682,.T.);
#680 = VERTEX_POINT('',#681);
#681 = CARTESIAN_POINT('',(-44.,14.,-11.5));
#682 = CIRCLE('',#683,15.);
#683 = AXIS2_PLACEMENT_3D('',#684,#685,#686);
#684 = CARTESIAN_POINT('',(-29.,14.,-11.5));
#685 = DIRECTION('',(0.,-0.,1.));
#686 = DIRECTION('',(0.,1.,0.));
#687 = ORIENTED_EDGE('',*,*,#688,.T.);
#688 = EDGE_CURVE('',#680,#689,#691,.T.);
#689 = VERTEX_POINT('',#690);
#690 = CARTESIAN_POINT('',(-44.,0.,-11.5));
#691 = LINE('',#692,#693);
#692 = CARTESIAN_POINT('',(-44.,14.,-11.5));
#693 = VECTOR('',#694,1.);
#694 = DIRECTION('',(0.,-1.,0.));
#695 = ORIENTED_EDGE('',*,*,#696,.T.);
#696 = EDGE_CURVE('',#689,#603,#697,.T.);
#697 = LINE('',#698,#699);
#698 = CARTESIAN_POINT('',(-44.,14.,-11.5));
#699 = VECTOR('',#700,1.);
#700 = DIRECTION('',(0.,-1.,0.));
#701 = FACE_BOUND('',#702,.T.);
#702 = EDGE_LOOP('',(#703));
#703 = ORIENTED_EDGE('',*,*,#704,.F.);
#704 = EDGE_CURVE('',#705,#705,#707,.T.);
#705 = VERTEX_POINT('',#706);
#706 = CARTESIAN_POINT('',(-60.7,5.,-11.5));
#707 = CIRCLE('',#708,1.7);
#708 = AXIS2_PLACEMENT_3D('',#709,#710,#711);
#709 = CARTESIAN_POINT('',(-59.,5.,-11.5));
#710 = DIRECTION('',(0.,0.,-1.));
#711 = DIRECTION('',(-1.,0.,-0.));
#712 = FACE_BOUND('',#713,.T.);
#713 = EDGE_LOOP('',(#714));
#714 = ORIENTED_EDGE('',*,*,#715,.F.);
#715 = EDGE_CURVE('',#716,#716,#718,.T.);
#716 = VERTEX_POINT('',#717);
#717 = CARTESIAN_POINT('',(-60.7,15.,-11.5));
#718 = CIRCLE('',#719,1.7);
#719 = AXIS2_PLACEMENT_3D('',#720,#721,#722);
#720 = CARTESIAN_POINT('',(-59.,15.,-11.5));
#721 = DIRECTION('',(0.,0.,-1.));
#722 = DIRECTION('',(-1.,0.,-0.));
#723 = FACE_BOUND('',#724,.T.);
#724 = EDGE_LOOP('',(#725));
#725 = ORIENTED_EDGE('',*,*,#726,.F.);
#726 = EDGE_CURVE('',#727,#727,#729,.T.);
#727 = VERTEX_POINT('',#728);
#728 = CARTESIAN_POINT('',(-60.7,25.,-11.5));
#729 = CIRCLE('',#730,1.7);
#730 = AXIS2_PLACEMENT_3D('',#731,#732,#733);
#731 = CARTESIAN_POINT('',(-59.,25.,-11.5));
#732 = DIRECTION('',(0.,0.,-1.));
#733 = DIRECTION('',(-1.,0.,-0.));
#734 = FACE_BOUND('',#735,.T.);
#735 = EDGE_LOOP('',(#736));
#736 = ORIENTED_EDGE('',*,*,#737,.F.);
#737 = EDGE_CURVE('',#738,#738,#740,.T.);
#738 = VERTEX_POINT('',#739);
#739 = CARTESIAN_POINT('',(-53.25,35.,-11.5));
#740 = CIRCLE('',#741,3.25);
#741 = AXIS2_PLACEMENT_3D('',#742,#743,#744);
#742 = CARTESIAN_POINT('',(-50.,35.,-11.5));
#743 = DIRECTION('',(0.,0.,-1.));
#744 = DIRECTION('',(-1.,0.,-0.));
#745 = FACE_BOUND('',#746,.T.);
#746 = EDGE_LOOP('',(#747));
#747 = ORIENTED_EDGE('',*,*,#748,.F.);
#748 = EDGE_CURVE('',#749,#749,#751,.T.);
#749 = VERTEX_POINT('',#750);
#750 = CARTESIAN_POINT('',(-60.7,35.,-11.5));
#751 = CIRCLE('',#752,1.7);
#752 = AXIS2_PLACEMENT_3D('',#753,#754,#755);
#753 = CARTESIAN_POINT('',(-59.,35.,-11.5));
#754 = DIRECTION('',(0.,0.,-1.));
#755 = DIRECTION('',(-1.,0.,-0.));
#756 = PLANE('',#757);
#757 = AXIS2_PLACEMENT_3D('',#758,#759,#760);
#758 = CARTESIAN_POINT('',(-2.246516676019E-15,0.,-11.5));
#759 = DIRECTION('',(-0.,-0.,-1.));
#760 = DIRECTION('',(-1.,0.,0.));
#761 = ADVANCED_FACE('',(#762),#773,.F.);
#762 = FACE_BOUND('',#763,.F.);
#763 = EDGE_LOOP('',(#764,#765,#766,#772));
#764 = ORIENTED_EDGE('',*,*,#32,.F.);
#765 = ORIENTED_EDGE('',*,*,#385,.T.);
#766 = ORIENTED_EDGE('',*,*,#767,.T.);
#767 = EDGE_CURVE('',#386,#107,#768,.T.);
#768 = LINE('',#769,#770);
#769 = CARTESIAN_POINT('',(-64.,35.,-11.5));
#770 = VECTOR('',#771,1.);
#771 = DIRECTION('',(0.,0.,1.));
#772 = ORIENTED_EDGE('',*,*,#115,.F.);
#773 = PLANE('',#774);
#774 = AXIS2_PLACEMENT_3D('',#775,#776,#777);
#775 = CARTESIAN_POINT('',(-64.,-35.,-11.5));
#776 = DIRECTION('',(1.,0.,-0.));
#777 = DIRECTION('',(0.,0.,1.));
#778 = ADVANCED_FACE('',(#779),#790,.T.);
#779 = FACE_BOUND('',#780,.T.);
#780 = EDGE_LOOP('',(#781,#782,#788,#789));
#781 = ORIENTED_EDGE('',*,*,#106,.F.);
#782 = ORIENTED_EDGE('',*,*,#783,.F.);
#783 = EDGE_CURVE('',#394,#99,#784,.T.);
#784 = LINE('',#785,#786);
#785 = CARTESIAN_POINT('',(-60.,39.,-11.5));
#786 = VECTOR('',#787,1.);
#787 = DIRECTION('',(0.,0.,1.));
#788 = ORIENTED_EDGE('',*,*,#393,.T.);
#789 = ORIENTED_EDGE('',*,*,#767,.T.);
#790 = CYLINDRICAL_SURFACE('',#791,4.);
#791 = AXIS2_PLACEMENT_3D('',#792,#793,#794);
#792 = CARTESIAN_POINT('',(-60.,35.,-11.5));
#793 = DIRECTION('',(0.,0.,1.));
#794 = DIRECTION('',(1.,0.,-0.));
#795 = ADVANCED_FACE('',(#796),#807,.T.);
#796 = FACE_BOUND('',#797,.T.);
#797 = EDGE_LOOP('',(#798,#799,#800,#801));
#798 = ORIENTED_EDGE('',*,*,#72,.F.);
#799 = ORIENTED_EDGE('',*,*,#370,.F.);
#800 = ORIENTED_EDGE('',*,*,#427,.T.);
#801 = ORIENTED_EDGE('',*,*,#802,.T.);
#802 = EDGE_CURVE('',#420,#73,#803,.T.);
#803 = LINE('',#804,#805);
#804 = CARTESIAN_POINT('',(64.,-35.,-11.5));
#805 = VECTOR('',#806,1.);
#806 = DIRECTION('',(0.,0.,1.));
#807 = CYLINDRICAL_SURFACE('',#808,4.);
#808 = AXIS2_PLACEMENT_3D('',#809,#810,#811);
#809 = CARTESIAN_POINT('',(60.,-35.,-11.5));
#810 = DIRECTION('',(0.,0.,1.));
#811 = DIRECTION('',(1.,0.,-0.));
#812 = ADVANCED_FACE('',(#813),#824,.T.);
#813 = FACE_BOUND('',#814,.T.);
#814 = EDGE_LOOP('',(#815,#816,#817,#818));
#815 = ORIENTED_EDGE('',*,*,#402,.F.);
#816 = ORIENTED_EDGE('',*,*,#783,.T.);
#817 = ORIENTED_EDGE('',*,*,#98,.T.);
#818 = ORIENTED_EDGE('',*,*,#819,.F.);
#819 = EDGE_CURVE('',#403,#90,#820,.T.);
#820 = LINE('',#821,#822);
#821 = CARTESIAN_POINT('',(60.,39.,-11.5));
#822 = VECTOR('',#823,1.);
#823 = DIRECTION('',(0.,0.,1.));
#824 = PLANE('',#825);
#825 = AXIS2_PLACEMENT_3D('',#826,#827,#828);
#826 = CARTESIAN_POINT('',(-60.,39.,-11.5));
#827 = DIRECTION('',(-0.,1.,0.));
#828 = DIRECTION('',(0.,0.,1.));
#829 = ADVANCED_FACE('',(#830),#841,.T.);
#830 = FACE_BOUND('',#831,.T.);
#831 = EDGE_LOOP('',(#832,#833,#834,#840));
#832 = ORIENTED_EDGE('',*,*,#802,.F.);
#833 = ORIENTED_EDGE('',*,*,#419,.T.);
#834 = ORIENTED_EDGE('',*,*,#835,.T.);
#835 = EDGE_CURVE('',#411,#82,#836,.T.);
#836 = LINE('',#837,#838);
#837 = CARTESIAN_POINT('',(64.,35.,-11.5));
#838 = VECTOR('',#839,1.);
#839 = DIRECTION('',(0.,0.,1.));
#840 = ORIENTED_EDGE('',*,*,#81,.F.);
#841 = PLANE('',#842);
#842 = AXIS2_PLACEMENT_3D('',#843,#844,#845);
#843 = CARTESIAN_POINT('',(64.,-35.,-11.5));
#844 = DIRECTION('',(1.,0.,-0.));
#845 = DIRECTION('',(0.,0.,1.));
#846 = ADVANCED_FACE('',(#847),#853,.T.);
#847 = FACE_BOUND('',#848,.T.);
#848 = EDGE_LOOP('',(#849,#850,#851,#852));
#849 = ORIENTED_EDGE('',*,*,#89,.F.);
#850 = ORIENTED_EDGE('',*,*,#835,.F.);
#851 = ORIENTED_EDGE('',*,*,#410,.T.);
#852 = ORIENTED_EDGE('',*,*,#819,.T.);
#853 = CYLINDRICAL_SURFACE('',#854,4.);
#854 = AXIS2_PLACEMENT_3D('',#855,#856,#857);
#855 = CARTESIAN_POINT('',(60.,35.,-11.5));
#856 = DIRECTION('',(0.,0.,1.));
#857 = DIRECTION('',(1.,0.,-0.));
#858 = ADVANCED_FACE('',(#859),#870,.F.);
#859 = FACE_BOUND('',#860,.F.);
#860 = EDGE_LOOP('',(#861,#862,#868,#869));
#861 = ORIENTED_EDGE('',*,*,#503,.F.);
#862 = ORIENTED_EDGE('',*,*,#863,.F.);
#863 = EDGE_CURVE('',#124,#504,#864,.T.);
#864 = LINE('',#865,#866);
#865 = CARTESIAN_POINT('',(-60.7,-35.,-5.4));
#866 = VECTOR('',#867,1.);
#867 = DIRECTION('',(0.,0.,-1.));
#868 = ORIENTED_EDGE('',*,*,#123,.T.);
#869 = ORIENTED_EDGE('',*,*,#863,.T.);
#870 = CYLINDRICAL_SURFACE('',#871,1.7);
#871 = AXIS2_PLACEMENT_3D('',#872,#873,#874);
#872 = CARTESIAN_POINT('',(-59.,-35.,-5.4));
#873 = DIRECTION('',(0.,0.,-1.));
#874 = DIRECTION('',(-1.,0.,-0.));
#875 = ADVANCED_FACE('',(#876),#887,.F.);
#876 = FACE_BOUND('',#877,.F.);
#877 = EDGE_LOOP('',(#878,#879,#885,#886));
#878 = ORIENTED_EDGE('',*,*,#492,.F.);
#879 = ORIENTED_EDGE('',*,*,#880,.F.);
#880 = EDGE_CURVE('',#135,#493,#881,.T.);
#881 = LINE('',#882,#883);
#882 = CARTESIAN_POINT('',(-53.25,-35.,-5.4));
#883 = VECTOR('',#884,1.);
#884 = DIRECTION('',(0.,0.,-1.));
#885 = ORIENTED_EDGE('',*,*,#134,.T.);
#886 = ORIENTED_EDGE('',*,*,#880,.T.);
#887 = CYLINDRICAL_SURFACE('',#888,3.25);
#888 = AXIS2_PLACEMENT_3D('',#889,#890,#891);
#889 = CARTESIAN_POINT('',(-50.,-35.,-5.4));
#890 = DIRECTION('',(0.,0.,-1.));
#891 = DIRECTION('',(-1.,0.,-0.));
#892 = ADVANCED_FACE('',(#893),#904,.F.);
#893 = FACE_BOUND('',#894,.F.);
#894 = EDGE_LOOP('',(#895,#896,#902,#903));
#895 = ORIENTED_EDGE('',*,*,#514,.F.);
#896 = ORIENTED_EDGE('',*,*,#897,.F.);
#897 = EDGE_CURVE('',#146,#515,#898,.T.);
#898 = LINE('',#899,#900);
#899 = CARTESIAN_POINT('',(-60.7,-25.,-5.4));
#900 = VECTOR('',#901,1.);
#901 = DIRECTION('',(0.,0.,-1.));
#902 = ORIENTED_EDGE('',*,*,#145,.T.);
#903 = ORIENTED_EDGE('',*,*,#897,.T.);
#904 = CYLINDRICAL_SURFACE('',#905,1.7);
#905 = AXIS2_PLACEMENT_3D('',#906,#907,#908);
#906 = CARTESIAN_POINT('',(-59.,-25.,-5.4));
#907 = DIRECTION('',(0.,0.,-1.));
#908 = DIRECTION('',(-1.,0.,-0.));
#909 = ADVANCED_FACE('',(#910),#921,.F.);
#910 = FACE_BOUND('',#911,.F.);
#911 = EDGE_LOOP('',(#912,#913,#919,#920));
#912 = ORIENTED_EDGE('',*,*,#525,.F.);
#913 = ORIENTED_EDGE('',*,*,#914,.F.);
#914 = EDGE_CURVE('',#157,#526,#915,.T.);
#915 = LINE('',#916,#917);
#916 = CARTESIAN_POINT('',(-60.7,-15.,-5.4));
#917 = VECTOR('',#918,1.);
#918 = DIRECTION('',(0.,0.,-1.));
#919 = ORIENTED_EDGE('',*,*,#156,.T.);
#920 = ORIENTED_EDGE('',*,*,#914,.T.);
#921 = CYLINDRICAL_SURFACE('',#922,1.7);
#922 = AXIS2_PLACEMENT_3D('',#923,#924,#925);
#923 = CARTESIAN_POINT('',(-59.,-15.,-5.4));
#924 = DIRECTION('',(0.,0.,-1.));
#925 = DIRECTION('',(-1.,0.,-0.));
#926 = ADVANCED_FACE('',(#927),#938,.F.);
#927 = FACE_BOUND('',#928,.F.);
#928 = EDGE_LOOP('',(#929,#930,#936,#937));
#929 = ORIENTED_EDGE('',*,*,#536,.F.);
#930 = ORIENTED_EDGE('',*,*,#931,.F.);
#931 = EDGE_CURVE('',#168,#537,#932,.T.);
#932 = LINE('',#933,#934);
#933 = CARTESIAN_POINT('',(-60.7,-5.,-5.4));
#934 = VECTOR('',#935,1.);
#935 = DIRECTION('',(0.,0.,-1.));
#936 = ORIENTED_EDGE('',*,*,#167,.T.);
#937 = ORIENTED_EDGE('',*,*,#931,.T.);
#938 = CYLINDRICAL_SURFACE('',#939,1.7);
#939 = AXIS2_PLACEMENT_3D('',#940,#941,#942);
#940 = CARTESIAN_POINT('',(-59.,-5.,-5.4));
#941 = DIRECTION('',(0.,0.,-1.));
#942 = DIRECTION('',(-1.,0.,-0.));
#943 = ADVANCED_FACE('',(#944),#955,.F.);
#944 = FACE_BOUND('',#945,.F.);
#945 = EDGE_LOOP('',(#946,#947,#953,#954));
#946 = ORIENTED_EDGE('',*,*,#448,.F.);
#947 = ORIENTED_EDGE('',*,*,#948,.F.);
#948 = EDGE_CURVE('',#179,#449,#949,.T.);
#949 = LINE('',#950,#951);
#950 = CARTESIAN_POINT('',(46.75,-35.,-5.4));
#951 = VECTOR('',#952,1.);
#952 = DIRECTION('',(0.,0.,-1.));
#953 = ORIENTED_EDGE('',*,*,#178,.T.);
#954 = ORIENTED_EDGE('',*,*,#948,.T.);
#955 = CYLINDRICAL_SURFACE('',#956,3.25);
#956 = AXIS2_PLACEMENT_3D('',#957,#958,#959);
#957 = CARTESIAN_POINT('',(50.,-35.,-5.4));
#958 = DIRECTION('',(0.,0.,-1.));
#959 = DIRECTION('',(-1.,0.,-0.));
#960 = ADVANCED_FACE('',(#961),#972,.F.);
#961 = FACE_BOUND('',#962,.F.);
#962 = EDGE_LOOP('',(#963,#964,#970,#971));
#963 = ORIENTED_EDGE('',*,*,#437,.F.);
#964 = ORIENTED_EDGE('',*,*,#965,.F.);
#965 = EDGE_CURVE('',#190,#438,#966,.T.);
#966 = LINE('',#967,#968);
#967 = CARTESIAN_POINT('',(57.3,-35.,-5.4));
#968 = VECTOR('',#969,1.);
#969 = DIRECTION('',(0.,0.,-1.));
#970 = ORIENTED_EDGE('',*,*,#189,.T.);
#971 = ORIENTED_EDGE('',*,*,#965,.T.);
#972 = CYLINDRICAL_SURFACE('',#973,1.7);
#973 = AXIS2_PLACEMENT_3D('',#974,#975,#976);
#974 = CARTESIAN_POINT('',(59.,-35.,-5.4));
#975 = DIRECTION('',(0.,0.,-1.));
#976 = DIRECTION('',(-1.,0.,-0.));
#977 = ADVANCED_FACE('',(#978),#989,.F.);
#978 = FACE_BOUND('',#979,.F.);
#979 = EDGE_LOOP('',(#980,#981,#987,#988));
#980 = ORIENTED_EDGE('',*,*,#459,.F.);
#981 = ORIENTED_EDGE('',*,*,#982,.F.);
#982 = EDGE_CURVE('',#201,#460,#983,.T.);
#983 = LINE('',#984,#985);
#984 = CARTESIAN_POINT('',(57.3,-25.,-5.4));
#985 = VECTOR('',#986,1.);
#986 = DIRECTION('',(0.,0.,-1.));
#987 = ORIENTED_EDGE('',*,*,#200,.T.);
#988 = ORIENTED_EDGE('',*,*,#982,.T.);
#989 = CYLINDRICAL_SURFACE('',#990,1.7);
#990 = AXIS2_PLACEMENT_3D('',#991,#992,#993);
#991 = CARTESIAN_POINT('',(59.,-25.,-5.4));
#992 = DIRECTION('',(0.,0.,-1.));
#993 = DIRECTION('',(-1.,0.,-0.));
#994 = ADVANCED_FACE('',(#995),#1006,.F.);
#995 = FACE_BOUND('',#996,.F.);
#996 = EDGE_LOOP('',(#997,#998,#1004,#1005));
#997 = ORIENTED_EDGE('',*,*,#470,.F.);
#998 = ORIENTED_EDGE('',*,*,#999,.F.);
#999 = EDGE_CURVE('',#212,#471,#1000,.T.);
#1000 = LINE('',#1001,#1002);
#1001 = CARTESIAN_POINT('',(57.3,-15.,-5.4));
#1002 = VECTOR('',#1003,1.);
#1003 = DIRECTION('',(0.,0.,-1.));
#1004 = ORIENTED_EDGE('',*,*,#211,.T.);
#1005 = ORIENTED_EDGE('',*,*,#999,.T.);
#1006 = CYLINDRICAL_SURFACE('',#1007,1.7);
#1007 = AXIS2_PLACEMENT_3D('',#1008,#1009,#1010);
#1008 = CARTESIAN_POINT('',(59.,-15.,-5.4));
#1009 = DIRECTION('',(0.,0.,-1.));
#1010 = DIRECTION('',(-1.,0.,-0.));
#1011 = ADVANCED_FACE('',(#1012),#1023,.F.);
#1012 = FACE_BOUND('',#1013,.F.);
#1013 = EDGE_LOOP('',(#1014,#1015,#1021,#1022));
#1014 = ORIENTED_EDGE('',*,*,#481,.F.);
#1015 = ORIENTED_EDGE('',*,*,#1016,.F.);
#1016 = EDGE_CURVE('',#223,#482,#1017,.T.);
#1017 = LINE('',#1018,#1019);
#1018 = CARTESIAN_POINT('',(57.3,-5.,-5.4));
#1019 = VECTOR('',#1020,1.);
#1020 = DIRECTION('',(0.,0.,-1.));
#1021 = ORIENTED_EDGE('',*,*,#222,.T.);
#1022 = ORIENTED_EDGE('',*,*,#1016,.T.);
#1023 = CYLINDRICAL_SURFACE('',#1024,1.7);
#1024 = AXIS2_PLACEMENT_3D('',#1025,#1026,#1027);
#1025 = CARTESIAN_POINT('',(59.,-5.,-5.4));
#1026 = DIRECTION('',(0.,0.,-1.));
#1027 = DIRECTION('',(-1.,0.,-0.));
#1028 = ADVANCED_FACE('',(#1029),#1040,.F.);
#1029 = FACE_BOUND('',#1030,.F.);
#1030 = EDGE_LOOP('',(#1031,#1032,#1038,#1039));
#1031 = ORIENTED_EDGE('',*,*,#704,.F.);
#1032 = ORIENTED_EDGE('',*,*,#1033,.F.);
#1033 = EDGE_CURVE('',#234,#705,#1034,.T.);
#1034 = LINE('',#1035,#1036);
#1035 = CARTESIAN_POINT('',(-60.7,5.,-5.4));
#1036 = VECTOR('',#1037,1.);
#1037 = DIRECTION('',(0.,0.,-1.));
#1038 = ORIENTED_EDGE('',*,*,#233,.T.);
#1039 = ORIENTED_EDGE('',*,*,#1033,.T.);
#1040 = CYLINDRICAL_SURFACE('',#1041,1.7);
#1041 = AXIS2_PLACEMENT_3D('',#1042,#1043,#1044);
#1042 = CARTESIAN_POINT('',(-59.,5.,-5.4));
#1043 = DIRECTION('',(0.,0.,-1.));
#1044 = DIRECTION('',(-1.,0.,-0.));
#1045 = ADVANCED_FACE('',(#1046),#1057,.F.);
#1046 = FACE_BOUND('',#1047,.F.);
#1047 = EDGE_LOOP('',(#1048,#1049,#1055,#1056));
#1048 = ORIENTED_EDGE('',*,*,#715,.F.);
#1049 = ORIENTED_EDGE('',*,*,#1050,.F.);
#1050 = EDGE_CURVE('',#245,#716,#1051,.T.);
#1051 = LINE('',#1052,#1053);
#1052 = CARTESIAN_POINT('',(-60.7,15.,-5.4));
#1053 = VECTOR('',#1054,1.);
#1054 = DIRECTION('',(0.,0.,-1.));
#1055 = ORIENTED_EDGE('',*,*,#244,.T.);
#1056 = ORIENTED_EDGE('',*,*,#1050,.T.);
#1057 = CYLINDRICAL_SURFACE('',#1058,1.7);
#1058 = AXIS2_PLACEMENT_3D('',#1059,#1060,#1061);
#1059 = CARTESIAN_POINT('',(-59.,15.,-5.4));
#1060 = DIRECTION('',(0.,0.,-1.));
#1061 = DIRECTION('',(-1.,0.,-0.));
#1062 = ADVANCED_FACE('',(#1063),#1074,.F.);
#1063 = FACE_BOUND('',#1064,.F.);
#1064 = EDGE_LOOP('',(#1065,#1066,#1072,#1073));
#1065 = ORIENTED_EDGE('',*,*,#726,.F.);
#1066 = ORIENTED_EDGE('',*,*,#1067,.F.);
#1067 = EDGE_CURVE('',#256,#727,#1068,.T.);
#1068 = LINE('',#1069,#1070);
#1069 = CARTESIAN_POINT('',(-60.7,25.,-5.4));
#1070 = VECTOR('',#1071,1.);
#1071 = DIRECTION('',(0.,0.,-1.));
#1072 = ORIENTED_EDGE('',*,*,#255,.T.);
#1073 = ORIENTED_EDGE('',*,*,#1067,.T.);
#1074 = CYLINDRICAL_SURFACE('',#1075,1.7);
#1075 = AXIS2_PLACEMENT_3D('',#1076,#1077,#1078);
#1076 = CARTESIAN_POINT('',(-59.,25.,-5.4));
#1077 = DIRECTION('',(0.,0.,-1.));
#1078 = DIRECTION('',(-1.,0.,-0.));
#1079 = ADVANCED_FACE('',(#1080),#1091,.F.);
#1080 = FACE_BOUND('',#1081,.F.);
#1081 = EDGE_LOOP('',(#1082,#1083,#1089,#1090));
#1082 = ORIENTED_EDGE('',*,*,#748,.F.);
#1083 = ORIENTED_EDGE('',*,*,#1084,.F.);
#1084 = EDGE_CURVE('',#267,#749,#1085,.T.);
#1085 = LINE('',#1086,#1087);
#1086 = CARTESIAN_POINT('',(-60.7,35.,-5.4));
#1087 = VECTOR('',#1088,1.);
#1088 = DIRECTION('',(0.,0.,-1.));
#1089 = ORIENTED_EDGE('',*,*,#266,.T.);
#1090 = ORIENTED_EDGE('',*,*,#1084,.T.);
#1091 = CYLINDRICAL_SURFACE('',#1092,1.7);
#1092 = AXIS2_PLACEMENT_3D('',#1093,#1094,#1095);
#1093 = CARTESIAN_POINT('',(-59.,35.,-5.4));
#1094 = DIRECTION('',(0.,0.,-1.));
#1095 = DIRECTION('',(-1.,0.,-0.));
#1096 = ADVANCED_FACE('',(#1097),#1108,.F.);
#1097 = FACE_BOUND('',#1098,.F.);
#1098 = EDGE_LOOP('',(#1099,#1100,#1106,#1107));
#1099 = ORIENTED_EDGE('',*,*,#737,.F.);
#1100 = ORIENTED_EDGE('',*,*,#1101,.F.);
#1101 = EDGE_CURVE('',#278,#738,#1102,.T.);
#1102 = LINE('',#1103,#1104);
#1103 = CARTESIAN_POINT('',(-53.25,35.,-5.4));
#1104 = VECTOR('',#1105,1.);
#1105 = DIRECTION('',(0.,0.,-1.));
#1106 = ORIENTED_EDGE('',*,*,#277,.T.);
#1107 = ORIENTED_EDGE('',*,*,#1101,.T.);
#1108 = CYLINDRICAL_SURFACE('',#1109,3.25);
#1109 = AXIS2_PLACEMENT_3D('',#1110,#1111,#1112);
#1110 = CARTESIAN_POINT('',(-50.,35.,-5.4));
#1111 = DIRECTION('',(0.,0.,-1.));
#1112 = DIRECTION('',(-1.,0.,-0.));
#1113 = ADVANCED_FACE('',(#1114),#1133,.F.);
#1114 = FACE_BOUND('',#1115,.F.);
#1115 = EDGE_LOOP('',(#1116,#1124,#1131,#1132));
#1116 = ORIENTED_EDGE('',*,*,#1117,.T.);
#1117 = EDGE_CURVE('',#289,#1118,#1120,.T.);
#1118 = VERTEX_POINT('',#1119);
#1119 = CARTESIAN_POINT('',(-17.5,-4.286263797016E-15,-117.6));
#1120 = LINE('',#1121,#1122);
#1121 = CARTESIAN_POINT('',(-17.5,-4.286263797016E-15,-5.4));
#1122 = VECTOR('',#1123,1.);
#1123 = DIRECTION('',(0.,0.,-1.));
#1124 = ORIENTED_EDGE('',*,*,#1125,.F.);
#1125 = EDGE_CURVE('',#1118,#1118,#1126,.T.);
#1126 = CIRCLE('',#1127,17.5);
#1127 = AXIS2_PLACEMENT_3D('',#1128,#1129,#1130);
#1128 = CARTESIAN_POINT('',(0.,0.,-117.6));
#1129 = DIRECTION('',(0.,0.,-1.));
#1130 = DIRECTION('',(-1.,0.,-0.));
#1131 = ORIENTED_EDGE('',*,*,#1117,.F.);
#1132 = ORIENTED_EDGE('',*,*,#288,.T.);
#1133 = CYLINDRICAL_SURFACE('',#1134,17.5);
#1134 = AXIS2_PLACEMENT_3D('',#1135,#1136,#1137);
#1135 = CARTESIAN_POINT('',(0.,0.,-5.4));
#1136 = DIRECTION('',(0.,0.,-1.));
#1137 = DIRECTION('',(-1.,0.,-0.));
#1138 = ADVANCED_FACE('',(#1139),#1150,.F.);
#1139 = FACE_BOUND('',#1140,.F.);
#1140 = EDGE_LOOP('',(#1141,#1142,#1148,#1149));
#1141 = ORIENTED_EDGE('',*,*,#547,.F.);
#1142 = ORIENTED_EDGE('',*,*,#1143,.F.);
#1143 = EDGE_CURVE('',#300,#548,#1144,.T.);
#1144 = LINE('',#1145,#1146);
#1145 = CARTESIAN_POINT('',(57.3,5.,-5.4));
#1146 = VECTOR('',#1147,1.);
#1147 = DIRECTION('',(0.,0.,-1.));
#1148 = ORIENTED_EDGE('',*,*,#299,.T.);
#1149 = ORIENTED_EDGE('',*,*,#1143,.T.);
#1150 = CYLINDRICAL_SURFACE('',#1151,1.7);
#1151 = AXIS2_PLACEMENT_3D('',#1152,#1153,#1154);
#1152 = CARTESIAN_POINT('',(59.,5.,-5.4));
#1153 = DIRECTION('',(0.,0.,-1.));
#1154 = DIRECTION('',(-1.,0.,-0.));
#1155 = ADVANCED_FACE('',(#1156),#1167,.F.);
#1156 = FACE_BOUND('',#1157,.F.);
#1157 = EDGE_LOOP('',(#1158,#1159,#1165,#1166));
#1158 = ORIENTED_EDGE('',*,*,#558,.F.);
#1159 = ORIENTED_EDGE('',*,*,#1160,.F.);
#1160 = EDGE_CURVE('',#311,#559,#1161,.T.);
#1161 = LINE('',#1162,#1163);
#1162 = CARTESIAN_POINT('',(57.3,15.,-5.4));
#1163 = VECTOR('',#1164,1.);
#1164 = DIRECTION('',(0.,0.,-1.));
#1165 = ORIENTED_EDGE('',*,*,#310,.T.);
#1166 = ORIENTED_EDGE('',*,*,#1160,.T.);
#1167 = CYLINDRICAL_SURFACE('',#1168,1.7);
#1168 = AXIS2_PLACEMENT_3D('',#1169,#1170,#1171);
#1169 = CARTESIAN_POINT('',(59.,15.,-5.4));
#1170 = DIRECTION('',(0.,0.,-1.));
#1171 = DIRECTION('',(-1.,0.,-0.));
#1172 = ADVANCED_FACE('',(#1173),#1184,.F.);
#1173 = FACE_BOUND('',#1174,.F.);
#1174 = EDGE_LOOP('',(#1175,#1176,#1182,#1183));
#1175 = ORIENTED_EDGE('',*,*,#569,.F.);
#1176 = ORIENTED_EDGE('',*,*,#1177,.F.);
#1177 = EDGE_CURVE('',#322,#570,#1178,.T.);
#1178 = LINE('',#1179,#1180);
#1179 = CARTESIAN_POINT('',(57.3,25.,-5.4));
#1180 = VECTOR('',#1181,1.);
#1181 = DIRECTION('',(0.,0.,-1.));
#1182 = ORIENTED_EDGE('',*,*,#321,.T.);
#1183 = ORIENTED_EDGE('',*,*,#1177,.T.);
#1184 = CYLINDRICAL_SURFACE('',#1185,1.7);
#1185 = AXIS2_PLACEMENT_3D('',#1186,#1187,#1188);
#1186 = CARTESIAN_POINT('',(59.,25.,-5.4));
#1187 = DIRECTION('',(0.,0.,-1.));
#1188 = DIRECTION('',(-1.,0.,-0.));
#1189 = ADVANCED_FACE('',(#1190),#1201,.F.);
#1190 = FACE_BOUND('',#1191,.F.);
#1191 = EDGE_LOOP('',(#1192,#1193,#1199,#1200));
#1192 = ORIENTED_EDGE('',*,*,#591,.F.);
#1193 = ORIENTED_EDGE('',*,*,#1194,.F.);
#1194 = EDGE_CURVE('',#333,#592,#1195,.T.);
#1195 = LINE('',#1196,#1197);
#1196 = CARTESIAN_POINT('',(46.75,35.,-5.4));
#1197 = VECTOR('',#1198,1.);
#1198 = DIRECTION('',(0.,0.,-1.));
#1199 = ORIENTED_EDGE('',*,*,#332,.T.);
#1200 = ORIENTED_EDGE('',*,*,#1194,.T.);
#1201 = CYLINDRICAL_SURFACE('',#1202,3.25);
#1202 = AXIS2_PLACEMENT_3D('',#1203,#1204,#1205);
#1203 = CARTESIAN_POINT('',(50.,35.,-5.4));
#1204 = DIRECTION('',(0.,0.,-1.));
#1205 = DIRECTION('',(-1.,0.,-0.));
#1206 = ADVANCED_FACE('',(#1207),#1218,.F.);
#1207 = FACE_BOUND('',#1208,.F.);
#1208 = EDGE_LOOP('',(#1209,#1210,#1216,#1217));
#1209 = ORIENTED_EDGE('',*,*,#580,.F.);
#1210 = ORIENTED_EDGE('',*,*,#1211,.F.);
#1211 = EDGE_CURVE('',#344,#581,#1212,.T.);
#1212 = LINE('',#1213,#1214);
#1213 = CARTESIAN_POINT('',(57.3,35.,-5.4));
#1214 = VECTOR('',#1215,1.);
#1215 = DIRECTION('',(0.,0.,-1.));
#1216 = ORIENTED_EDGE('',*,*,#343,.T.);
#1217 = ORIENTED_EDGE('',*,*,#1211,.T.);
#1218 = CYLINDRICAL_SURFACE('',#1219,1.7);
#1219 = AXIS2_PLACEMENT_3D('',#1220,#1221,#1222);
#1220 = CARTESIAN_POINT('',(59.,35.,-5.4));
#1221 = DIRECTION('',(0.,0.,-1.));
#1222 = DIRECTION('',(-1.,0.,-0.));
#1223 = ADVANCED_FACE('',(#1224),#1248,.F.);
#1224 = FACE_BOUND('',#1225,.F.);
#1225 = EDGE_LOOP('',(#1226,#1227,#1234,#1243));
#1226 = ORIENTED_EDGE('',*,*,#602,.T.);
#1227 = ORIENTED_EDGE('',*,*,#1228,.T.);
#1228 = EDGE_CURVE('',#605,#1229,#1231,.T.);
#1229 = VERTEX_POINT('',#1230);
#1230 = CARTESIAN_POINT('',(-14.84924240491,-14.84924240491,-17.5));
#1231 = B_SPLINE_CURVE_WITH_KNOTS('',1,(#1232,#1233),.UNSPECIFIED.,.F.,
  .F.,(2,2),(0.,1.),.PIECEWISE_BEZIER_KNOTS.);
#1232 = CARTESIAN_POINT('',(-29.,-29.,-11.5));
#1233 = CARTESIAN_POINT('',(-14.84924240491,-14.84924240491,-17.5));
#1234 = ORIENTED_EDGE('',*,*,#1235,.F.);
#1235 = EDGE_CURVE('',#1236,#1229,#1238,.T.);
#1236 = VERTEX_POINT('',#1237);
#1237 = CARTESIAN_POINT('',(-20.01144138027,-6.367276802816,-17.5));
#1238 = CIRCLE('',#1239,21.);
#1239 = AXIS2_PLACEMENT_3D('',#1240,#1241,#1242);
#1240 = CARTESIAN_POINT('',(-3.996802888651E-15,-4.440892098501E-15,
    -17.5));
#1241 = DIRECTION('',(0.,0.,1.));
#1242 = DIRECTION('',(-1.,3.339357322243E-16,0.));
#1243 = ORIENTED_EDGE('',*,*,#1244,.F.);
#1244 = EDGE_CURVE('',#603,#1236,#1245,.T.);
#1245 = B_SPLINE_CURVE_WITH_KNOTS('',1,(#1246,#1247),.UNSPECIFIED.,.F.,
  .F.,(2,2),(0.,1.),.PIECEWISE_BEZIER_KNOTS.);
#1246 = CARTESIAN_POINT('',(-44.,-14.,-11.5));
#1247 = CARTESIAN_POINT('',(-20.01144138027,-6.367276802816,-17.5));
#1248 = B_SPLINE_SURFACE_WITH_KNOTS('',8,1,(
    (#1249,#1250)
    ,(#1251,#1252)
    ,(#1253,#1254)
    ,(#1255,#1256)
    ,(#1257,#1258)
    ,(#1259,#1260)
    ,(#1261,#1262)
    ,(#1263,#1264)
    ,(#1265,#1266
    )),.UNSPECIFIED.,.F.,.F.,.F.,(9,9),(2,2),(0.,1.570796326795),(0.,1.)
  ,.PIECEWISE_BEZIER_KNOTS.);
#1249 = CARTESIAN_POINT('',(-44.,-14.,-11.5));
#1250 = CARTESIAN_POINT('',(-20.01144138027,-6.367276802816,-17.5));
#1251 = CARTESIAN_POINT('',(-44.,-16.94524311274,-11.5));
#1252 = CARTESIAN_POINT('',(-19.63151760776,-7.561322945006,-17.5));
#1253 = CARTESIAN_POINT('',(-43.33908816558,-19.89048715256,-11.5));
#1254 = CARTESIAN_POINT('',(-19.17016924517,-8.729461180422,-17.5));
#1255 = CARTESIAN_POINT('',(-42.01727098807,-22.66269851502,-11.5));
#1256 = CARTESIAN_POINT('',(-18.62945727441,-9.865213886644,-17.5));
#1257 = CARTESIAN_POINT('',(-40.08888133669,-25.08888133669,-11.5));
#1258 = CARTESIAN_POINT('',(-18.0120616016,-10.9622993426,-17.5));
#1259 = CARTESIAN_POINT('',(-37.66269851502,-27.01727098807,-11.5));
#1260 = CARTESIAN_POINT('',(-17.32125666566,-12.01470727443,-17.5));
#1261 = CARTESIAN_POINT('',(-34.89048715256,-28.33908816558,-11.5));
#1262 = CARTESIAN_POINT('',(-16.56087654561,-13.01676801014,-17.5));
#1263 = CARTESIAN_POINT('',(-31.94524311274,-29.,-11.5));
#1264 = CARTESIAN_POINT('',(-15.73526956663,-13.9632152432,-17.5));
#1265 = CARTESIAN_POINT('',(-29.,-29.,-11.5));
#1266 = CARTESIAN_POINT('',(-14.84924240491,-14.84924240491,-17.5));
#1267 = ADVANCED_FACE('',(#1268),#1286,.F.);
#1268 = FACE_BOUND('',#1269,.F.);
#1269 = EDGE_LOOP('',(#1270,#1271,#1272,#1281));
#1270 = ORIENTED_EDGE('',*,*,#696,.T.);
#1271 = ORIENTED_EDGE('',*,*,#1244,.T.);
#1272 = ORIENTED_EDGE('',*,*,#1273,.F.);
#1273 = EDGE_CURVE('',#1274,#1236,#1276,.T.);
#1274 = VERTEX_POINT('',#1275);
#1275 = CARTESIAN_POINT('',(-21.,-1.06383453418E-15,-17.5));
#1276 = CIRCLE('',#1277,21.);
#1277 = AXIS2_PLACEMENT_3D('',#1278,#1279,#1280);
#1278 = CARTESIAN_POINT('',(-3.996802888651E-15,-4.440892098501E-15,
    -17.5));
#1279 = DIRECTION('',(0.,0.,1.));
#1280 = DIRECTION('',(-1.,3.339357322243E-16,0.));
#1281 = ORIENTED_EDGE('',*,*,#1282,.F.);
#1282 = EDGE_CURVE('',#689,#1274,#1283,.T.);
#1283 = B_SPLINE_CURVE_WITH_KNOTS('',1,(#1284,#1285),.UNSPECIFIED.,.F.,
  .F.,(2,2),(0.,1.),.PIECEWISE_BEZIER_KNOTS.);
#1284 = CARTESIAN_POINT('',(-44.,0.,-11.5));
#1285 = CARTESIAN_POINT('',(-21.,3.421113437984E-15,-17.5));
#1286 = B_SPLINE_SURFACE_WITH_KNOTS('',5,1,(
    (#1287,#1288)
    ,(#1289,#1290)
    ,(#1291,#1292)
    ,(#1293,#1294)
    ,(#1295,#1296)
    ,(#1297,#1298
    )),.UNSPECIFIED.,.F.,.F.,.F.,(6,6),(2,2),(14.,28.),(0.,1.),
  .PIECEWISE_BEZIER_KNOTS.);
#1287 = CARTESIAN_POINT('',(-44.,0.,-11.5));
#1288 = CARTESIAN_POINT('',(-21.,2.6645352591E-15,-17.5));
#1289 = CARTESIAN_POINT('',(-44.,-2.8,-11.5));
#1290 = CARTESIAN_POINT('',(-21.,-1.2938216803,-17.5));
#1291 = CARTESIAN_POINT('',(-44.,-5.6,-11.5));
#1292 = CARTESIAN_POINT('',(-20.90035921897,-2.587643436984,-17.5));
#1293 = CARTESIAN_POINT('',(-44.,-8.4,-11.5));
#1294 = CARTESIAN_POINT('',(-20.70107406511,-3.87123321301,-17.5));
#1295 = CARTESIAN_POINT('',(-44.,-11.2,-11.5));
#1296 = CARTESIAN_POINT('',(-20.40373284561,-5.134360768918,-17.5));
#1297 = CARTESIAN_POINT('',(-44.,-14.,-11.5));
#1298 = CARTESIAN_POINT('',(-20.01144138027,-6.367276802816,-17.5));
#1299 = ADVANCED_FACE('',(#1300),#1318,.F.);
#1300 = FACE_BOUND('',#1301,.F.);
#1301 = EDGE_LOOP('',(#1302,#1303,#1310,#1317));
#1302 = ORIENTED_EDGE('',*,*,#613,.T.);
#1303 = ORIENTED_EDGE('',*,*,#1304,.T.);
#1304 = EDGE_CURVE('',#614,#1305,#1307,.T.);
#1305 = VERTEX_POINT('',#1306);
#1306 = CARTESIAN_POINT('',(-3.413548207464E-15,-21.,-17.5));
#1307 = B_SPLINE_CURVE_WITH_KNOTS('',1,(#1308,#1309),.UNSPECIFIED.,.F.,
  .F.,(2,2),(0.,1.),.PIECEWISE_BEZIER_KNOTS.);
#1308 = CARTESIAN_POINT('',(0.,-29.,-11.5));
#1309 = CARTESIAN_POINT('',(-3.388391312638E-15,-21.,-17.5));
#1310 = ORIENTED_EDGE('',*,*,#1311,.F.);
#1311 = EDGE_CURVE('',#1229,#1305,#1312,.T.);
#1312 = CIRCLE('',#1313,21.);
#1313 = AXIS2_PLACEMENT_3D('',#1314,#1315,#1316);
#1314 = CARTESIAN_POINT('',(-3.996802888651E-15,-4.440892098501E-15,
    -17.5));
#1315 = DIRECTION('',(0.,0.,1.));
#1316 = DIRECTION('',(-1.,3.339357322243E-16,0.));
#1317 = ORIENTED_EDGE('',*,*,#1228,.F.);
#1318 = B_SPLINE_SURFACE_WITH_KNOTS('',7,1,(
    (#1319,#1320)
    ,(#1321,#1322)
    ,(#1323,#1324)
    ,(#1325,#1326)
    ,(#1327,#1328)
    ,(#1329,#1330)
    ,(#1331,#1332)
    ,(#1333,#1334
    )),.UNSPECIFIED.,.F.,.F.,.F.,(8,8),(2,2),(0.,29.),(0.,1.),
  .PIECEWISE_BEZIER_KNOTS.);
#1319 = CARTESIAN_POINT('',(-29.,-29.,-11.5));
#1320 = CARTESIAN_POINT('',(-14.84924240491,-14.84924240491,-17.5));
#1321 = CARTESIAN_POINT('',(-24.85714285714,-29.,-11.5));
#1322 = CARTESIAN_POINT('',(-13.1831613031,-16.51532350672,-17.5));
#1323 = CARTESIAN_POINT('',(-20.71428571428,-29.,-11.5));
#1324 = CARTESIAN_POINT('',(-11.29899063827,-17.96331497718,-17.5));
#1325 = CARTESIAN_POINT('',(-16.57142857142,-29.,-11.5));
#1326 = CARTESIAN_POINT('',(-9.230988261338,-19.15896032324,-17.5));
#1327 = CARTESIAN_POINT('',(-12.42857142857,-29.,-11.5));
#1328 = CARTESIAN_POINT('',(-7.020136368407,-20.07472516169,-17.5));
#1329 = CARTESIAN_POINT('',(-8.285714285714,-29.,-11.5));
#1330 = CARTESIAN_POINT('',(-4.712388932072,-20.69157473384,-17.5));
#1331 = CARTESIAN_POINT('',(-4.142857142857,-29.,-11.5));
#1332 = CARTESIAN_POINT('',(-2.356194490192,-21.,-17.5));
#1333 = CARTESIAN_POINT('',(0.,-29.,-11.5));
#1334 = CARTESIAN_POINT('',(-3.388391312638E-15,-21.,-17.5));
#1335 = ADVANCED_FACE('',(#1336),#1354,.F.);
#1336 = FACE_BOUND('',#1337,.F.);
#1337 = EDGE_LOOP('',(#1338,#1339,#1340,#1349));
#1338 = ORIENTED_EDGE('',*,*,#688,.T.);
#1339 = ORIENTED_EDGE('',*,*,#1282,.T.);
#1340 = ORIENTED_EDGE('',*,*,#1341,.F.);
#1341 = EDGE_CURVE('',#1342,#1274,#1344,.T.);
#1342 = VERTEX_POINT('',#1343);
#1343 = CARTESIAN_POINT('',(-20.01144138027,6.367276802816,-17.5));
#1344 = CIRCLE('',#1345,21.);
#1345 = AXIS2_PLACEMENT_3D('',#1346,#1347,#1348);
#1346 = CARTESIAN_POINT('',(-7.105427357601E-15,7.549516567451E-15,-17.5
    ));
#1347 = DIRECTION('',(0.,0.,1.));
#1348 = DIRECTION('',(3.995860236527E-16,1.,-0.));
#1349 = ORIENTED_EDGE('',*,*,#1350,.F.);
#1350 = EDGE_CURVE('',#680,#1342,#1351,.T.);
#1351 = B_SPLINE_CURVE_WITH_KNOTS('',1,(#1352,#1353),.UNSPECIFIED.,.F.,
  .F.,(2,2),(0.,1.),.PIECEWISE_BEZIER_KNOTS.);
#1352 = CARTESIAN_POINT('',(-44.,14.,-11.5));
#1353 = CARTESIAN_POINT('',(-20.01144138027,6.367276802816,-17.5));
#1354 = B_SPLINE_SURFACE_WITH_KNOTS('',5,1,(
    (#1355,#1356)
    ,(#1357,#1358)
    ,(#1359,#1360)
    ,(#1361,#1362)
    ,(#1363,#1364)
    ,(#1365,#1366
    )),.UNSPECIFIED.,.F.,.F.,.F.,(6,6),(2,2),(0.,14.),(0.,1.),
  .PIECEWISE_BEZIER_KNOTS.);
#1355 = CARTESIAN_POINT('',(-44.,14.,-11.5));
#1356 = CARTESIAN_POINT('',(-20.01144138027,6.367276802816,-17.5));
#1357 = CARTESIAN_POINT('',(-44.,11.2,-11.5));
#1358 = CARTESIAN_POINT('',(-20.40373284561,5.134360768918,-17.5));
#1359 = CARTESIAN_POINT('',(-44.,8.4,-11.5));
#1360 = CARTESIAN_POINT('',(-20.70107406511,3.87123321301,-17.5));
#1361 = CARTESIAN_POINT('',(-44.,5.6,-11.5));
#1362 = CARTESIAN_POINT('',(-20.90035921897,2.587643436984,-17.5));
#1363 = CARTESIAN_POINT('',(-44.,2.8,-11.5));
#1364 = CARTESIAN_POINT('',(-21.,1.2938216803,-17.5));
#1365 = CARTESIAN_POINT('',(-44.,0.,-11.5));
#1366 = CARTESIAN_POINT('',(-21.,3.421113437984E-15,-17.5));
#1367 = ADVANCED_FACE('',(#1368),#1386,.F.);
#1368 = FACE_BOUND('',#1369,.F.);
#1369 = EDGE_LOOP('',(#1370,#1371,#1378,#1385));
#1370 = ORIENTED_EDGE('',*,*,#621,.T.);
#1371 = ORIENTED_EDGE('',*,*,#1372,.T.);
#1372 = EDGE_CURVE('',#622,#1373,#1375,.T.);
#1373 = VERTEX_POINT('',#1374);
#1374 = CARTESIAN_POINT('',(14.849242404917,-14.84924240491,-17.5));
#1375 = B_SPLINE_CURVE_WITH_KNOTS('',1,(#1376,#1377),.UNSPECIFIED.,.F.,
  .F.,(2,2),(0.,1.),.PIECEWISE_BEZIER_KNOTS.);
#1376 = CARTESIAN_POINT('',(29.,-29.,-11.5));
#1377 = CARTESIAN_POINT('',(14.849242404917,-14.84924240491,-17.5));
#1378 = ORIENTED_EDGE('',*,*,#1379,.F.);
#1379 = EDGE_CURVE('',#1305,#1373,#1380,.T.);
#1380 = CIRCLE('',#1381,21.);
#1381 = AXIS2_PLACEMENT_3D('',#1382,#1383,#1384);
#1382 = CARTESIAN_POINT('',(-4.440892098501E-15,3.10862446895E-15,-17.5)
  );
#1383 = DIRECTION('',(0.,0.,1.));
#1384 = DIRECTION('',(2.777403243745E-17,-1.,0.));
#1385 = ORIENTED_EDGE('',*,*,#1304,.F.);
#1386 = B_SPLINE_SURFACE_WITH_KNOTS('',7,1,(
    (#1387,#1388)
    ,(#1389,#1390)
    ,(#1391,#1392)
    ,(#1393,#1394)
    ,(#1395,#1396)
    ,(#1397,#1398)
    ,(#1399,#1400)
    ,(#1401,#1402
    )),.UNSPECIFIED.,.F.,.F.,.F.,(8,8),(2,2),(29.,58.),(0.,1.),
  .PIECEWISE_BEZIER_KNOTS.);
#1387 = CARTESIAN_POINT('',(0.,-29.,-11.5));
#1388 = CARTESIAN_POINT('',(-1.7763568394E-15,-21.,-17.5));
#1389 = CARTESIAN_POINT('',(4.142857142857,-29.,-11.5));
#1390 = CARTESIAN_POINT('',(2.356194490192,-21.,-17.5));
#1391 = CARTESIAN_POINT('',(8.285714285714,-29.,-11.5));
#1392 = CARTESIAN_POINT('',(4.712388932072,-20.69157473384,-17.5));
#1393 = CARTESIAN_POINT('',(12.428571428571,-29.,-11.5));
#1394 = CARTESIAN_POINT('',(7.020136368408,-20.07472516169,-17.5));
#1395 = CARTESIAN_POINT('',(16.571428571429,-29.,-11.5));
#1396 = CARTESIAN_POINT('',(9.230988261338,-19.15896032324,-17.5));
#1397 = CARTESIAN_POINT('',(20.714285714286,-29.,-11.5));
#1398 = CARTESIAN_POINT('',(11.298990638274,-17.96331497718,-17.5));
#1399 = CARTESIAN_POINT('',(24.857142857143,-29.,-11.5));
#1400 = CARTESIAN_POINT('',(13.183161303108,-16.51532350672,-17.5));
#1401 = CARTESIAN_POINT('',(29.,-29.,-11.5));
#1402 = CARTESIAN_POINT('',(14.849242404917,-14.84924240491,-17.5));
#1403 = ADVANCED_FACE('',(#1404),#1422,.F.);
#1404 = FACE_BOUND('',#1405,.F.);
#1405 = EDGE_LOOP('',(#1406,#1407,#1408,#1417));
#1406 = ORIENTED_EDGE('',*,*,#679,.T.);
#1407 = ORIENTED_EDGE('',*,*,#1350,.T.);
#1408 = ORIENTED_EDGE('',*,*,#1409,.F.);
#1409 = EDGE_CURVE('',#1410,#1342,#1412,.T.);
#1410 = VERTEX_POINT('',#1411);
#1411 = CARTESIAN_POINT('',(-14.84924240491,14.849242404918,-17.5));
#1412 = CIRCLE('',#1413,21.);
#1413 = AXIS2_PLACEMENT_3D('',#1414,#1415,#1416);
#1414 = CARTESIAN_POINT('',(-7.105427357601E-15,7.549516567451E-15,-17.5
    ));
#1415 = DIRECTION('',(0.,0.,1.));
#1416 = DIRECTION('',(3.995860236527E-16,1.,-0.));
#1417 = ORIENTED_EDGE('',*,*,#1418,.F.);
#1418 = EDGE_CURVE('',#672,#1410,#1419,.T.);
#1419 = B_SPLINE_CURVE_WITH_KNOTS('',1,(#1420,#1421),.UNSPECIFIED.,.F.,
  .F.,(2,2),(0.,1.),.PIECEWISE_BEZIER_KNOTS.);
#1420 = CARTESIAN_POINT('',(-29.,29.,-11.5));
#1421 = CARTESIAN_POINT('',(-14.84924240491,14.849242404917,-17.5));
#1422 = B_SPLINE_SURFACE_WITH_KNOTS('',8,1,(
    (#1423,#1424)
    ,(#1425,#1426)
    ,(#1427,#1428)
    ,(#1429,#1430)
    ,(#1431,#1432)
    ,(#1433,#1434)
    ,(#1435,#1436)
    ,(#1437,#1438)
    ,(#1439,#1440
    )),.UNSPECIFIED.,.F.,.F.,.F.,(9,9),(2,2),(0.,1.570796326795),(0.,1.)
  ,.PIECEWISE_BEZIER_KNOTS.);
#1423 = CARTESIAN_POINT('',(-29.,29.,-11.5));
#1424 = CARTESIAN_POINT('',(-14.84924240491,14.849242404918,-17.5));
#1425 = CARTESIAN_POINT('',(-31.94524311274,29.,-11.5));
#1426 = CARTESIAN_POINT('',(-15.73526956663,13.963215243201,-17.5));
#1427 = CARTESIAN_POINT('',(-34.89048715256,28.339088165582,-11.5));
#1428 = CARTESIAN_POINT('',(-16.56087654561,13.016768010147,-17.5));
#1429 = CARTESIAN_POINT('',(-37.66269851502,27.017270988071,-11.5));
#1430 = CARTESIAN_POINT('',(-17.32125666566,12.014707274436,-17.5));
#1431 = CARTESIAN_POINT('',(-40.08888133669,25.088881336699,-11.5));
#1432 = CARTESIAN_POINT('',(-18.0120616016,10.962299342608,-17.5));
#1433 = CARTESIAN_POINT('',(-42.01727098807,22.662698515026,-11.5));
#1434 = CARTESIAN_POINT('',(-18.62945727441,9.865213886645,-17.5));
#1435 = CARTESIAN_POINT('',(-43.33908816558,19.890487152563,-11.5));
#1436 = CARTESIAN_POINT('',(-19.17016924517,8.729461180422,-17.5));
#1437 = CARTESIAN_POINT('',(-44.,16.94524311274,-11.5));
#1438 = CARTESIAN_POINT('',(-19.63151760776,7.561322945006,-17.5));
#1439 = CARTESIAN_POINT('',(-44.,14.,-11.5));
#1440 = CARTESIAN_POINT('',(-20.01144138027,6.367276802816,-17.5));
#1441 = ADVANCED_FACE('',(#1442),#1460,.F.);
#1442 = FACE_BOUND('',#1443,.F.);
#1443 = EDGE_LOOP('',(#1444,#1445,#1452,#1459));
#1444 = ORIENTED_EDGE('',*,*,#629,.T.);
#1445 = ORIENTED_EDGE('',*,*,#1446,.T.);
#1446 = EDGE_CURVE('',#630,#1447,#1449,.T.);
#1447 = VERTEX_POINT('',#1448);
#1448 = CARTESIAN_POINT('',(20.011441380278,-6.367276802816,-17.5));
#1449 = B_SPLINE_CURVE_WITH_KNOTS('',1,(#1450,#1451),.UNSPECIFIED.,.F.,
  .F.,(2,2),(0.,1.),.PIECEWISE_BEZIER_KNOTS.);
#1450 = CARTESIAN_POINT('',(44.,-14.,-11.5));
#1451 = CARTESIAN_POINT('',(20.011441380278,-6.367276802816,-17.5));
#1452 = ORIENTED_EDGE('',*,*,#1453,.F.);
#1453 = EDGE_CURVE('',#1373,#1447,#1454,.T.);
#1454 = CIRCLE('',#1455,21.);
#1455 = AXIS2_PLACEMENT_3D('',#1456,#1457,#1458);
#1456 = CARTESIAN_POINT('',(-4.440892098501E-15,3.10862446895E-15,-17.5)
  );
#1457 = DIRECTION('',(0.,0.,1.));
#1458 = DIRECTION('',(2.777403243745E-17,-1.,0.));
#1459 = ORIENTED_EDGE('',*,*,#1372,.F.);
#1460 = B_SPLINE_SURFACE_WITH_KNOTS('',8,1,(
    (#1461,#1462)
    ,(#1463,#1464)
    ,(#1465,#1466)
    ,(#1467,#1468)
    ,(#1469,#1470)
    ,(#1471,#1472)
    ,(#1473,#1474)
    ,(#1475,#1476)
    ,(#1477,#1478
    )),.UNSPECIFIED.,.F.,.F.,.F.,(9,9),(2,2),(0.,1.570796326795),(0.,1.)
  ,.PIECEWISE_BEZIER_KNOTS.);
#1461 = CARTESIAN_POINT('',(29.,-29.,-11.5));
#1462 = CARTESIAN_POINT('',(14.849242404917,-14.84924240491,-17.5));
#1463 = CARTESIAN_POINT('',(31.94524311274,-29.,-11.5));
#1464 = CARTESIAN_POINT('',(15.735269566634,-13.9632152432,-17.5));
#1465 = CARTESIAN_POINT('',(34.890487152563,-28.33908816558,-11.5));
#1466 = CARTESIAN_POINT('',(16.560876545619,-13.01676801014,-17.5));
#1467 = CARTESIAN_POINT('',(37.662698515025,-27.01727098807,-11.5));
#1468 = CARTESIAN_POINT('',(17.321256665669,-12.01470727443,-17.5));
#1469 = CARTESIAN_POINT('',(40.088881336699,-25.08888133669,-11.5));
#1470 = CARTESIAN_POINT('',(18.012061601604,-10.9622993426,-17.5));
#1471 = CARTESIAN_POINT('',(42.017270988071,-22.66269851502,-11.5));
#1472 = CARTESIAN_POINT('',(18.629457274412,-9.865213886644,-17.5));
#1473 = CARTESIAN_POINT('',(43.339088165582,-19.89048715256,-11.5));
#1474 = CARTESIAN_POINT('',(19.170169245177,-8.729461180422,-17.5));
#1475 = CARTESIAN_POINT('',(44.,-16.94524311274,-11.5));
#1476 = CARTESIAN_POINT('',(19.631517607764,-7.561322945006,-17.5));
#1477 = CARTESIAN_POINT('',(44.,-14.,-11.5));
#1478 = CARTESIAN_POINT('',(20.011441380278,-6.367276802816,-17.5));
#1479 = ADVANCED_FACE('',(#1480),#1498,.F.);
#1480 = FACE_BOUND('',#1481,.F.);
#1481 = EDGE_LOOP('',(#1482,#1483,#1484,#1493));
#1482 = ORIENTED_EDGE('',*,*,#671,.T.);
#1483 = ORIENTED_EDGE('',*,*,#1418,.T.);
#1484 = ORIENTED_EDGE('',*,*,#1485,.F.);
#1485 = EDGE_CURVE('',#1486,#1410,#1488,.T.);
#1486 = VERTEX_POINT('',#1487);
#1487 = CARTESIAN_POINT('',(2.285079861267E-15,21.,-17.5));
#1488 = CIRCLE('',#1489,21.);
#1489 = AXIS2_PLACEMENT_3D('',#1490,#1491,#1492);
#1490 = CARTESIAN_POINT('',(-7.105427357601E-15,7.549516567451E-15,-17.5
    ));
#1491 = DIRECTION('',(0.,0.,1.));
#1492 = DIRECTION('',(3.995860236527E-16,1.,-0.));
#1493 = ORIENTED_EDGE('',*,*,#1494,.F.);
#1494 = EDGE_CURVE('',#664,#1486,#1495,.T.);
#1495 = B_SPLINE_CURVE_WITH_KNOTS('',1,(#1496,#1497),.UNSPECIFIED.,.F.,
  .F.,(2,2),(0.,1.),.PIECEWISE_BEZIER_KNOTS.);
#1496 = CARTESIAN_POINT('',(7.105427357601E-15,29.,-11.5));
#1497 = CARTESIAN_POINT('',(5.329070518201E-15,21.,-17.5));
#1498 = B_SPLINE_SURFACE_WITH_KNOTS('',7,1,(
    (#1499,#1500)
    ,(#1501,#1502)
    ,(#1503,#1504)
    ,(#1505,#1506)
    ,(#1507,#1508)
    ,(#1509,#1510)
    ,(#1511,#1512)
    ,(#1513,#1514
    )),.UNSPECIFIED.,.F.,.F.,.F.,(8,8),(2,2),(29.,58.),(0.,1.),
  .PIECEWISE_BEZIER_KNOTS.);
#1499 = CARTESIAN_POINT('',(7.105427357601E-15,29.,-11.5));
#1500 = CARTESIAN_POINT('',(3.552713678801E-15,21.,-17.5));
#1501 = CARTESIAN_POINT('',(-4.142857142857,29.,-11.5));
#1502 = CARTESIAN_POINT('',(-2.356194490192,21.,-17.5));
#1503 = CARTESIAN_POINT('',(-8.285714285714,29.,-11.5));
#1504 = CARTESIAN_POINT('',(-4.712388932072,20.691574733845,-17.5));
#1505 = CARTESIAN_POINT('',(-12.42857142857,29.,-11.5));
#1506 = CARTESIAN_POINT('',(-7.020136368408,20.074725161698,-17.5));
#1507 = CARTESIAN_POINT('',(-16.57142857142,29.,-11.5));
#1508 = CARTESIAN_POINT('',(-9.230988261338,19.158960323248,-17.5));
#1509 = CARTESIAN_POINT('',(-20.71428571428,29.,-11.5));
#1510 = CARTESIAN_POINT('',(-11.29899063827,17.963314977187,-17.5));
#1511 = CARTESIAN_POINT('',(-24.85714285714,29.,-11.5));
#1512 = CARTESIAN_POINT('',(-13.1831613031,16.515323506727,-17.5));
#1513 = CARTESIAN_POINT('',(-29.,29.,-11.5));
#1514 = CARTESIAN_POINT('',(-14.84924240491,14.849242404917,-17.5));
#1515 = ADVANCED_FACE('',(#1516),#1534,.F.);
#1516 = FACE_BOUND('',#1517,.F.);
#1517 = EDGE_LOOP('',(#1518,#1519,#1526,#1533));
#1518 = ORIENTED_EDGE('',*,*,#638,.T.);
#1519 = ORIENTED_EDGE('',*,*,#1520,.T.);
#1520 = EDGE_CURVE('',#639,#1521,#1523,.T.);
#1521 = VERTEX_POINT('',#1522);
#1522 = CARTESIAN_POINT('',(21.,-3.459936691569E-15,-17.5));
#1523 = B_SPLINE_CURVE_WITH_KNOTS('',1,(#1524,#1525),.UNSPECIFIED.,.F.,
  .F.,(2,2),(0.,1.),.PIECEWISE_BEZIER_KNOTS.);
#1524 = CARTESIAN_POINT('',(44.,-1.24344978758E-14,-11.5));
#1525 = CARTESIAN_POINT('',(21.,-6.973827116785E-15,-17.5));
#1526 = ORIENTED_EDGE('',*,*,#1527,.F.);
#1527 = EDGE_CURVE('',#1447,#1521,#1528,.T.);
#1528 = CIRCLE('',#1529,21.);
#1529 = AXIS2_PLACEMENT_3D('',#1530,#1531,#1532);
#1530 = CARTESIAN_POINT('',(-4.440892098501E-15,3.10862446895E-15,-17.5)
  );
#1531 = DIRECTION('',(0.,0.,1.));
#1532 = DIRECTION('',(2.777403243745E-17,-1.,0.));
#1533 = ORIENTED_EDGE('',*,*,#1446,.F.);
#1534 = B_SPLINE_SURFACE_WITH_KNOTS('',5,1,(
    (#1535,#1536)
    ,(#1537,#1538)
    ,(#1539,#1540)
    ,(#1541,#1542)
    ,(#1543,#1544)
    ,(#1545,#1546
    )),.UNSPECIFIED.,.F.,.F.,.F.,(6,6),(2,2),(0.,14.),(0.,1.),
  .PIECEWISE_BEZIER_KNOTS.);
#1535 = CARTESIAN_POINT('',(44.,-14.,-11.5));
#1536 = CARTESIAN_POINT('',(20.011441380279,-6.367276802816,-17.5));
#1537 = CARTESIAN_POINT('',(44.,-11.2,-11.5));
#1538 = CARTESIAN_POINT('',(20.40373284561,-5.134360768918,-17.5));
#1539 = CARTESIAN_POINT('',(44.,-8.4,-11.5));
#1540 = CARTESIAN_POINT('',(20.701074065116,-3.87123321301,-17.5));
#1541 = CARTESIAN_POINT('',(44.,-5.6,-11.5));
#1542 = CARTESIAN_POINT('',(20.90035921897,-2.587643436984,-17.5));
#1543 = CARTESIAN_POINT('',(44.,-2.8,-11.5));
#1544 = CARTESIAN_POINT('',(21.,-1.2938216803,-17.5));
#1545 = CARTESIAN_POINT('',(44.,-1.24344978758E-14,-11.5));
#1546 = CARTESIAN_POINT('',(21.,-6.973827116785E-15,-17.5));
#1547 = ADVANCED_FACE('',(#1548),#1566,.F.);
#1548 = FACE_BOUND('',#1549,.F.);
#1549 = EDGE_LOOP('',(#1550,#1551,#1552,#1561));
#1550 = ORIENTED_EDGE('',*,*,#663,.T.);
#1551 = ORIENTED_EDGE('',*,*,#1494,.T.);
#1552 = ORIENTED_EDGE('',*,*,#1553,.F.);
#1553 = EDGE_CURVE('',#1554,#1486,#1556,.T.);
#1554 = VERTEX_POINT('',#1555);
#1555 = CARTESIAN_POINT('',(14.849242404917,14.849242404917,-17.5));
#1556 = CIRCLE('',#1557,21.);
#1557 = AXIS2_PLACEMENT_3D('',#1558,#1559,#1560);
#1558 = CARTESIAN_POINT('',(2.6645352591E-15,3.996802888651E-15,-17.5));
#1559 = DIRECTION('',(0.,0.,1.));
#1560 = DIRECTION('',(1.,-1.903239470786E-16,0.));
#1561 = ORIENTED_EDGE('',*,*,#1562,.F.);
#1562 = EDGE_CURVE('',#655,#1554,#1563,.T.);
#1563 = B_SPLINE_CURVE_WITH_KNOTS('',1,(#1564,#1565),.UNSPECIFIED.,.F.,
  .F.,(2,2),(0.,1.),.PIECEWISE_BEZIER_KNOTS.);
#1564 = CARTESIAN_POINT('',(29.,29.,-11.5));
#1565 = CARTESIAN_POINT('',(14.849242404918,14.849242404918,-17.5));
#1566 = B_SPLINE_SURFACE_WITH_KNOTS('',7,1,(
    (#1567,#1568)
    ,(#1569,#1570)
    ,(#1571,#1572)
    ,(#1573,#1574)
    ,(#1575,#1576)
    ,(#1577,#1578)
    ,(#1579,#1580)
    ,(#1581,#1582
    )),.UNSPECIFIED.,.F.,.F.,.F.,(8,8),(2,2),(0.,29.),(0.,1.),
  .PIECEWISE_BEZIER_KNOTS.);
#1567 = CARTESIAN_POINT('',(29.,29.,-11.5));
#1568 = CARTESIAN_POINT('',(14.849242404917,14.849242404917,-17.5));
#1569 = CARTESIAN_POINT('',(24.857142857143,29.,-11.5));
#1570 = CARTESIAN_POINT('',(13.183161303108,16.515323506727,-17.5));
#1571 = CARTESIAN_POINT('',(20.714285714286,29.,-11.5));
#1572 = CARTESIAN_POINT('',(11.298990638274,17.963314977187,-17.5));
#1573 = CARTESIAN_POINT('',(16.571428571429,29.,-11.5));
#1574 = CARTESIAN_POINT('',(9.230988261338,19.158960323248,-17.5));
#1575 = CARTESIAN_POINT('',(12.428571428571,29.,-11.5));
#1576 = CARTESIAN_POINT('',(7.020136368407,20.074725161698,-17.5));
#1577 = CARTESIAN_POINT('',(8.285714285714,29.,-11.5));
#1578 = CARTESIAN_POINT('',(4.712388932072,20.691574733845,-17.5));
#1579 = CARTESIAN_POINT('',(4.142857142857,29.,-11.5));
#1580 = CARTESIAN_POINT('',(2.356194490192,21.,-17.5));
#1581 = CARTESIAN_POINT('',(7.105427357601E-15,29.,-11.5));
#1582 = CARTESIAN_POINT('',(5.329070518201E-15,21.,-17.5));
#1583 = ADVANCED_FACE('',(#1584),#1602,.F.);
#1584 = FACE_BOUND('',#1585,.F.);
#1585 = EDGE_LOOP('',(#1586,#1587,#1594,#1601));
#1586 = ORIENTED_EDGE('',*,*,#646,.T.);
#1587 = ORIENTED_EDGE('',*,*,#1588,.T.);
#1588 = EDGE_CURVE('',#647,#1589,#1591,.T.);
#1589 = VERTEX_POINT('',#1590);
#1590 = CARTESIAN_POINT('',(20.011441380279,6.367276802816,-17.5));
#1591 = B_SPLINE_CURVE_WITH_KNOTS('',1,(#1592,#1593),.UNSPECIFIED.,.F.,
  .F.,(2,2),(0.,1.),.PIECEWISE_BEZIER_KNOTS.);
#1592 = CARTESIAN_POINT('',(44.,14.,-11.5));
#1593 = CARTESIAN_POINT('',(20.011441380278,6.367276802816,-17.5));
#1594 = ORIENTED_EDGE('',*,*,#1595,.F.);
#1595 = EDGE_CURVE('',#1521,#1589,#1596,.T.);
#1596 = CIRCLE('',#1597,21.);
#1597 = AXIS2_PLACEMENT_3D('',#1598,#1599,#1600);
#1598 = CARTESIAN_POINT('',(2.6645352591E-15,3.996802888651E-15,-17.5));
#1599 = DIRECTION('',(0.,0.,1.));
#1600 = DIRECTION('',(1.,-1.903239470786E-16,0.));
#1601 = ORIENTED_EDGE('',*,*,#1520,.F.);
#1602 = B_SPLINE_SURFACE_WITH_KNOTS('',5,1,(
    (#1603,#1604)
    ,(#1605,#1606)
    ,(#1607,#1608)
    ,(#1609,#1610)
    ,(#1611,#1612)
    ,(#1613,#1614
    )),.UNSPECIFIED.,.F.,.F.,.F.,(6,6),(2,2),(14.,28.),(0.,1.),
  .PIECEWISE_BEZIER_KNOTS.);
#1603 = CARTESIAN_POINT('',(44.,-1.24344978758E-14,-11.5));
#1604 = CARTESIAN_POINT('',(21.,4.440892098501E-16,-17.5));
#1605 = CARTESIAN_POINT('',(44.,2.8,-11.5));
#1606 = CARTESIAN_POINT('',(21.,1.2938216803,-17.5));
#1607 = CARTESIAN_POINT('',(44.,5.6,-11.5));
#1608 = CARTESIAN_POINT('',(20.90035921897,2.587643436984,-17.5));
#1609 = CARTESIAN_POINT('',(44.,8.4,-11.5));
#1610 = CARTESIAN_POINT('',(20.701074065116,3.87123321301,-17.5));
#1611 = CARTESIAN_POINT('',(44.,11.2,-11.5));
#1612 = CARTESIAN_POINT('',(20.40373284561,5.134360768918,-17.5));
#1613 = CARTESIAN_POINT('',(44.,14.,-11.5));
#1614 = CARTESIAN_POINT('',(20.011441380278,6.367276802816,-17.5));
#1615 = ADVANCED_FACE('',(#1616),#1628,.F.);
#1616 = FACE_BOUND('',#1617,.F.);
#1617 = EDGE_LOOP('',(#1618,#1619,#1620,#1627));
#1618 = ORIENTED_EDGE('',*,*,#654,.T.);
#1619 = ORIENTED_EDGE('',*,*,#1562,.T.);
#1620 = ORIENTED_EDGE('',*,*,#1621,.F.);
#1621 = EDGE_CURVE('',#1589,#1554,#1622,.T.);
#1622 = CIRCLE('',#1623,21.);
#1623 = AXIS2_PLACEMENT_3D('',#1624,#1625,#1626);
#1624 = CARTESIAN_POINT('',(2.6645352591E-15,3.996802888651E-15,-17.5));
#1625 = DIRECTION('',(0.,0.,1.));
#1626 = DIRECTION('',(1.,-1.903239470786E-16,0.));
#1627 = ORIENTED_EDGE('',*,*,#1588,.F.);
#1628 = B_SPLINE_SURFACE_WITH_KNOTS('',8,1,(
    (#1629,#1630)
    ,(#1631,#1632)
    ,(#1633,#1634)
    ,(#1635,#1636)
    ,(#1637,#1638)
    ,(#1639,#1640)
    ,(#1641,#1642)
    ,(#1643,#1644)
    ,(#1645,#1646
    )),.UNSPECIFIED.,.F.,.F.,.F.,(9,9),(2,2),(0.,1.570796326795),(0.,1.)
  ,.PIECEWISE_BEZIER_KNOTS.);
#1629 = CARTESIAN_POINT('',(44.,14.,-11.5));
#1630 = CARTESIAN_POINT('',(20.011441380278,6.367276802816,-17.5));
#1631 = CARTESIAN_POINT('',(44.,16.945243112741,-11.5));
#1632 = CARTESIAN_POINT('',(19.631517607764,7.561322945006,-17.5));
#1633 = CARTESIAN_POINT('',(43.339088165582,19.890487152563,-11.5));
#1634 = CARTESIAN_POINT('',(19.170169245176,8.729461180421,-17.5));
#1635 = CARTESIAN_POINT('',(42.017270988072,22.662698515027,-11.5));
#1636 = CARTESIAN_POINT('',(18.629457274412,9.865213886644,-17.5));
#1637 = CARTESIAN_POINT('',(40.088881336698,25.088881336697,-11.5));
#1638 = CARTESIAN_POINT('',(18.012061601604,10.962299342608,-17.5));
#1639 = CARTESIAN_POINT('',(37.662698515027,27.017270988073,-11.5));
#1640 = CARTESIAN_POINT('',(17.321256665669,12.014707274436,-17.5));
#1641 = CARTESIAN_POINT('',(34.890487152563,28.339088165581,-11.5));
#1642 = CARTESIAN_POINT('',(16.560876545618,13.016768010147,-17.5));
#1643 = CARTESIAN_POINT('',(31.945243112741,29.,-11.5));
#1644 = CARTESIAN_POINT('',(15.735269566634,13.963215243201,-17.5));
#1645 = CARTESIAN_POINT('',(29.,29.,-11.5));
#1646 = CARTESIAN_POINT('',(14.849242404918,14.849242404918,-17.5));
#1647 = ADVANCED_FACE('',(#1648),#1651,.F.);
#1648 = FACE_BOUND('',#1649,.F.);
#1649 = EDGE_LOOP('',(#1650));
#1650 = ORIENTED_EDGE('',*,*,#1125,.T.);
#1651 = PLANE('',#1652);
#1652 = AXIS2_PLACEMENT_3D('',#1653,#1654,#1655);
#1653 = CARTESIAN_POINT('',(0.,0.,-117.6));
#1654 = DIRECTION('',(0.,0.,-1.));
#1655 = DIRECTION('',(-1.,0.,-0.));
#1656 = ADVANCED_FACE('',(#1657),#1786,.T.);
#1657 = FACE_BOUND('',#1658,.T.);
#1658 = EDGE_LOOP('',(#1659,#1660,#1668,#1677,#1686,#1695,#1704,#1713,
    #1722,#1731,#1740,#1749,#1758,#1767,#1774,#1775,#1776,#1777,#1778,
    #1779,#1780,#1781,#1782,#1783,#1784,#1785));
#1659 = ORIENTED_EDGE('',*,*,#1273,.F.);
#1660 = ORIENTED_EDGE('',*,*,#1661,.T.);
#1661 = EDGE_CURVE('',#1274,#1662,#1664,.T.);
#1662 = VERTEX_POINT('',#1663);
#1663 = CARTESIAN_POINT('',(-21.,-9.528122317172E-16,-105.5));
#1664 = LINE('',#1665,#1666);
#1665 = CARTESIAN_POINT('',(-21.,-5.143516556419E-15,-17.5));
#1666 = VECTOR('',#1667,1.);
#1667 = DIRECTION('',(0.,0.,-1.));
#1668 = ORIENTED_EDGE('',*,*,#1669,.F.);
#1669 = EDGE_CURVE('',#1670,#1662,#1672,.T.);
#1670 = VERTEX_POINT('',#1671);
#1671 = CARTESIAN_POINT('',(-19.60025773026,-7.538560665486,-105.5));
#1672 = CIRCLE('',#1673,21.);
#1673 = AXIS2_PLACEMENT_3D('',#1674,#1675,#1676);
#1674 = CARTESIAN_POINT('',(0.,0.,-105.5));
#1675 = DIRECTION('',(0.,0.,-1.));
#1676 = DIRECTION('',(-1.,0.,-0.));
#1677 = ORIENTED_EDGE('',*,*,#1678,.F.);
#1678 = EDGE_CURVE('',#1679,#1670,#1681,.T.);
#1679 = VERTEX_POINT('',#1680);
#1680 = CARTESIAN_POINT('',(-11.27438533605,-17.71689124237,-105.5));
#1681 = CIRCLE('',#1682,21.);
#1682 = AXIS2_PLACEMENT_3D('',#1683,#1684,#1685);
#1683 = CARTESIAN_POINT('',(0.,0.,-105.5));
#1684 = DIRECTION('',(0.,0.,-1.));
#1685 = DIRECTION('',(-1.,0.,-0.));
#1686 = ORIENTED_EDGE('',*,*,#1687,.F.);
#1687 = EDGE_CURVE('',#1688,#1679,#1690,.T.);
#1688 = VERTEX_POINT('',#1689);
#1689 = CARTESIAN_POINT('',(-3.413548207464E-15,-21.,-105.5));
#1690 = CIRCLE('',#1691,21.);
#1691 = AXIS2_PLACEMENT_3D('',#1692,#1693,#1694);
#1692 = CARTESIAN_POINT('',(0.,0.,-105.5));
#1693 = DIRECTION('',(0.,0.,-1.));
#1694 = DIRECTION('',(-1.,0.,-0.));
#1695 = ORIENTED_EDGE('',*,*,#1696,.F.);
#1696 = EDGE_CURVE('',#1697,#1688,#1699,.T.);
#1697 = VERTEX_POINT('',#1698);
#1698 = CARTESIAN_POINT('',(11.274385336056,-17.71689124237,-105.5));
#1699 = CIRCLE('',#1700,21.);
#1700 = AXIS2_PLACEMENT_3D('',#1701,#1702,#1703);
#1701 = CARTESIAN_POINT('',(0.,0.,-105.5));
#1702 = DIRECTION('',(0.,0.,-1.));
#1703 = DIRECTION('',(-1.,0.,-0.));
#1704 = ORIENTED_EDGE('',*,*,#1705,.F.);
#1705 = EDGE_CURVE('',#1706,#1697,#1708,.T.);
#1706 = VERTEX_POINT('',#1707);
#1707 = CARTESIAN_POINT('',(19.600257730264,-7.538560665486,-105.5));
#1708 = CIRCLE('',#1709,21.);
#1709 = AXIS2_PLACEMENT_3D('',#1710,#1711,#1712);
#1710 = CARTESIAN_POINT('',(0.,0.,-105.5));
#1711 = DIRECTION('',(0.,0.,-1.));
#1712 = DIRECTION('',(-1.,0.,-0.));
#1713 = ORIENTED_EDGE('',*,*,#1714,.F.);
#1714 = EDGE_CURVE('',#1715,#1706,#1717,.T.);
#1715 = VERTEX_POINT('',#1716);
#1716 = CARTESIAN_POINT('',(21.,-3.459936691569E-15,-105.5));
#1717 = CIRCLE('',#1718,21.);
#1718 = AXIS2_PLACEMENT_3D('',#1719,#1720,#1721);
#1719 = CARTESIAN_POINT('',(0.,0.,-105.5));
#1720 = DIRECTION('',(0.,0.,-1.));
#1721 = DIRECTION('',(-1.,0.,-0.));
#1722 = ORIENTED_EDGE('',*,*,#1723,.F.);
#1723 = EDGE_CURVE('',#1724,#1715,#1726,.T.);
#1724 = VERTEX_POINT('',#1725);
#1725 = CARTESIAN_POINT('',(19.600257730264,7.538560665486,-105.5));
#1726 = CIRCLE('',#1727,21.);
#1727 = AXIS2_PLACEMENT_3D('',#1728,#1729,#1730);
#1728 = CARTESIAN_POINT('',(0.,0.,-105.5));
#1729 = DIRECTION('',(0.,0.,-1.));
#1730 = DIRECTION('',(-1.,0.,-0.));
#1731 = ORIENTED_EDGE('',*,*,#1732,.F.);
#1732 = EDGE_CURVE('',#1733,#1724,#1735,.T.);
#1733 = VERTEX_POINT('',#1734);
#1734 = CARTESIAN_POINT('',(11.274385336056,17.716891242374,-105.5));
#1735 = CIRCLE('',#1736,21.);
#1736 = AXIS2_PLACEMENT_3D('',#1737,#1738,#1739);
#1737 = CARTESIAN_POINT('',(0.,0.,-105.5));
#1738 = DIRECTION('',(0.,0.,-1.));
#1739 = DIRECTION('',(-1.,0.,-0.));
#1740 = ORIENTED_EDGE('',*,*,#1741,.F.);
#1741 = EDGE_CURVE('',#1742,#1733,#1744,.T.);
#1742 = VERTEX_POINT('',#1743);
#1743 = CARTESIAN_POINT('',(2.285079861267E-15,21.,-105.5));
#1744 = CIRCLE('',#1745,21.);
#1745 = AXIS2_PLACEMENT_3D('',#1746,#1747,#1748);
#1746 = CARTESIAN_POINT('',(0.,0.,-105.5));
#1747 = DIRECTION('',(0.,0.,-1.));
#1748 = DIRECTION('',(-1.,0.,-0.));
#1749 = ORIENTED_EDGE('',*,*,#1750,.F.);
#1750 = EDGE_CURVE('',#1751,#1742,#1753,.T.);
#1751 = VERTEX_POINT('',#1752);
#1752 = CARTESIAN_POINT('',(-11.27438533605,17.716891242374,-105.5));
#1753 = CIRCLE('',#1754,21.);
#1754 = AXIS2_PLACEMENT_3D('',#1755,#1756,#1757);
#1755 = CARTESIAN_POINT('',(0.,0.,-105.5));
#1756 = DIRECTION('',(0.,0.,-1.));
#1757 = DIRECTION('',(-1.,0.,-0.));
#1758 = ORIENTED_EDGE('',*,*,#1759,.F.);
#1759 = EDGE_CURVE('',#1760,#1751,#1762,.T.);
#1760 = VERTEX_POINT('',#1761);
#1761 = CARTESIAN_POINT('',(-19.60025773026,7.538560665486,-105.5));
#1762 = CIRCLE('',#1763,21.);
#1763 = AXIS2_PLACEMENT_3D('',#1764,#1765,#1766);
#1764 = CARTESIAN_POINT('',(0.,0.,-105.5));
#1765 = DIRECTION('',(0.,0.,-1.));
#1766 = DIRECTION('',(-1.,0.,-0.));
#1767 = ORIENTED_EDGE('',*,*,#1768,.F.);
#1768 = EDGE_CURVE('',#1662,#1760,#1769,.T.);
#1769 = CIRCLE('',#1770,21.);
#1770 = AXIS2_PLACEMENT_3D('',#1771,#1772,#1773);
#1771 = CARTESIAN_POINT('',(0.,0.,-105.5));
#1772 = DIRECTION('',(0.,0.,-1.));
#1773 = DIRECTION('',(-1.,0.,-0.));
#1774 = ORIENTED_EDGE('',*,*,#1661,.F.);
#1775 = ORIENTED_EDGE('',*,*,#1341,.F.);
#1776 = ORIENTED_EDGE('',*,*,#1409,.F.);
#1777 = ORIENTED_EDGE('',*,*,#1485,.F.);
#1778 = ORIENTED_EDGE('',*,*,#1553,.F.);
#1779 = ORIENTED_EDGE('',*,*,#1621,.F.);
#1780 = ORIENTED_EDGE('',*,*,#1595,.F.);
#1781 = ORIENTED_EDGE('',*,*,#1527,.F.);
#1782 = ORIENTED_EDGE('',*,*,#1453,.F.);
#1783 = ORIENTED_EDGE('',*,*,#1379,.F.);
#1784 = ORIENTED_EDGE('',*,*,#1311,.F.);
#1785 = ORIENTED_EDGE('',*,*,#1235,.F.);
#1786 = CYLINDRICAL_SURFACE('',#1787,21.);
#1787 = AXIS2_PLACEMENT_3D('',#1788,#1789,#1790);
#1788 = CARTESIAN_POINT('',(0.,0.,-17.5));
#1789 = DIRECTION('',(0.,0.,-1.));
#1790 = DIRECTION('',(-1.,0.,-0.));
#1791 = ADVANCED_FACE('',(#1792),#1815,.F.);
#1792 = FACE_BOUND('',#1793,.F.);
#1793 = EDGE_LOOP('',(#1794,#1795,#1802,#1810));
#1794 = ORIENTED_EDGE('',*,*,#1768,.F.);
#1795 = ORIENTED_EDGE('',*,*,#1796,.T.);
#1796 = EDGE_CURVE('',#1662,#1797,#1799,.T.);
#1797 = VERTEX_POINT('',#1798);
#1798 = CARTESIAN_POINT('',(-52.,0.,-117.5));
#1799 = B_SPLINE_CURVE_WITH_KNOTS('',1,(#1800,#1801),.UNSPECIFIED.,.F.,
  .F.,(2,2),(0.,1.),.PIECEWISE_BEZIER_KNOTS.);
#1800 = CARTESIAN_POINT('',(-21.,3.26924570183E-15,-105.5));
#1801 = CARTESIAN_POINT('',(-52.,0.,-117.5));
#1802 = ORIENTED_EDGE('',*,*,#1803,.F.);
#1803 = EDGE_CURVE('',#1804,#1797,#1806,.T.);
#1804 = VERTEX_POINT('',#1805);
#1805 = CARTESIAN_POINT('',(-52.,20.,-117.5));
#1806 = LINE('',#1807,#1808);
#1807 = CARTESIAN_POINT('',(-52.,20.,-117.5));
#1808 = VECTOR('',#1809,1.);
#1809 = DIRECTION('',(0.,-1.,0.));
#1810 = ORIENTED_EDGE('',*,*,#1811,.F.);
#1811 = EDGE_CURVE('',#1760,#1804,#1812,.T.);
#1812 = B_SPLINE_CURVE_WITH_KNOTS('',1,(#1813,#1814),.UNSPECIFIED.,.F.,
  .F.,(2,2),(0.,1.),.PIECEWISE_BEZIER_KNOTS.);
#1813 = CARTESIAN_POINT('',(-19.60025773026,7.538560665486,-105.5));
#1814 = CARTESIAN_POINT('',(-52.,20.,-117.5));
#1815 = B_SPLINE_SURFACE_WITH_KNOTS('',6,1,(
    (#1816,#1817)
    ,(#1818,#1819)
    ,(#1820,#1821)
    ,(#1822,#1823)
    ,(#1824,#1825)
    ,(#1826,#1827)
    ,(#1828,#1829
    )),.UNSPECIFIED.,.F.,.F.,.F.,(7,7),(2,2),(0.,20.),(0.,1.),
  .PIECEWISE_BEZIER_KNOTS.);
#1816 = CARTESIAN_POINT('',(-19.60025773026,7.538560665486,-105.5));
#1817 = CARTESIAN_POINT('',(-52.,20.,-117.5));
#1818 = CARTESIAN_POINT('',(-20.0615847671,6.339110369712,-105.5));
#1819 = CARTESIAN_POINT('',(-52.,16.666666666667,-117.5));
#1820 = CARTESIAN_POINT('',(-20.4348304464,5.105782654097,
    -105.4999999999));
#1821 = CARTESIAN_POINT('',(-52.,13.333333333333,-117.5));
#1822 = CARTESIAN_POINT('',(-20.71688507474,3.846662648633,-105.5));
#1823 = CARTESIAN_POINT('',(-52.,10.,-117.5));
#1824 = CARTESIAN_POINT('',(-20.90562836697,2.570216813056,
    -105.4999999999));
#1825 = CARTESIAN_POINT('',(-52.,6.666666666667,-117.5));
#1826 = CARTESIAN_POINT('',(-21.,1.285108418364,-105.5));
#1827 = CARTESIAN_POINT('',(-52.,3.333333333333,-117.5));
#1828 = CARTESIAN_POINT('',(-21.,3.26924570183E-15,-105.5));
#1829 = CARTESIAN_POINT('',(-52.,0.,-117.5));
#1830 = ADVANCED_FACE('',(#1831),#1849,.F.);
#1831 = FACE_BOUND('',#1832,.F.);
#1832 = EDGE_LOOP('',(#1833,#1834,#1835,#1844));
#1833 = ORIENTED_EDGE('',*,*,#1759,.F.);
#1834 = ORIENTED_EDGE('',*,*,#1811,.T.);
#1835 = ORIENTED_EDGE('',*,*,#1836,.F.);
#1836 = EDGE_CURVE('',#1837,#1804,#1839,.T.);
#1837 = VERTEX_POINT('',#1838);
#1838 = CARTESIAN_POINT('',(-28.,44.,-117.5));
#1839 = CIRCLE('',#1840,24.);
#1840 = AXIS2_PLACEMENT_3D('',#1841,#1842,#1843);
#1841 = CARTESIAN_POINT('',(-28.,20.,-117.5));
#1842 = DIRECTION('',(0.,0.,1.));
#1843 = DIRECTION('',(-5.921189464667E-16,1.,0.));
#1844 = ORIENTED_EDGE('',*,*,#1845,.F.);
#1845 = EDGE_CURVE('',#1751,#1837,#1846,.T.);
#1846 = B_SPLINE_CURVE_WITH_KNOTS('',1,(#1847,#1848),.UNSPECIFIED.,.F.,
  .F.,(2,2),(0.,1.),.PIECEWISE_BEZIER_KNOTS.);
#1847 = CARTESIAN_POINT('',(-11.27438533605,17.716891242374,-105.5));
#1848 = CARTESIAN_POINT('',(-28.,44.,-117.5));
#1849 = B_SPLINE_SURFACE_WITH_KNOTS('',8,1,(
    (#1850,#1851)
    ,(#1852,#1853)
    ,(#1854,#1855)
    ,(#1856,#1857)
    ,(#1858,#1859)
    ,(#1860,#1861)
    ,(#1862,#1863)
    ,(#1864,#1865)
    ,(#1866,#1867
    )),.UNSPECIFIED.,.F.,.F.,.F.,(9,9),(2,2),(0.,1.570796326795),(0.,1.)
  ,.PIECEWISE_BEZIER_KNOTS.);
#1850 = CARTESIAN_POINT('',(-11.27438533605,17.716891242374,-105.5));
#1851 = CARTESIAN_POINT('',(-28.,44.,-117.5));
#1852 = CARTESIAN_POINT('',(-12.68485644783,16.819318716699,-105.5));
#1853 = CARTESIAN_POINT('',(-32.71238898038,44.,-117.4999999999));
#1854 = CARTESIAN_POINT('',(-14.01366174618,15.793415280855,-105.5));
#1855 = CARTESIAN_POINT('',(-37.4247794441,42.942541064932,-117.5));
#1856 = CARTESIAN_POINT('',(-15.2471808553,14.647847548365,-105.5));
#1857 = CARTESIAN_POINT('',(-41.86031762404,40.827633580913,
    -117.4999999999));
#1858 = CARTESIAN_POINT('',(-16.37289251366,13.393022830525,-105.5));
#1859 = CARTESIAN_POINT('',(-45.74221013871,37.742210138719,-117.5));
#1860 = CARTESIAN_POINT('',(-17.37966117294,12.040902763011,-105.5));
#1861 = CARTESIAN_POINT('',(-48.82763358091,33.860317624041,
    -117.4999999999));
#1862 = CARTESIAN_POINT('',(-18.25797001771,10.604773104699,-105.5));
#1863 = CARTESIAN_POINT('',(-50.94254106493,29.424779444102,-117.5));
#1864 = CARTESIAN_POINT('',(-19.00010040595,9.098969708681,-105.5));
#1865 = CARTESIAN_POINT('',(-52.,24.712388980385,-117.5));
#1866 = CARTESIAN_POINT('',(-19.60025773026,7.538560665486,-105.5));
#1867 = CARTESIAN_POINT('',(-52.,20.,-117.5));
#1868 = ADVANCED_FACE('',(#1869),#1954,.F.);
#1869 = FACE_BOUND('',#1870,.F.);
#1870 = EDGE_LOOP('',(#1871,#1872,#1873,#1881,#1888,#1949));
#1871 = ORIENTED_EDGE('',*,*,#1750,.F.);
#1872 = ORIENTED_EDGE('',*,*,#1845,.T.);
#1873 = ORIENTED_EDGE('',*,*,#1874,.F.);
#1874 = EDGE_CURVE('',#1875,#1837,#1877,.T.);
#1875 = VERTEX_POINT('',#1876);
#1876 = CARTESIAN_POINT('',(7.105427357601E-15,44.,-117.5));
#1877 = LINE('',#1878,#1879);
#1878 = CARTESIAN_POINT('',(28.,44.,-117.5));
#1879 = VECTOR('',#1880,1.);
#1880 = DIRECTION('',(-1.,0.,0.));
#1881 = ORIENTED_EDGE('',*,*,#1882,.F.);
#1882 = EDGE_CURVE('',#1883,#1875,#1885,.T.);
#1883 = VERTEX_POINT('',#1884);
#1884 = CARTESIAN_POINT('',(5.946933766688E-15,36.5,-113.5869565217));
#1885 = B_SPLINE_CURVE_WITH_KNOTS('',1,(#1886,#1887),.UNSPECIFIED.,.F.,
  .F.,(2,2),(0.,1.),.PIECEWISE_BEZIER_KNOTS.);
#1886 = CARTESIAN_POINT('',(3.552713678801E-15,21.,-105.5));
#1887 = CARTESIAN_POINT('',(7.105427357601E-15,44.,-117.5));
#1888 = ORIENTED_EDGE('',*,*,#1889,.T.);
#1889 = EDGE_CURVE('',#1883,#1890,#1892,.T.);
#1890 = VERTEX_POINT('',#1891);
#1891 = CARTESIAN_POINT('',(5.174604706079E-15,31.5,-110.9782608695));
#1892 = B_SPLINE_CURVE_WITH_KNOTS('',7,(#1893,#1894,#1895,#1896,#1897,
    #1898,#1899,#1900,#1901,#1902,#1903,#1904,#1905,#1906,#1907,#1908,
    #1909,#1910,#1911,#1912,#1913,#1914,#1915,#1916,#1917,#1918,#1919,
    #1920,#1921,#1922,#1923,#1924,#1925,#1926,#1927,#1928,#1929,#1930,
    #1931,#1932,#1933,#1934,#1935,#1936,#1937,#1938,#1939,#1940,#1941,
    #1942,#1943,#1944,#1945,#1946,#1947,#1948),.UNSPECIFIED.,.F.,.F.,(8,
    6,6,6,6,6,6,6,6,8),(0.,0.215882220247,0.286653588733,0.374939145215,
    0.44033235556,0.540756515889,0.61109039814,0.70825917625,
    0.786778581007,1.),.UNSPECIFIED.);
#1893 = CARTESIAN_POINT('',(3.996802888651E-15,36.5,-113.5869565217));
#1894 = CARTESIAN_POINT('',(-0.22495646645,36.5,-113.5869565217));
#1895 = CARTESIAN_POINT('',(-0.449808147457,36.476384588645,
    -113.5747663311));
#1896 = CARTESIAN_POINT('',(-0.672458152604,36.42919013963,
    -113.5504047152));
#1897 = CARTESIAN_POINT('',(-0.890625133823,36.358382862314,
    -113.5138539847));
#1898 = CARTESIAN_POINT('',(-1.101854962083,36.264009550543,
    -113.4651376418));
#1899 = CARTESIAN_POINT('',(-1.303583168739,36.146268376874,
    -113.4043546472));
#1900 = CARTESIAN_POINT('',(-1.555155623841,35.958950589338,
    -113.3076324174));
#1901 = CARTESIAN_POINT('',(-1.615935598129,35.91020575626,
    -113.282461436));
#1902 = CARTESIAN_POINT('',(-1.675283199955,35.858969534778,
    -113.256002168));
#1903 = CARTESIAN_POINT('',(-1.733089642254,35.80525227596,
    -113.2282594129));
#1904 = CARTESIAN_POINT('',(-1.789239856873,35.74906816591,
    -113.1992398207));
#1905 = CARTESIAN_POINT('',(-1.843612906789,35.690435616114,
    -113.1689520653));
#1906 = CARTESIAN_POINT('',(-1.961536809629,35.553209334657,
    -113.0980553451));
#1907 = CARTESIAN_POINT('',(-2.024023776745,35.473272487982,
    -113.0567501189));
#1908 = CARTESIAN_POINT('',(-2.083302135542,35.389608470454,
    -113.0135107362));
#1909 = CARTESIAN_POINT('',(-2.139103123239,35.302283418901,
    -112.968368908));
#1910 = CARTESIAN_POINT('',(-2.191137049596,35.211393967201,
    -112.9213715758));
#1911 = CARTESIAN_POINT('',(-2.239099968079,35.117072963181,
    -112.872583825));
#1912 = CARTESIAN_POINT('',(-2.314960382415,34.94721921656,
    -112.7846922998));
#1913 = CARTESIAN_POINT('',(-2.344833890344,34.873160945549,
    -112.7463600914));
#1914 = CARTESIAN_POINT('',(-2.372173367758,34.797396138559,
    -112.707132659));
#1915 = CARTESIAN_POINT('',(-2.396846299287,34.720020295535,
    -112.6670574953));
#1916 = CARTESIAN_POINT('',(-2.418720520344,34.641151418674,
    -112.6261935999));
#1917 = CARTESIAN_POINT('',(-2.437669580228,34.560932780804,
    -112.5846129788));
#1918 = CARTESIAN_POINT('',(-2.478008780147,34.35453442716,
    -112.4775790861));
#1919 = CARTESIAN_POINT('',(-2.495282220975,34.226687458839,
    -112.4112352798));
#1920 = CARTESIAN_POINT('',(-2.504947356649,34.096713970695,
    -112.3437352332));
#1921 = CARTESIAN_POINT('',(-2.506671341302,33.965437003709,
    -112.2754974616));
#1922 = CARTESIAN_POINT('',(-2.500263589527,33.833784203173,
    -112.2069959644));
#1923 = CARTESIAN_POINT('',(-2.485731099957,33.702787499436,
    -112.1387616219));
#1924 = CARTESIAN_POINT('',(-2.44770061038,33.483090115854,
    -112.0241940286));
#1925 = CARTESIAN_POINT('',(-2.42818787909,33.393444757627,-111.97740774
    ));
#1926 = CARTESIAN_POINT('',(-2.404921631934,33.305025414245,
    -111.9312216681));
#1927 = CARTESIAN_POINT('',(-2.378048307047,33.218167677293,
    -111.8858109028));
#1928 = CARTESIAN_POINT('',(-2.347756671488,33.133165533373,
    -111.8413298527));
#1929 = CARTESIAN_POINT('',(-2.314268470697,33.050273932276,
    -111.7979134963));
#1930 = CARTESIAN_POINT('',(-2.227486751377,32.858411268652,
    -111.6973296552));
#1931 = CARTESIAN_POINT('',(-2.171505304245,32.751541694148,
    -111.6412279745));
#1932 = CARTESIAN_POINT('',(-2.110506655151,32.649621411327,
    -111.587651406));
#1933 = CARTESIAN_POINT('',(-2.045138640074,32.552947419755,
    -111.5367645141));
#1934 = CARTESIAN_POINT('',(-1.976016948694,32.46165846563,
    -111.4886502903));
#1935 = CARTESIAN_POINT('',(-1.90368898063,32.375780852439,
    -111.4433329783));
#1936 = CARTESIAN_POINT('',(-1.767958146754,32.230187060025,
    -111.3664158938));
#1937 = CARTESIAN_POINT('',(-1.705505524609,32.168612329513,
    -111.3338522065));
#1938 = CARTESIAN_POINT('',(-1.64149830928,32.110493187696,
    -111.3030856717));
#1939 = CARTESIAN_POINT('',(-1.576146553847,32.055771389277,
    -111.2740907218));
#1940 = CARTESIAN_POINT('',(-1.509632801194,32.004375096122,
    -111.2468343283));
#1941 = CARTESIAN_POINT('',(-1.44211107486,31.956224373402,
    -111.2212787944));
#1942 = CARTESIAN_POINT('',(-1.187949814871,31.789071488075,
    -111.1324991276));
#1943 = CARTESIAN_POINT('',(-0.995957087027,31.690411764144,
    -111.0799603866));
#1944 = CARTESIAN_POINT('',(-0.799883043703,31.613242210706,
    -111.0387844728));
#1945 = CARTESIAN_POINT('',(-0.601284653636,31.556363615625,
    -111.0083950938));
#1946 = CARTESIAN_POINT('',(-0.401326026846,31.518810652509,
    -110.9883178328));
#1947 = CARTESIAN_POINT('',(-0.200775352004,31.5,-110.9782608695));
#1948 = CARTESIAN_POINT('',(3.552713678801E-15,31.5,-110.9782608695));
#1949 = ORIENTED_EDGE('',*,*,#1950,.F.);
#1950 = EDGE_CURVE('',#1742,#1890,#1951,.T.);
#1951 = B_SPLINE_CURVE_WITH_KNOTS('',1,(#1952,#1953),.UNSPECIFIED.,.F.,
  .F.,(2,2),(0.,1.),.PIECEWISE_BEZIER_KNOTS.);
#1952 = CARTESIAN_POINT('',(3.552713678801E-15,21.,-105.5));
#1953 = CARTESIAN_POINT('',(7.105427357601E-15,44.,-117.5));
#1954 = B_SPLINE_SURFACE_WITH_KNOTS('',6,1,(
    (#1955,#1956)
    ,(#1957,#1958)
    ,(#1959,#1960)
    ,(#1961,#1962)
    ,(#1963,#1964)
    ,(#1965,#1966)
    ,(#1967,#1968
    )),.UNSPECIFIED.,.F.,.F.,.F.,(7,7),(2,2),(28.,56.),(0.,1.),
  .PIECEWISE_BEZIER_KNOTS.);
#1955 = CARTESIAN_POINT('',(2.6645352591E-15,21.,-105.5));
#1956 = CARTESIAN_POINT('',(7.105427357601E-15,44.,-117.5));
#1957 = CARTESIAN_POINT('',(-1.983552261332,21.,-105.5));
#1958 = CARTESIAN_POINT('',(-4.666666666667,44.,-117.5));
#1959 = CARTESIAN_POINT('',(-3.967104038894,20.77517272192,
    -105.4999999999));
#1960 = CARTESIAN_POINT('',(-9.333333333333,44.,-117.5));
#1961 = CARTESIAN_POINT('',(-5.918804613814,20.325517328652,-105.5));
#1962 = CARTESIAN_POINT('',(-14.,44.,-117.5));
#1963 = CARTESIAN_POINT('',(-7.806788185038,19.657054059929,-105.5));
#1964 = CARTESIAN_POINT('',(-18.66666666666,44.,-117.5));
#1965 = CARTESIAN_POINT('',(-9.600938684266,18.781811838968,-105.5));
#1966 = CARTESIAN_POINT('',(-23.33333333333,44.,-117.5));
#1967 = CARTESIAN_POINT('',(-11.27438533605,17.716891242374,-105.5));
#1968 = CARTESIAN_POINT('',(-28.,44.,-117.5));
#1969 = ADVANCED_FACE('',(#1970),#2052,.F.);
#1970 = FACE_BOUND('',#1971,.F.);
#1971 = EDGE_LOOP('',(#1972,#1973,#1974,#2009,#2038,#2039,#2047));
#1972 = ORIENTED_EDGE('',*,*,#1741,.F.);
#1973 = ORIENTED_EDGE('',*,*,#1950,.T.);
#1974 = ORIENTED_EDGE('',*,*,#1975,.T.);
#1975 = EDGE_CURVE('',#1890,#1976,#1978,.T.);
#1976 = VERTEX_POINT('',#1977);
#1977 = CARTESIAN_POINT('',(2.5,34.,-112.2934126179));
#1978 = B_SPLINE_CURVE_WITH_KNOTS('',8,(#1979,#1980,#1981,#1982,#1983,
    #1984,#1985,#1986,#1987,#1988,#1989,#1990,#1991,#1992,#1993,#1994,
    #1995,#1996,#1997,#1998,#1999,#2000,#2001,#2002,#2003,#2004,#2005,
    #2006,#2007,#2008),.UNSPECIFIED.,.F.,.F.,(9,7,7,7,9),(0.,
    0.423580270794,0.579207885549,0.769660882854,1.),.UNSPECIFIED.);
#1979 = CARTESIAN_POINT('',(3.398247866679E-15,31.5,-110.9782608695));
#1980 = CARTESIAN_POINT('',(0.176615946514,31.5,-110.9782608695));
#1981 = CARTESIAN_POINT('',(0.353057928144,31.514259827103,
    -110.9858847559));
#1982 = CARTESIAN_POINT('',(0.529098131963,31.542729720662,
    -111.0011059369));
#1983 = CARTESIAN_POINT('',(0.704295172068,31.585715080761,
    -111.0240771773));
#1984 = CARTESIAN_POINT('',(0.878014371216,31.643709779527,
    -111.0550418537));
#1985 = CARTESIAN_POINT('',(1.049407682134,31.71741519526,
    -111.0943419784));
#1986 = CARTESIAN_POINT('',(1.217405076171,31.807682428822,
    -111.142387751));
#1987 = CARTESIAN_POINT('',(1.440595141059,31.955529407004,
    -111.220908161));
#1988 = CARTESIAN_POINT('',(1.499890351416,31.997645496737,
    -111.2432614465));
#1989 = CARTESIAN_POINT('',(1.558432454899,32.04220469248,-111.266895292
    ));
#1990 = CARTESIAN_POINT('',(1.616127083121,32.089257637403,
    -111.2918336402));
#1991 = CARTESIAN_POINT('',(1.672865192338,32.138851390756,
    -111.3180983299));
#1992 = CARTESIAN_POINT('',(1.728523473336,32.191027284917,
    -111.3457080075));
#1993 = CARTESIAN_POINT('',(1.782964761319,32.245818782443,
    -111.374677038));
#1994 = CARTESIAN_POINT('',(1.900988630266,32.37353133629,
    -111.4421405046));
#1995 = CARTESIAN_POINT('',(1.963891897824,32.447766646632,
    -111.4813163977));
#1996 = CARTESIAN_POINT('',(2.024461776861,32.525987882597,
    -111.522553141));
#1997 = CARTESIAN_POINT('',(2.082372166385,32.608186061199,
    -111.5658397144));
#1998 = CARTESIAN_POINT('',(2.137262613959,32.694300381892,
    -111.6111379561));
#1999 = CARTESIAN_POINT('',(2.18874889309,32.784203769155,
    -111.6583753638));
#2000 = CARTESIAN_POINT('',(2.236438880093,32.877684173776,
    -111.7074357766));
#2001 = CARTESIAN_POINT('',(2.3325817927,33.091418588688,-111.819480618)
  );
#2002 = CARTESIAN_POINT('',(2.379158947765,33.213303507595,
    -111.8832942487));
#2003 = CARTESIAN_POINT('',(2.418908110775,33.339338843046,
    -111.9491956016));
#2004 = CARTESIAN_POINT('',(2.451221982109,33.468697341685,
    -112.0167482957));
#2005 = CARTESIAN_POINT('',(2.475656566237,33.600468942009,
    -112.0854768067));
#2006 = CARTESIAN_POINT('',(2.491940472813,33.733665369901,
    -112.1548688195));
#2007 = CARTESIAN_POINT('',(2.5,33.867222431014,-112.2243759187));
#2008 = CARTESIAN_POINT('',(2.5,34.,-112.2934126179));
#2009 = ORIENTED_EDGE('',*,*,#2010,.T.);
#2010 = EDGE_CURVE('',#1976,#1883,#2011,.T.);
#2011 = B_SPLINE_CURVE_WITH_KNOTS('',7,(#2012,#2013,#2014,#2015,#2016,
    #2017,#2018,#2019,#2020,#2021,#2022,#2023,#2024,#2025,#2026,#2027,
    #2028,#2029,#2030,#2031,#2032,#2033,#2034,#2035,#2036,#2037),
  .UNSPECIFIED.,.F.,.F.,(8,6,6,6,8),(0.,0.263074927197,0.436054797229,
    0.577608075458,1.),.UNSPECIFIED.);
#2012 = CARTESIAN_POINT('',(2.5,34.,-112.2934126179));
#2013 = CARTESIAN_POINT('',(2.5,34.169169785615,-112.3813711768));
#2014 = CARTESIAN_POINT('',(2.486644576261,34.337222566618,
    -112.4686410763));
#2015 = CARTESIAN_POINT('',(2.460252436061,34.502062485497,
    -112.5541484741));
#2016 = CARTESIAN_POINT('',(2.421676344509,34.662118549727,
    -112.6370986481));
#2017 = CARTESIAN_POINT('',(2.371940051969,34.816210099397,
    -112.7168985184));
#2018 = CARTESIAN_POINT('',(2.312138685411,34.963506433393,
    -112.7931337755));
#2019 = CARTESIAN_POINT('',(2.198021023841,35.195500963194,
    -112.9131479809));
#2020 = CARTESIAN_POINT('',(2.148830188752,35.284381670116,
    -112.9591114242));
#2021 = CARTESIAN_POINT('',(2.095995040183,35.369977363135,
    -113.0033632194));
#2022 = CARTESIAN_POINT('',(2.039783573648,35.45218479954,
    -113.0458530007));
#2023 = CARTESIAN_POINT('',(1.980450239373,35.530928423866,
    -113.0865442168));
#2024 = CARTESIAN_POINT('',(1.918231249684,35.606156174709,
    -113.1254120112));
#2025 = CARTESIAN_POINT('',(1.800237839295,35.736491908441,
    -113.1927428328));
#2026 = CARTESIAN_POINT('',(1.745349202708,35.792768919988,
    -113.2218115919));
#2027 = CARTESIAN_POINT('',(1.688792714609,35.846646882255,
    -113.2496382405));
#2028 = CARTESIAN_POINT('',(1.630682088234,35.898110166348,
    -113.2762154427));
#2029 = CARTESIAN_POINT('',(1.571125685415,35.947146661284,
    -113.3015375381));
#2030 = CARTESIAN_POINT('',(1.510226189929,35.993747476873,
    -113.3256004132));
#2031 = CARTESIAN_POINT('',(1.262638230553,36.169676655154,
    -113.4164389437));
#2032 = CARTESIAN_POINT('',(1.066191069213,36.279639926031,
    -113.4732061739));
#2033 = CARTESIAN_POINT('',(0.861197184708,36.367761700626,
    -113.5186953409));
#2034 = CARTESIAN_POINT('',(0.64995253659,36.433879152275,
    -113.5528251686));
#2035 = CARTESIAN_POINT('',(0.434658189903,36.47794996238,
    -113.5755743711));
#2036 = CARTESIAN_POINT('',(0.217372497599,36.5,-113.5869565217));
#2037 = CARTESIAN_POINT('',(4.170576927288E-15,36.5,-113.5869565217));
#2038 = ORIENTED_EDGE('',*,*,#1882,.T.);
#2039 = ORIENTED_EDGE('',*,*,#2040,.F.);
#2040 = EDGE_CURVE('',#2041,#1875,#2043,.T.);
#2041 = VERTEX_POINT('',#2042);
#2042 = CARTESIAN_POINT('',(28.,44.,-117.5));
#2043 = LINE('',#2044,#2045);
#2044 = CARTESIAN_POINT('',(28.,44.,-117.5));
#2045 = VECTOR('',#2046,1.);
#2046 = DIRECTION('',(-1.,0.,0.));
#2047 = ORIENTED_EDGE('',*,*,#2048,.F.);
#2048 = EDGE_CURVE('',#1733,#2041,#2049,.T.);
#2049 = B_SPLINE_CURVE_WITH_KNOTS('',1,(#2050,#2051),.UNSPECIFIED.,.F.,
  .F.,(2,2),(0.,1.),.PIECEWISE_BEZIER_KNOTS.);
#2050 = CARTESIAN_POINT('',(11.274385336056,17.716891242374,-105.5));
#2051 = CARTESIAN_POINT('',(28.,44.,-117.5));
#2052 = B_SPLINE_SURFACE_WITH_KNOTS('',6,1,(
    (#2053,#2054)
    ,(#2055,#2056)
    ,(#2057,#2058)
    ,(#2059,#2060)
    ,(#2061,#2062)
    ,(#2063,#2064)
    ,(#2065,#2066
    )),.UNSPECIFIED.,.F.,.F.,.F.,(7,7),(2,2),(0.,28.),(0.,1.),
  .PIECEWISE_BEZIER_KNOTS.);
#2053 = CARTESIAN_POINT('',(11.274385336056,17.716891242374,-105.5));
#2054 = CARTESIAN_POINT('',(28.,44.,-117.5));
#2055 = CARTESIAN_POINT('',(9.600938684266,18.781811838968,-105.5));
#2056 = CARTESIAN_POINT('',(23.333333333333,44.,-117.5));
#2057 = CARTESIAN_POINT('',(7.806788185038,19.657054059929,
    -105.4999999999));
#2058 = CARTESIAN_POINT('',(18.666666666667,44.,-117.5));
#2059 = CARTESIAN_POINT('',(5.918804613814,20.325517328652,-105.5));
#2060 = CARTESIAN_POINT('',(14.,44.,-117.5));
#2061 = CARTESIAN_POINT('',(3.967104038894,20.77517272192,
    -105.4999999999));
#2062 = CARTESIAN_POINT('',(9.333333333333,44.,-117.5));
#2063 = CARTESIAN_POINT('',(1.983552261332,21.,-105.5));
#2064 = CARTESIAN_POINT('',(4.666666666667,44.,-117.5));
#2065 = CARTESIAN_POINT('',(3.552713678801E-15,21.,-105.5));
#2066 = CARTESIAN_POINT('',(7.105427357601E-15,44.,-117.5));
#2067 = ADVANCED_FACE('',(#2068),#2086,.F.);
#2068 = FACE_BOUND('',#2069,.F.);
#2069 = EDGE_LOOP('',(#2070,#2071,#2072,#2081));
#2070 = ORIENTED_EDGE('',*,*,#1732,.F.);
#2071 = ORIENTED_EDGE('',*,*,#2048,.T.);
#2072 = ORIENTED_EDGE('',*,*,#2073,.F.);
#2073 = EDGE_CURVE('',#2074,#2041,#2076,.T.);
#2074 = VERTEX_POINT('',#2075);
#2075 = CARTESIAN_POINT('',(52.,20.,-117.5));
#2076 = CIRCLE('',#2077,24.);
#2077 = AXIS2_PLACEMENT_3D('',#2078,#2079,#2080);
#2078 = CARTESIAN_POINT('',(28.,20.,-117.5));
#2079 = DIRECTION('',(0.,0.,1.));
#2080 = DIRECTION('',(1.,7.401486830834E-16,-0.));
#2081 = ORIENTED_EDGE('',*,*,#2082,.F.);
#2082 = EDGE_CURVE('',#1724,#2074,#2083,.T.);
#2083 = B_SPLINE_CURVE_WITH_KNOTS('',1,(#2084,#2085),.UNSPECIFIED.,.F.,
  .F.,(2,2),(0.,1.),.PIECEWISE_BEZIER_KNOTS.);
#2084 = CARTESIAN_POINT('',(19.600257730264,7.538560665486,-105.5));
#2085 = CARTESIAN_POINT('',(52.,20.,-117.5));
#2086 = B_SPLINE_SURFACE_WITH_KNOTS('',8,1,(
    (#2087,#2088)
    ,(#2089,#2090)
    ,(#2091,#2092)
    ,(#2093,#2094)
    ,(#2095,#2096)
    ,(#2097,#2098)
    ,(#2099,#2100)
    ,(#2101,#2102)
    ,(#2103,#2104
    )),.UNSPECIFIED.,.F.,.F.,.F.,(9,9),(2,2),(0.,1.570796326795),(0.,1.)
  ,.PIECEWISE_BEZIER_KNOTS.);
#2087 = CARTESIAN_POINT('',(19.600257730264,7.538560665486,-105.5));
#2088 = CARTESIAN_POINT('',(52.,20.,-117.5));
#2089 = CARTESIAN_POINT('',(19.000100405959,9.098969708681,-105.5));
#2090 = CARTESIAN_POINT('',(52.,24.712388980384,-117.5));
#2091 = CARTESIAN_POINT('',(18.257970017718,10.604773104699,-105.5));
#2092 = CARTESIAN_POINT('',(50.942541064931,29.424779444102,-117.5));
#2093 = CARTESIAN_POINT('',(17.379661172944,12.040902763011,-105.5));
#2094 = CARTESIAN_POINT('',(48.827633580914,33.86031762404,-117.5));
#2095 = CARTESIAN_POINT('',(16.372892513669,13.393022830525,-105.5));
#2096 = CARTESIAN_POINT('',(45.742210138717,37.742210138719,-117.5));
#2097 = CARTESIAN_POINT('',(15.247180855308,14.647847548365,-105.5));
#2098 = CARTESIAN_POINT('',(41.860317624042,40.827633580913,-117.5));
#2099 = CARTESIAN_POINT('',(14.013661746185,15.793415280855,-105.5));
#2100 = CARTESIAN_POINT('',(37.424779444101,42.942541064932,-117.5));
#2101 = CARTESIAN_POINT('',(12.684856447832,16.819318716699,-105.5));
#2102 = CARTESIAN_POINT('',(32.712388980385,44.,-117.5));
#2103 = CARTESIAN_POINT('',(11.274385336056,17.716891242374,-105.5));
#2104 = CARTESIAN_POINT('',(28.,44.,-117.5));
#2105 = ADVANCED_FACE('',(#2106),#2123,.F.);
#2106 = FACE_BOUND('',#2107,.F.);
#2107 = EDGE_LOOP('',(#2108,#2109,#2110,#2118));
#2108 = ORIENTED_EDGE('',*,*,#1723,.F.);
#2109 = ORIENTED_EDGE('',*,*,#2082,.T.);
#2110 = ORIENTED_EDGE('',*,*,#2111,.F.);
#2111 = EDGE_CURVE('',#2112,#2074,#2114,.T.);
#2112 = VERTEX_POINT('',#2113);
#2113 = CARTESIAN_POINT('',(52.,-1.42108547152E-14,-117.5));
#2114 = LINE('',#2115,#2116);
#2115 = CARTESIAN_POINT('',(52.,-20.,-117.5));
#2116 = VECTOR('',#2117,1.);
#2117 = DIRECTION('',(0.,1.,0.));
#2118 = ORIENTED_EDGE('',*,*,#2119,.F.);
#2119 = EDGE_CURVE('',#1715,#2112,#2120,.T.);
#2120 = B_SPLINE_CURVE_WITH_KNOTS('',1,(#2121,#2122),.UNSPECIFIED.,.F.,
  .F.,(2,2),(0.,1.),.PIECEWISE_BEZIER_KNOTS.);
#2121 = CARTESIAN_POINT('',(21.,0.,-105.5));
#2122 = CARTESIAN_POINT('',(52.,-1.42108547152E-14,-117.5));
#2123 = B_SPLINE_SURFACE_WITH_KNOTS('',6,1,(
    (#2124,#2125)
    ,(#2126,#2127)
    ,(#2128,#2129)
    ,(#2130,#2131)
    ,(#2132,#2133)
    ,(#2134,#2135)
    ,(#2136,#2137
    )),.UNSPECIFIED.,.F.,.F.,.F.,(7,7),(2,2),(20.,40.),(0.,1.),
  .PIECEWISE_BEZIER_KNOTS.);
#2124 = CARTESIAN_POINT('',(21.,0.,-105.5));
#2125 = CARTESIAN_POINT('',(52.,-1.42108547152E-14,-117.5));
#2126 = CARTESIAN_POINT('',(21.,1.285108418364,-105.5));
#2127 = CARTESIAN_POINT('',(52.,3.333333333333,-117.5));
#2128 = CARTESIAN_POINT('',(20.905628366979,2.570216813056,
    -105.4999999999));
#2129 = CARTESIAN_POINT('',(52.,6.666666666667,-117.5));
#2130 = CARTESIAN_POINT('',(20.716885074746,3.846662648633,-105.5));
#2131 = CARTESIAN_POINT('',(52.,10.,-117.5));
#2132 = CARTESIAN_POINT('',(20.434830446408,5.105782654097,-105.5));
#2133 = CARTESIAN_POINT('',(52.,13.333333333333,-117.5));
#2134 = CARTESIAN_POINT('',(20.061584767101,6.339110369712,-105.5));
#2135 = CARTESIAN_POINT('',(52.,16.666666666667,-117.5));
#2136 = CARTESIAN_POINT('',(19.600257730264,7.538560665486,-105.5));
#2137 = CARTESIAN_POINT('',(52.,20.,-117.5));
#2138 = ADVANCED_FACE('',(#2139),#2156,.F.);
#2139 = FACE_BOUND('',#2140,.F.);
#2140 = EDGE_LOOP('',(#2141,#2142,#2143,#2151));
#2141 = ORIENTED_EDGE('',*,*,#1714,.F.);
#2142 = ORIENTED_EDGE('',*,*,#2119,.T.);
#2143 = ORIENTED_EDGE('',*,*,#2144,.F.);
#2144 = EDGE_CURVE('',#2145,#2112,#2147,.T.);
#2145 = VERTEX_POINT('',#2146);
#2146 = CARTESIAN_POINT('',(52.,-20.,-117.5));
#2147 = LINE('',#2148,#2149);
#2148 = CARTESIAN_POINT('',(52.,-20.,-117.5));
#2149 = VECTOR('',#2150,1.);
#2150 = DIRECTION('',(0.,1.,0.));
#2151 = ORIENTED_EDGE('',*,*,#2152,.F.);
#2152 = EDGE_CURVE('',#1706,#2145,#2153,.T.);
#2153 = B_SPLINE_CURVE_WITH_KNOTS('',1,(#2154,#2155),.UNSPECIFIED.,.F.,
  .F.,(2,2),(0.,1.),.PIECEWISE_BEZIER_KNOTS.);
#2154 = CARTESIAN_POINT('',(19.600257730264,-7.538560665486,-105.5));
#2155 = CARTESIAN_POINT('',(52.,-20.,-117.5));
#2156 = B_SPLINE_SURFACE_WITH_KNOTS('',6,1,(
    (#2157,#2158)
    ,(#2159,#2160)
    ,(#2161,#2162)
    ,(#2163,#2164)
    ,(#2165,#2166)
    ,(#2167,#2168)
    ,(#2169,#2170
    )),.UNSPECIFIED.,.F.,.F.,.F.,(7,7),(2,2),(0.,20.),(0.,1.),
  .PIECEWISE_BEZIER_KNOTS.);
#2157 = CARTESIAN_POINT('',(19.600257730264,-7.538560665486,-105.5));
#2158 = CARTESIAN_POINT('',(52.,-20.,-117.5));
#2159 = CARTESIAN_POINT('',(20.061584767101,-6.339110369712,-105.5));
#2160 = CARTESIAN_POINT('',(52.,-16.66666666666,-117.5));
#2161 = CARTESIAN_POINT('',(20.434830446408,-5.105782654097,
    -105.4999999999));
#2162 = CARTESIAN_POINT('',(52.,-13.33333333333,-117.5));
#2163 = CARTESIAN_POINT('',(20.716885074746,-3.846662648633,-105.5));
#2164 = CARTESIAN_POINT('',(52.,-10.,-117.5));
#2165 = CARTESIAN_POINT('',(20.905628366978,-2.570216813056,
    -105.4999999999));
#2166 = CARTESIAN_POINT('',(52.,-6.666666666667,-117.5));
#2167 = CARTESIAN_POINT('',(21.,-1.285108418364,-105.5));
#2168 = CARTESIAN_POINT('',(52.,-3.333333333333,-117.5));
#2169 = CARTESIAN_POINT('',(21.,-6.661338147751E-15,-105.5));
#2170 = CARTESIAN_POINT('',(52.,-1.42108547152E-14,-117.5));
#2171 = ADVANCED_FACE('',(#2172),#2190,.F.);
#2172 = FACE_BOUND('',#2173,.F.);
#2173 = EDGE_LOOP('',(#2174,#2175,#2176,#2185));
#2174 = ORIENTED_EDGE('',*,*,#1705,.F.);
#2175 = ORIENTED_EDGE('',*,*,#2152,.T.);
#2176 = ORIENTED_EDGE('',*,*,#2177,.F.);
#2177 = EDGE_CURVE('',#2178,#2145,#2180,.T.);
#2178 = VERTEX_POINT('',#2179);
#2179 = CARTESIAN_POINT('',(28.,-44.,-117.5));
#2180 = CIRCLE('',#2181,24.);
#2181 = AXIS2_PLACEMENT_3D('',#2182,#2183,#2184);
#2182 = CARTESIAN_POINT('',(28.,-20.,-117.5));
#2183 = DIRECTION('',(0.,0.,1.));
#2184 = DIRECTION('',(8.881784197001E-16,-1.,0.));
#2185 = ORIENTED_EDGE('',*,*,#2186,.F.);
#2186 = EDGE_CURVE('',#1697,#2178,#2187,.T.);
#2187 = B_SPLINE_CURVE_WITH_KNOTS('',1,(#2188,#2189),.UNSPECIFIED.,.F.,
  .F.,(2,2),(0.,1.),.PIECEWISE_BEZIER_KNOTS.);
#2188 = CARTESIAN_POINT('',(11.274385336056,-17.71689124237,-105.5));
#2189 = CARTESIAN_POINT('',(28.,-44.,-117.5));
#2190 = B_SPLINE_SURFACE_WITH_KNOTS('',8,1,(
    (#2191,#2192)
    ,(#2193,#2194)
    ,(#2195,#2196)
    ,(#2197,#2198)
    ,(#2199,#2200)
    ,(#2201,#2202)
    ,(#2203,#2204)
    ,(#2205,#2206)
    ,(#2207,#2208
    )),.UNSPECIFIED.,.F.,.F.,.F.,(9,9),(2,2),(0.,1.570796326795),(0.,1.)
  ,.PIECEWISE_BEZIER_KNOTS.);
#2191 = CARTESIAN_POINT('',(11.274385336056,-17.71689124237,-105.5));
#2192 = CARTESIAN_POINT('',(28.,-44.,-117.5));
#2193 = CARTESIAN_POINT('',(12.684856447832,-16.81931871669,-105.5));
#2194 = CARTESIAN_POINT('',(32.712388980385,-44.,-117.5));
#2195 = CARTESIAN_POINT('',(14.013661746186,-15.79341528085,-105.5));
#2196 = CARTESIAN_POINT('',(37.424779444101,-42.94254106493,-117.5));
#2197 = CARTESIAN_POINT('',(15.247180855308,-14.64784754836,-105.5));
#2198 = CARTESIAN_POINT('',(41.860317624042,-40.82763358091,-117.5));
#2199 = CARTESIAN_POINT('',(16.372892513669,-13.39302283052,-105.5));
#2200 = CARTESIAN_POINT('',(45.742210138717,-37.74221013871,-117.5));
#2201 = CARTESIAN_POINT('',(17.379661172944,-12.04090276301,-105.5));
#2202 = CARTESIAN_POINT('',(48.827633580915,-33.86031762404,-117.5));
#2203 = CARTESIAN_POINT('',(18.257970017718,-10.60477310469,-105.5));
#2204 = CARTESIAN_POINT('',(50.942541064931,-29.4247794441,-117.5));
#2205 = CARTESIAN_POINT('',(19.000100405959,-9.098969708681,-105.5));
#2206 = CARTESIAN_POINT('',(52.,-24.71238898038,-117.5));
#2207 = CARTESIAN_POINT('',(19.600257730264,-7.538560665486,-105.5));
#2208 = CARTESIAN_POINT('',(52.,-20.,-117.5));
#2209 = ADVANCED_FACE('',(#2210),#2227,.F.);
#2210 = FACE_BOUND('',#2211,.F.);
#2211 = EDGE_LOOP('',(#2212,#2213,#2214,#2222));
#2212 = ORIENTED_EDGE('',*,*,#1696,.F.);
#2213 = ORIENTED_EDGE('',*,*,#2186,.T.);
#2214 = ORIENTED_EDGE('',*,*,#2215,.F.);
#2215 = EDGE_CURVE('',#2216,#2178,#2218,.T.);
#2216 = VERTEX_POINT('',#2217);
#2217 = CARTESIAN_POINT('',(-3.552713678801E-15,-44.,-117.5));
#2218 = LINE('',#2219,#2220);
#2219 = CARTESIAN_POINT('',(-28.,-44.,-117.5));
#2220 = VECTOR('',#2221,1.);
#2221 = DIRECTION('',(1.,0.,0.));
#2222 = ORIENTED_EDGE('',*,*,#2223,.F.);
#2223 = EDGE_CURVE('',#1688,#2216,#2224,.T.);
#2224 = B_SPLINE_CURVE_WITH_KNOTS('',1,(#2225,#2226),.UNSPECIFIED.,.F.,
  .F.,(2,2),(0.,1.),.PIECEWISE_BEZIER_KNOTS.);
#2225 = CARTESIAN_POINT('',(-2.708360838713E-15,-21.,-105.5));
#2226 = CARTESIAN_POINT('',(-3.552713678801E-15,-44.,-117.5));
#2227 = B_SPLINE_SURFACE_WITH_KNOTS('',6,1,(
    (#2228,#2229)
    ,(#2230,#2231)
    ,(#2232,#2233)
    ,(#2234,#2235)
    ,(#2236,#2237)
    ,(#2238,#2239)
    ,(#2240,#2241
    )),.UNSPECIFIED.,.F.,.F.,.F.,(7,7),(2,2),(28.,56.),(0.,1.),
  .PIECEWISE_BEZIER_KNOTS.);
#2228 = CARTESIAN_POINT('',(-3.552713678801E-15,-21.,-105.5));
#2229 = CARTESIAN_POINT('',(-3.552713678801E-15,-44.,-117.5));
#2230 = CARTESIAN_POINT('',(1.983552261332,-21.,-105.5));
#2231 = CARTESIAN_POINT('',(4.666666666667,-44.,-117.5));
#2232 = CARTESIAN_POINT('',(3.967104038894,-20.77517272192,
    -105.4999999999));
#2233 = CARTESIAN_POINT('',(9.333333333333,-44.,-117.5));
#2234 = CARTESIAN_POINT('',(5.918804613814,-20.32551732865,-105.5));
#2235 = CARTESIAN_POINT('',(14.,-44.,-117.5));
#2236 = CARTESIAN_POINT('',(7.806788185038,-19.65705405992,
    -105.4999999999));
#2237 = CARTESIAN_POINT('',(18.666666666667,-44.,-117.5));
#2238 = CARTESIAN_POINT('',(9.600938684266,-18.78181183896,-105.5));
#2239 = CARTESIAN_POINT('',(23.333333333333,-44.,-117.5));
#2240 = CARTESIAN_POINT('',(11.274385336056,-17.71689124237,-105.5));
#2241 = CARTESIAN_POINT('',(28.,-44.,-117.5));
#2242 = ADVANCED_FACE('',(#2243),#2260,.F.);
#2243 = FACE_BOUND('',#2244,.F.);
#2244 = EDGE_LOOP('',(#2245,#2246,#2247,#2255));
#2245 = ORIENTED_EDGE('',*,*,#1687,.F.);
#2246 = ORIENTED_EDGE('',*,*,#2223,.T.);
#2247 = ORIENTED_EDGE('',*,*,#2248,.F.);
#2248 = EDGE_CURVE('',#2249,#2216,#2251,.T.);
#2249 = VERTEX_POINT('',#2250);
#2250 = CARTESIAN_POINT('',(-28.,-44.,-117.5));
#2251 = LINE('',#2252,#2253);
#2252 = CARTESIAN_POINT('',(-28.,-44.,-117.5));
#2253 = VECTOR('',#2254,1.);
#2254 = DIRECTION('',(1.,0.,0.));
#2255 = ORIENTED_EDGE('',*,*,#2256,.F.);
#2256 = EDGE_CURVE('',#1679,#2249,#2257,.T.);
#2257 = B_SPLINE_CURVE_WITH_KNOTS('',1,(#2258,#2259),.UNSPECIFIED.,.F.,
  .F.,(2,2),(0.,1.),.PIECEWISE_BEZIER_KNOTS.);
#2258 = CARTESIAN_POINT('',(-11.27438533605,-17.71689124237,-105.5));
#2259 = CARTESIAN_POINT('',(-28.,-44.,-117.5));
#2260 = B_SPLINE_SURFACE_WITH_KNOTS('',6,1,(
    (#2261,#2262)
    ,(#2263,#2264)
    ,(#2265,#2266)
    ,(#2267,#2268)
    ,(#2269,#2270)
    ,(#2271,#2272)
    ,(#2273,#2274
    )),.UNSPECIFIED.,.F.,.F.,.F.,(7,7),(2,2),(0.,28.),(0.,1.),
  .PIECEWISE_BEZIER_KNOTS.);
#2261 = CARTESIAN_POINT('',(-11.27438533605,-17.71689124237,-105.5));
#2262 = CARTESIAN_POINT('',(-28.,-44.,-117.5));
#2263 = CARTESIAN_POINT('',(-9.600938684266,-18.78181183896,-105.5));
#2264 = CARTESIAN_POINT('',(-23.33333333333,-44.,-117.5));
#2265 = CARTESIAN_POINT('',(-7.806788185038,-19.65705405993,-105.5));
#2266 = CARTESIAN_POINT('',(-18.66666666666,-44.,-117.5));
#2267 = CARTESIAN_POINT('',(-5.918804613814,-20.32551732865,-105.5));
#2268 = CARTESIAN_POINT('',(-14.,-44.,-117.5));
#2269 = CARTESIAN_POINT('',(-3.967104038894,-20.77517272192,-105.5));
#2270 = CARTESIAN_POINT('',(-9.333333333333,-44.,-117.5));
#2271 = CARTESIAN_POINT('',(-1.983552261332,-21.,-105.5));
#2272 = CARTESIAN_POINT('',(-4.666666666667,-44.,-117.5));
#2273 = CARTESIAN_POINT('',(-2.708360838713E-15,-21.,-105.5));
#2274 = CARTESIAN_POINT('',(-3.552713678801E-15,-44.,-117.5));
#2275 = ADVANCED_FACE('',(#2276),#2294,.F.);
#2276 = FACE_BOUND('',#2277,.F.);
#2277 = EDGE_LOOP('',(#2278,#2279,#2280,#2289));
#2278 = ORIENTED_EDGE('',*,*,#1678,.F.);
#2279 = ORIENTED_EDGE('',*,*,#2256,.T.);
#2280 = ORIENTED_EDGE('',*,*,#2281,.F.);
#2281 = EDGE_CURVE('',#2282,#2249,#2284,.T.);
#2282 = VERTEX_POINT('',#2283);
#2283 = CARTESIAN_POINT('',(-52.,-20.,-117.5));
#2284 = CIRCLE('',#2285,24.);
#2285 = AXIS2_PLACEMENT_3D('',#2286,#2287,#2288);
#2286 = CARTESIAN_POINT('',(-28.,-20.,-117.5));
#2287 = DIRECTION('',(0.,0.,1.));
#2288 = DIRECTION('',(-1.,-1.480297366167E-16,0.));
#2289 = ORIENTED_EDGE('',*,*,#2290,.F.);
#2290 = EDGE_CURVE('',#1670,#2282,#2291,.T.);
#2291 = B_SPLINE_CURVE_WITH_KNOTS('',1,(#2292,#2293),.UNSPECIFIED.,.F.,
  .F.,(2,2),(0.,1.),.PIECEWISE_BEZIER_KNOTS.);
#2292 = CARTESIAN_POINT('',(-19.60025773026,-7.538560665486,-105.5));
#2293 = CARTESIAN_POINT('',(-52.,-20.,-117.5));
#2294 = B_SPLINE_SURFACE_WITH_KNOTS('',8,1,(
    (#2295,#2296)
    ,(#2297,#2298)
    ,(#2299,#2300)
    ,(#2301,#2302)
    ,(#2303,#2304)
    ,(#2305,#2306)
    ,(#2307,#2308)
    ,(#2309,#2310)
    ,(#2311,#2312
    )),.UNSPECIFIED.,.F.,.F.,.F.,(9,9),(2,2),(0.,1.570796326795),(0.,1.)
  ,.PIECEWISE_BEZIER_KNOTS.);
#2295 = CARTESIAN_POINT('',(-19.60025773026,-7.538560665486,-105.5));
#2296 = CARTESIAN_POINT('',(-52.,-20.,-117.5));
#2297 = CARTESIAN_POINT('',(-19.00010040595,-9.098969708681,-105.5));
#2298 = CARTESIAN_POINT('',(-52.,-24.71238898038,-117.5));
#2299 = CARTESIAN_POINT('',(-18.25797001771,-10.60477310469,-105.5));
#2300 = CARTESIAN_POINT('',(-50.94254106493,-29.4247794441,
    -117.4999999999));
#2301 = CARTESIAN_POINT('',(-17.37966117294,-12.04090276301,-105.5));
#2302 = CARTESIAN_POINT('',(-48.82763358091,-33.86031762404,-117.5));
#2303 = CARTESIAN_POINT('',(-16.37289251366,-13.39302283052,-105.5));
#2304 = CARTESIAN_POINT('',(-45.74221013871,-37.74221013871,
    -117.4999999999));
#2305 = CARTESIAN_POINT('',(-15.2471808553,-14.64784754836,-105.5));
#2306 = CARTESIAN_POINT('',(-41.86031762404,-40.82763358091,-117.5));
#2307 = CARTESIAN_POINT('',(-14.01366174618,-15.79341528085,-105.5));
#2308 = CARTESIAN_POINT('',(-37.4247794441,-42.94254106493,
    -117.4999999999));
#2309 = CARTESIAN_POINT('',(-12.68485644783,-16.81931871669,-105.5));
#2310 = CARTESIAN_POINT('',(-32.71238898038,-44.,-117.5));
#2311 = CARTESIAN_POINT('',(-11.27438533605,-17.71689124237,-105.5));
#2312 = CARTESIAN_POINT('',(-28.,-44.,-117.5));
#2313 = ADVANCED_FACE('',(#2314),#2325,.F.);
#2314 = FACE_BOUND('',#2315,.F.);
#2315 = EDGE_LOOP('',(#2316,#2317,#2318,#2324));
#2316 = ORIENTED_EDGE('',*,*,#1669,.F.);
#2317 = ORIENTED_EDGE('',*,*,#2290,.T.);
#2318 = ORIENTED_EDGE('',*,*,#2319,.F.);
#2319 = EDGE_CURVE('',#1797,#2282,#2320,.T.);
#2320 = LINE('',#2321,#2322);
#2321 = CARTESIAN_POINT('',(-52.,20.,-117.5));
#2322 = VECTOR('',#2323,1.);
#2323 = DIRECTION('',(0.,-1.,0.));
#2324 = ORIENTED_EDGE('',*,*,#1796,.F.);
#2325 = B_SPLINE_SURFACE_WITH_KNOTS('',6,1,(
    (#2326,#2327)
    ,(#2328,#2329)
    ,(#2330,#2331)
    ,(#2332,#2333)
    ,(#2334,#2335)
    ,(#2336,#2337)
    ,(#2338,#2339
    )),.UNSPECIFIED.,.F.,.F.,.F.,(7,7),(2,2),(20.,40.),(0.,1.),
  .PIECEWISE_BEZIER_KNOTS.);
#2326 = CARTESIAN_POINT('',(-21.,2.6645352591E-15,-105.5));
#2327 = CARTESIAN_POINT('',(-52.,0.,-117.5));
#2328 = CARTESIAN_POINT('',(-21.,-1.285108418364,-105.5));
#2329 = CARTESIAN_POINT('',(-52.,-3.333333333333,-117.5));
#2330 = CARTESIAN_POINT('',(-20.90562836697,-2.570216813056,
    -105.4999999999));
#2331 = CARTESIAN_POINT('',(-52.,-6.666666666667,-117.5));
#2332 = CARTESIAN_POINT('',(-20.71688507474,-3.846662648633,-105.5));
#2333 = CARTESIAN_POINT('',(-52.,-10.,-117.5));
#2334 = CARTESIAN_POINT('',(-20.4348304464,-5.105782654097,
    -105.4999999999));
#2335 = CARTESIAN_POINT('',(-52.,-13.33333333333,-117.5));
#2336 = CARTESIAN_POINT('',(-20.0615847671,-6.339110369712,-105.5));
#2337 = CARTESIAN_POINT('',(-52.,-16.66666666666,-117.5));
#2338 = CARTESIAN_POINT('',(-19.60025773026,-7.538560665486,-105.5));
#2339 = CARTESIAN_POINT('',(-52.,-20.,-117.5));
#2340 = ADVANCED_FACE('',(#2341),#2367,.F.);
#2341 = FACE_BOUND('',#2342,.F.);
#2342 = EDGE_LOOP('',(#2343,#2351,#2359,#2365,#2366));
#2343 = ORIENTED_EDGE('',*,*,#2344,.F.);
#2344 = EDGE_CURVE('',#2345,#2282,#2347,.T.);
#2345 = VERTEX_POINT('',#2346);
#2346 = CARTESIAN_POINT('',(-52.,-20.,-123.5));
#2347 = LINE('',#2348,#2349);
#2348 = CARTESIAN_POINT('',(-52.,-20.,-123.5));
#2349 = VECTOR('',#2350,1.);
#2350 = DIRECTION('',(0.,0.,1.));
#2351 = ORIENTED_EDGE('',*,*,#2352,.T.);
#2352 = EDGE_CURVE('',#2345,#2353,#2355,.T.);
#2353 = VERTEX_POINT('',#2354);
#2354 = CARTESIAN_POINT('',(-52.,20.,-123.5));
#2355 = LINE('',#2356,#2357);
#2356 = CARTESIAN_POINT('',(-52.,-20.,-123.5));
#2357 = VECTOR('',#2358,1.);
#2358 = DIRECTION('',(-0.,1.,0.));
#2359 = ORIENTED_EDGE('',*,*,#2360,.T.);
#2360 = EDGE_CURVE('',#2353,#1804,#2361,.T.);
#2361 = LINE('',#2362,#2363);
#2362 = CARTESIAN_POINT('',(-52.,20.,-123.5));
#2363 = VECTOR('',#2364,1.);
#2364 = DIRECTION('',(0.,0.,1.));
#2365 = ORIENTED_EDGE('',*,*,#1803,.T.);
#2366 = ORIENTED_EDGE('',*,*,#2319,.T.);
#2367 = PLANE('',#2368);
#2368 = AXIS2_PLACEMENT_3D('',#2369,#2370,#2371);
#2369 = CARTESIAN_POINT('',(-52.,-20.,-123.5));
#2370 = DIRECTION('',(1.,0.,-0.));
#2371 = DIRECTION('',(0.,0.,1.));
#2372 = ADVANCED_FACE('',(#2373),#2392,.T.);
#2373 = FACE_BOUND('',#2374,.T.);
#2374 = EDGE_LOOP('',(#2375,#2376,#2384,#2391));
#2375 = ORIENTED_EDGE('',*,*,#1836,.F.);
#2376 = ORIENTED_EDGE('',*,*,#2377,.F.);
#2377 = EDGE_CURVE('',#2378,#1837,#2380,.T.);
#2378 = VERTEX_POINT('',#2379);
#2379 = CARTESIAN_POINT('',(-28.,44.,-123.5));
#2380 = LINE('',#2381,#2382);
#2381 = CARTESIAN_POINT('',(-28.,44.,-123.5));
#2382 = VECTOR('',#2383,1.);
#2383 = DIRECTION('',(0.,0.,1.));
#2384 = ORIENTED_EDGE('',*,*,#2385,.T.);
#2385 = EDGE_CURVE('',#2378,#2353,#2386,.T.);
#2386 = CIRCLE('',#2387,24.);
#2387 = AXIS2_PLACEMENT_3D('',#2388,#2389,#2390);
#2388 = CARTESIAN_POINT('',(-28.,20.,-123.5));
#2389 = DIRECTION('',(0.,0.,1.));
#2390 = DIRECTION('',(1.,0.,-0.));
#2391 = ORIENTED_EDGE('',*,*,#2360,.T.);
#2392 = CYLINDRICAL_SURFACE('',#2393,24.);
#2393 = AXIS2_PLACEMENT_3D('',#2394,#2395,#2396);
#2394 = CARTESIAN_POINT('',(-28.,20.,-123.5));
#2395 = DIRECTION('',(0.,0.,1.));
#2396 = DIRECTION('',(1.,0.,-0.));
#2397 = ADVANCED_FACE('',(#2398),#2419,.F.);
#2398 = FACE_BOUND('',#2399,.F.);
#2399 = EDGE_LOOP('',(#2400,#2401,#2409,#2416,#2417,#2418));
#2400 = ORIENTED_EDGE('',*,*,#2010,.F.);
#2401 = ORIENTED_EDGE('',*,*,#2402,.F.);
#2402 = EDGE_CURVE('',#2403,#1976,#2405,.T.);
#2403 = VERTEX_POINT('',#2404);
#2404 = CARTESIAN_POINT('',(2.5,34.,-123.5));
#2405 = LINE('',#2406,#2407);
#2406 = CARTESIAN_POINT('',(2.5,34.,-123.6));
#2407 = VECTOR('',#2408,1.);
#2408 = DIRECTION('',(0.,0.,1.));
#2409 = ORIENTED_EDGE('',*,*,#2410,.T.);
#2410 = EDGE_CURVE('',#2403,#2403,#2411,.T.);
#2411 = CIRCLE('',#2412,2.5);
#2412 = AXIS2_PLACEMENT_3D('',#2413,#2414,#2415);
#2413 = CARTESIAN_POINT('',(0.,34.,-123.5));
#2414 = DIRECTION('',(0.,0.,1.));
#2415 = DIRECTION('',(1.,0.,-0.));
#2416 = ORIENTED_EDGE('',*,*,#2402,.T.);
#2417 = ORIENTED_EDGE('',*,*,#1975,.F.);
#2418 = ORIENTED_EDGE('',*,*,#1889,.F.);
#2419 = CYLINDRICAL_SURFACE('',#2420,2.5);
#2420 = AXIS2_PLACEMENT_3D('',#2421,#2422,#2423);
#2421 = CARTESIAN_POINT('',(0.,34.,-123.6));
#2422 = DIRECTION('',(0.,0.,1.));
#2423 = DIRECTION('',(1.,0.,-0.));
#2424 = ADVANCED_FACE('',(#2425),#2444,.T.);
#2425 = FACE_BOUND('',#2426,.T.);
#2426 = EDGE_LOOP('',(#2427,#2435,#2436,#2437,#2438));
#2427 = ORIENTED_EDGE('',*,*,#2428,.F.);
#2428 = EDGE_CURVE('',#2378,#2429,#2431,.T.);
#2429 = VERTEX_POINT('',#2430);
#2430 = CARTESIAN_POINT('',(28.,44.,-123.5));
#2431 = LINE('',#2432,#2433);
#2432 = CARTESIAN_POINT('',(-28.,44.,-123.5));
#2433 = VECTOR('',#2434,1.);
#2434 = DIRECTION('',(1.,0.,-0.));
#2435 = ORIENTED_EDGE('',*,*,#2377,.T.);
#2436 = ORIENTED_EDGE('',*,*,#1874,.F.);
#2437 = ORIENTED_EDGE('',*,*,#2040,.F.);
#2438 = ORIENTED_EDGE('',*,*,#2439,.F.);
#2439 = EDGE_CURVE('',#2429,#2041,#2440,.T.);
#2440 = LINE('',#2441,#2442);
#2441 = CARTESIAN_POINT('',(28.,44.,-123.5));
#2442 = VECTOR('',#2443,1.);
#2443 = DIRECTION('',(0.,0.,1.));
#2444 = PLANE('',#2445);
#2445 = AXIS2_PLACEMENT_3D('',#2446,#2447,#2448);
#2446 = CARTESIAN_POINT('',(-28.,44.,-123.5));
#2447 = DIRECTION('',(-0.,1.,0.));
#2448 = DIRECTION('',(0.,0.,1.));
#2449 = ADVANCED_FACE('',(#2450),#2469,.T.);
#2450 = FACE_BOUND('',#2451,.T.);
#2451 = EDGE_LOOP('',(#2452,#2453,#2461,#2468));
#2452 = ORIENTED_EDGE('',*,*,#2073,.F.);
#2453 = ORIENTED_EDGE('',*,*,#2454,.F.);
#2454 = EDGE_CURVE('',#2455,#2074,#2457,.T.);
#2455 = VERTEX_POINT('',#2456);
#2456 = CARTESIAN_POINT('',(52.,20.,-123.5));
#2457 = LINE('',#2458,#2459);
#2458 = CARTESIAN_POINT('',(52.,20.,-123.5));
#2459 = VECTOR('',#2460,1.);
#2460 = DIRECTION('',(0.,0.,1.));
#2461 = ORIENTED_EDGE('',*,*,#2462,.T.);
#2462 = EDGE_CURVE('',#2455,#2429,#2463,.T.);
#2463 = CIRCLE('',#2464,24.);
#2464 = AXIS2_PLACEMENT_3D('',#2465,#2466,#2467);
#2465 = CARTESIAN_POINT('',(28.,20.,-123.5));
#2466 = DIRECTION('',(0.,0.,1.));
#2467 = DIRECTION('',(1.,0.,-0.));
#2468 = ORIENTED_EDGE('',*,*,#2439,.T.);
#2469 = CYLINDRICAL_SURFACE('',#2470,24.);
#2470 = AXIS2_PLACEMENT_3D('',#2471,#2472,#2473);
#2471 = CARTESIAN_POINT('',(28.,20.,-123.5));
#2472 = DIRECTION('',(0.,0.,1.));
#2473 = DIRECTION('',(1.,0.,-0.));
#2474 = ADVANCED_FACE('',(#2475),#2494,.T.);
#2475 = FACE_BOUND('',#2476,.T.);
#2476 = EDGE_LOOP('',(#2477,#2485,#2491,#2492,#2493));
#2477 = ORIENTED_EDGE('',*,*,#2478,.F.);
#2478 = EDGE_CURVE('',#2479,#2145,#2481,.T.);
#2479 = VERTEX_POINT('',#2480);
#2480 = CARTESIAN_POINT('',(52.,-20.,-123.5));
#2481 = LINE('',#2482,#2483);
#2482 = CARTESIAN_POINT('',(52.,-20.,-123.5));
#2483 = VECTOR('',#2484,1.);
#2484 = DIRECTION('',(0.,0.,1.));
#2485 = ORIENTED_EDGE('',*,*,#2486,.T.);
#2486 = EDGE_CURVE('',#2479,#2455,#2487,.T.);
#2487 = LINE('',#2488,#2489);
#2488 = CARTESIAN_POINT('',(52.,-20.,-123.5));
#2489 = VECTOR('',#2490,1.);
#2490 = DIRECTION('',(-0.,1.,0.));
#2491 = ORIENTED_EDGE('',*,*,#2454,.T.);
#2492 = ORIENTED_EDGE('',*,*,#2111,.F.);
#2493 = ORIENTED_EDGE('',*,*,#2144,.F.);
#2494 = PLANE('',#2495);
#2495 = AXIS2_PLACEMENT_3D('',#2496,#2497,#2498);
#2496 = CARTESIAN_POINT('',(52.,-20.,-123.5));
#2497 = DIRECTION('',(1.,0.,-0.));
#2498 = DIRECTION('',(0.,0.,1.));
#2499 = ADVANCED_FACE('',(#2500),#2519,.T.);
#2500 = FACE_BOUND('',#2501,.T.);
#2501 = EDGE_LOOP('',(#2502,#2503,#2511,#2518));
#2502 = ORIENTED_EDGE('',*,*,#2177,.F.);
#2503 = ORIENTED_EDGE('',*,*,#2504,.F.);
#2504 = EDGE_CURVE('',#2505,#2178,#2507,.T.);
#2505 = VERTEX_POINT('',#2506);
#2506 = CARTESIAN_POINT('',(28.,-44.,-123.5));
#2507 = LINE('',#2508,#2509);
#2508 = CARTESIAN_POINT('',(28.,-44.,-123.5));
#2509 = VECTOR('',#2510,1.);
#2510 = DIRECTION('',(0.,0.,1.));
#2511 = ORIENTED_EDGE('',*,*,#2512,.T.);
#2512 = EDGE_CURVE('',#2505,#2479,#2513,.T.);
#2513 = CIRCLE('',#2514,24.);
#2514 = AXIS2_PLACEMENT_3D('',#2515,#2516,#2517);
#2515 = CARTESIAN_POINT('',(28.,-20.,-123.5));
#2516 = DIRECTION('',(0.,0.,1.));
#2517 = DIRECTION('',(1.,0.,-0.));
#2518 = ORIENTED_EDGE('',*,*,#2478,.T.);
#2519 = CYLINDRICAL_SURFACE('',#2520,24.);
#2520 = AXIS2_PLACEMENT_3D('',#2521,#2522,#2523);
#2521 = CARTESIAN_POINT('',(28.,-20.,-123.5));
#2522 = DIRECTION('',(0.,0.,1.));
#2523 = DIRECTION('',(1.,0.,-0.));
#2524 = ADVANCED_FACE('',(#2525),#2544,.F.);
#2525 = FACE_BOUND('',#2526,.F.);
#2526 = EDGE_LOOP('',(#2527,#2535,#2541,#2542,#2543));
#2527 = ORIENTED_EDGE('',*,*,#2528,.F.);
#2528 = EDGE_CURVE('',#2529,#2505,#2531,.T.);
#2529 = VERTEX_POINT('',#2530);
#2530 = CARTESIAN_POINT('',(-28.,-44.,-123.5));
#2531 = LINE('',#2532,#2533);
#2532 = CARTESIAN_POINT('',(-28.,-44.,-123.5));
#2533 = VECTOR('',#2534,1.);
#2534 = DIRECTION('',(1.,0.,-0.));
#2535 = ORIENTED_EDGE('',*,*,#2536,.T.);
#2536 = EDGE_CURVE('',#2529,#2249,#2537,.T.);
#2537 = LINE('',#2538,#2539);
#2538 = CARTESIAN_POINT('',(-28.,-44.,-123.5));
#2539 = VECTOR('',#2540,1.);
#2540 = DIRECTION('',(0.,0.,1.));
#2541 = ORIENTED_EDGE('',*,*,#2248,.T.);
#2542 = ORIENTED_EDGE('',*,*,#2215,.T.);
#2543 = ORIENTED_EDGE('',*,*,#2504,.F.);
#2544 = PLANE('',#2545);
#2545 = AXIS2_PLACEMENT_3D('',#2546,#2547,#2548);
#2546 = CARTESIAN_POINT('',(-28.,-44.,-123.5));
#2547 = DIRECTION('',(-0.,1.,0.));
#2548 = DIRECTION('',(0.,0.,1.));
#2549 = ADVANCED_FACE('',(#2550),#2562,.T.);
#2550 = FACE_BOUND('',#2551,.T.);
#2551 = EDGE_LOOP('',(#2552,#2553,#2554,#2561));
#2552 = ORIENTED_EDGE('',*,*,#2281,.F.);
#2553 = ORIENTED_EDGE('',*,*,#2344,.F.);
#2554 = ORIENTED_EDGE('',*,*,#2555,.T.);
#2555 = EDGE_CURVE('',#2345,#2529,#2556,.T.);
#2556 = CIRCLE('',#2557,24.);
#2557 = AXIS2_PLACEMENT_3D('',#2558,#2559,#2560);
#2558 = CARTESIAN_POINT('',(-28.,-20.,-123.5));
#2559 = DIRECTION('',(0.,0.,1.));
#2560 = DIRECTION('',(1.,0.,-0.));
#2561 = ORIENTED_EDGE('',*,*,#2536,.T.);
#2562 = CYLINDRICAL_SURFACE('',#2563,24.);
#2563 = AXIS2_PLACEMENT_3D('',#2564,#2565,#2566);
#2564 = CARTESIAN_POINT('',(-28.,-20.,-123.5));
#2565 = DIRECTION('',(0.,0.,1.));
#2566 = DIRECTION('',(1.,0.,-0.));
#2567 = ADVANCED_FACE('',(#2568,#2578),#2581,.T.);
#2568 = FACE_BOUND('',#2569,.T.);
#2569 = EDGE_LOOP('',(#2570,#2571,#2572,#2573,#2574,#2575,#2576,#2577));
#2570 = ORIENTED_EDGE('',*,*,#2555,.F.);
#2571 = ORIENTED_EDGE('',*,*,#2352,.T.);
#2572 = ORIENTED_EDGE('',*,*,#2385,.F.);
#2573 = ORIENTED_EDGE('',*,*,#2428,.T.);
#2574 = ORIENTED_EDGE('',*,*,#2462,.F.);
#2575 = ORIENTED_EDGE('',*,*,#2486,.F.);
#2576 = ORIENTED_EDGE('',*,*,#2512,.F.);
#2577 = ORIENTED_EDGE('',*,*,#2528,.F.);
#2578 = FACE_BOUND('',#2579,.T.);
#2579 = EDGE_LOOP('',(#2580));
#2580 = ORIENTED_EDGE('',*,*,#2410,.T.);
#2581 = PLANE('',#2582);
#2582 = AXIS2_PLACEMENT_3D('',#2583,#2584,#2585);
#2583 = CARTESIAN_POINT('',(-3.333145138705E-16,0.,-123.5));
#2584 = DIRECTION('',(-0.,-0.,-1.));
#2585 = DIRECTION('',(-1.,0.,0.));
#2586 = ( GEOMETRIC_REPRESENTATION_CONTEXT(3) 
GLOBAL_UNCERTAINTY_ASSIGNED_CONTEXT((#2590)) 
GLOBAL_UNIT_ASSIGNED_CONTEXT((#2587,#2588,#2589)) REPRESENTATION_CONTEXT
('Context #1','3D Context with UNIT and UNCERTAINTY') );
#2587 = ( LENGTH_UNIT() NAMED_UNIT(*) SI_UNIT(.MILLI.,.METRE.) );
#2588 = ( NAMED_UNIT(*) PLANE_ANGLE_UNIT() SI_UNIT($,.RADIAN.) );
#2589 = ( NAMED_UNIT(*) SI_UNIT($,.STERADIAN.) SOLID_ANGLE_UNIT() );
#2590 = UNCERTAINTY_MEASURE_WITH_UNIT(LENGTH_MEASURE(2.E-07),#2587,
  'distance_accuracy_value','confusion accuracy');
#2591 = PRODUCT_RELATED_PRODUCT_CATEGORY('part',$,(#7));
ENDSEC;
END-ISO-10303-21;
